-- MySQL dump 10.13  Distrib 8.0.32, for Win64 (x86_64)
--
-- Host: 127.0.0.1    Database: sports_betting_real_time
-- ------------------------------------------------------
-- Server version	8.0.32

/*!40101 SET @OLD_CHARACTER_SET_CLIENT=@@CHARACTER_SET_CLIENT */;
/*!40101 SET @OLD_CHARACTER_SET_RESULTS=@@CHARACTER_SET_RESULTS */;
/*!40101 SET @OLD_COLLATION_CONNECTION=@@COLLATION_CONNECTION */;
/*!50503 SET NAMES utf8 */;
/*!40103 SET @OLD_TIME_ZONE=@@TIME_ZONE */;
/*!40103 SET TIME_ZONE='+00:00' */;
/*!40014 SET @OLD_UNIQUE_CHECKS=@@UNIQUE_CHECKS, UNIQUE_CHECKS=0 */;
/*!40014 SET @OLD_FOREIGN_KEY_CHECKS=@@FOREIGN_KEY_CHECKS, FOREIGN_KEY_CHECKS=0 */;
/*!40101 SET @OLD_SQL_MODE=@@SQL_MODE, SQL_MODE='NO_AUTO_VALUE_ON_ZERO' */;
/*!40111 SET @OLD_SQL_NOTES=@@SQL_NOTES, SQL_NOTES=0 */;

--
-- Table structure for table `bets`
--

DROP TABLE IF EXISTS `bets`;
/*!40101 SET @saved_cs_client     = @@character_set_client */;
/*!50503 SET character_set_client = utf8mb4 */;
CREATE TABLE `bets` (
  `bet_id` int NOT NULL AUTO_INCREMENT,
  `user_id` int DEFAULT NULL,
  `event_id` int DEFAULT NULL,
  `amount` decimal(10,2) NOT NULL,
  `outcome` enum('win','lose') NOT NULL,
  PRIMARY KEY (`bet_id`),
  KEY `user_id` (`user_id`),
  KEY `event_id` (`event_id`),
  CONSTRAINT `bets_ibfk_1` FOREIGN KEY (`user_id`) REFERENCES `users` (`user_id`),
  CONSTRAINT `bets_ibfk_2` FOREIGN KEY (`event_id`) REFERENCES `events` (`event_id`)
) ENGINE=InnoDB AUTO_INCREMENT=1001 DEFAULT CHARSET=utf8mb4 COLLATE=utf8mb4_0900_ai_ci;
/*!40101 SET character_set_client = @saved_cs_client */;

--
-- Dumping data for table `bets`
--

LOCK TABLES `bets` WRITE;
/*!40000 ALTER TABLE `bets` DISABLE KEYS */;
INSERT INTO `bets` VALUES (1,222,396,314.11,'lose'),(2,975,724,691.72,'lose'),(3,371,986,816.61,'lose'),(4,180,522,67.86,'win'),(5,671,29,129.02,'win'),(6,417,402,756.43,'win'),(7,622,374,3.94,'win'),(8,480,704,80.60,'lose'),(9,214,194,326.93,'lose'),(10,293,298,608.64,'lose'),(11,935,218,281.31,'win'),(12,933,398,190.40,'win'),(13,223,838,519.86,'lose'),(14,873,102,890.37,'lose'),(15,69,899,288.88,'win'),(16,872,117,966.80,'lose'),(17,522,156,213.74,'win'),(18,365,20,3.38,'win'),(19,783,40,846.19,'lose'),(20,31,813,968.08,'lose'),(21,118,373,511.18,'lose'),(22,659,980,920.04,'win'),(23,550,764,169.36,'win'),(24,268,675,567.19,'win'),(25,365,385,827.79,'win'),(26,445,265,991.28,'lose'),(27,836,693,957.04,'win'),(28,663,192,969.96,'lose'),(29,469,517,177.97,'lose'),(30,163,793,476.56,'lose'),(31,597,967,43.66,'lose'),(32,462,352,373.05,'win'),(33,936,246,420.00,'lose'),(34,560,704,842.14,'lose'),(35,970,549,834.99,'win'),(36,143,123,187.32,'win'),(37,280,691,616.43,'lose'),(38,201,973,261.92,'lose'),(39,172,685,908.54,'lose'),(40,716,112,412.34,'win'),(41,398,807,842.31,'win'),(42,426,758,511.43,'lose'),(43,885,570,194.98,'lose'),(44,748,940,453.40,'lose'),(45,885,76,723.91,'lose'),(46,795,792,574.64,'lose'),(47,771,356,466.67,'lose'),(48,933,864,521.16,'lose'),(49,508,497,958.02,'lose'),(50,632,257,385.57,'lose'),(51,639,714,652.80,'lose'),(52,661,933,678.95,'win'),(53,954,973,3.56,'lose'),(54,488,138,226.41,'win'),(55,917,424,370.58,'win'),(56,796,232,770.52,'lose'),(57,485,945,270.07,'win'),(58,772,308,221.98,'lose'),(59,277,819,262.06,'win'),(60,488,874,905.12,'win'),(61,810,332,230.36,'lose'),(62,94,996,698.90,'win'),(63,440,677,62.07,'lose'),(64,224,271,681.03,'win'),(65,932,873,566.69,'lose'),(66,385,274,212.25,'lose'),(67,569,122,899.99,'lose'),(68,980,489,505.77,'lose'),(69,797,794,579.96,'win'),(70,852,703,959.89,'win'),(71,574,798,265.86,'win'),(72,886,620,439.11,'lose'),(73,371,838,79.59,'win'),(74,182,255,730.59,'win'),(75,249,578,144.55,'win'),(76,511,588,404.16,'lose'),(77,82,633,916.68,'win'),(78,681,346,684.64,'lose'),(79,882,245,580.87,'lose'),(80,106,20,782.46,'win'),(81,915,16,334.73,'win'),(82,129,764,433.34,'win'),(83,75,750,523.43,'lose'),(84,271,250,435.28,'lose'),(85,833,881,903.55,'win'),(86,674,736,659.50,'lose'),(87,472,87,20.33,'win'),(88,145,198,555.24,'lose'),(89,253,712,801.62,'win'),(90,958,172,981.96,'lose'),(91,38,1000,881.88,'lose'),(92,415,838,944.37,'lose'),(93,210,424,487.34,'lose'),(94,372,356,663.13,'lose'),(95,261,553,979.72,'lose'),(96,272,629,331.50,'win'),(97,860,986,348.33,'win'),(98,883,55,626.86,'win'),(99,971,942,798.30,'lose'),(100,433,668,39.95,'lose'),(101,864,727,42.01,'lose'),(102,29,52,172.92,'win'),(103,25,997,907.98,'win'),(104,32,505,429.79,'win'),(105,881,503,870.51,'win'),(106,611,521,771.80,'lose'),(107,167,944,216.80,'lose'),(108,621,342,846.34,'lose'),(109,493,843,733.61,'lose'),(110,510,121,74.89,'lose'),(111,839,157,266.00,'win'),(112,504,937,171.33,'lose'),(113,725,479,220.80,'win'),(114,676,377,856.28,'lose'),(115,186,475,818.05,'win'),(116,874,371,232.78,'lose'),(117,562,654,580.45,'win'),(118,972,31,237.87,'lose'),(119,775,580,574.05,'lose'),(120,937,289,632.14,'lose'),(121,580,13,324.82,'win'),(122,955,15,211.27,'lose'),(123,424,86,154.26,'win'),(124,116,29,799.13,'win'),(125,148,10,607.28,'lose'),(126,213,42,568.52,'win'),(127,891,297,811.59,'lose'),(128,402,507,326.54,'lose'),(129,590,607,263.90,'lose'),(130,708,39,68.85,'lose'),(131,940,12,237.89,'lose'),(132,62,841,18.83,'win'),(133,809,323,189.75,'win'),(134,330,710,559.59,'win'),(135,664,313,570.95,'win'),(136,877,628,509.30,'win'),(137,791,964,444.26,'lose'),(138,323,619,127.07,'win'),(139,513,228,598.75,'lose'),(140,762,873,77.90,'win'),(141,628,821,220.62,'win'),(142,545,800,361.51,'lose'),(143,968,607,129.59,'win'),(144,755,286,166.50,'win'),(145,375,948,614.03,'lose'),(146,298,804,126.51,'lose'),(147,726,967,654.79,'lose'),(148,908,414,344.67,'lose'),(149,384,467,184.05,'win'),(150,46,670,211.47,'lose'),(151,607,890,624.81,'lose'),(152,411,683,180.72,'win'),(153,737,118,376.18,'win'),(154,515,988,391.40,'win'),(155,806,40,779.48,'win'),(156,562,469,658.41,'win'),(157,454,612,695.30,'win'),(158,128,708,155.63,'win'),(159,814,101,62.29,'lose'),(160,859,268,759.31,'win'),(161,697,498,398.97,'win'),(162,313,57,343.22,'win'),(163,711,908,406.02,'lose'),(164,323,687,466.13,'lose'),(165,958,974,995.33,'lose'),(166,295,305,639.82,'lose'),(167,505,671,835.81,'lose'),(168,336,174,858.90,'win'),(169,297,159,902.98,'lose'),(170,489,324,150.28,'win'),(171,461,958,405.09,'lose'),(172,549,284,772.48,'lose'),(173,743,675,147.40,'win'),(174,122,471,987.04,'win'),(175,658,718,615.97,'win'),(176,783,136,327.13,'lose'),(177,172,166,312.37,'lose'),(178,393,765,646.44,'win'),(179,750,936,427.88,'lose'),(180,382,910,402.52,'lose'),(181,213,209,405.76,'lose'),(182,802,795,569.93,'lose'),(183,619,696,620.09,'lose'),(184,217,35,525.56,'win'),(185,41,633,41.00,'lose'),(186,414,147,491.52,'lose'),(187,616,24,269.47,'lose'),(188,582,72,616.16,'win'),(189,477,790,515.70,'lose'),(190,507,900,976.79,'lose'),(191,4,456,267.04,'win'),(192,47,323,475.93,'lose'),(193,627,899,612.12,'lose'),(194,996,879,406.88,'lose'),(195,771,659,978.66,'win'),(196,660,541,723.72,'win'),(197,815,82,963.85,'win'),(198,982,185,978.55,'lose'),(199,757,769,570.23,'win'),(200,25,480,327.12,'lose'),(201,998,402,13.66,'win'),(202,280,806,188.12,'win'),(203,59,720,420.23,'win'),(204,457,455,899.58,'lose'),(205,980,492,517.95,'lose'),(206,24,773,791.23,'win'),(207,819,180,438.69,'win'),(208,965,856,380.99,'lose'),(209,557,763,144.54,'lose'),(210,738,387,717.47,'lose'),(211,992,672,382.78,'win'),(212,349,45,177.63,'win'),(213,238,928,922.65,'win'),(214,389,450,81.24,'lose'),(215,46,54,131.97,'lose'),(216,99,997,686.19,'lose'),(217,150,425,671.96,'lose'),(218,419,832,900.75,'lose'),(219,350,716,529.63,'win'),(220,920,92,700.52,'lose'),(221,36,498,378.46,'lose'),(222,868,135,69.14,'win'),(223,510,718,59.47,'lose'),(224,544,287,798.43,'lose'),(225,276,974,43.46,'lose'),(226,349,856,233.56,'win'),(227,300,699,591.11,'win'),(228,535,88,833.98,'win'),(229,36,457,174.54,'win'),(230,995,460,315.55,'lose'),(231,50,649,94.66,'win'),(232,356,196,910.58,'win'),(233,98,591,659.88,'win'),(234,659,712,581.36,'win'),(235,116,261,956.92,'lose'),(236,145,714,133.79,'win'),(237,242,621,380.32,'lose'),(238,55,156,612.90,'win'),(239,155,977,418.84,'lose'),(240,568,345,18.50,'lose'),(241,242,29,417.61,'lose'),(242,764,807,743.24,'lose'),(243,253,373,104.38,'lose'),(244,713,348,599.66,'win'),(245,981,34,227.81,'lose'),(246,507,418,568.01,'win'),(247,237,417,376.16,'win'),(248,22,216,13.90,'lose'),(249,75,105,297.06,'lose'),(250,971,336,765.90,'win'),(251,818,619,640.99,'lose'),(252,821,57,821.46,'win'),(253,223,302,839.56,'lose'),(254,947,855,432.14,'win'),(255,690,658,218.76,'lose'),(256,948,375,30.33,'lose'),(257,51,167,682.78,'win'),(258,521,860,738.04,'lose'),(259,342,374,842.18,'lose'),(260,930,376,88.17,'lose'),(261,307,589,24.68,'lose'),(262,713,493,321.94,'lose'),(263,702,106,425.46,'win'),(264,773,435,855.26,'win'),(265,295,555,891.74,'win'),(266,296,96,590.55,'win'),(267,561,802,326.38,'lose'),(268,161,119,113.02,'lose'),(269,703,888,329.05,'win'),(270,931,700,708.71,'lose'),(271,96,144,433.22,'win'),(272,374,663,190.88,'win'),(273,269,438,380.94,'win'),(274,823,335,202.04,'lose'),(275,435,150,443.02,'win'),(276,505,221,590.33,'lose'),(277,680,528,599.42,'lose'),(278,273,121,784.64,'win'),(279,455,589,578.55,'lose'),(280,900,118,887.14,'lose'),(281,759,541,427.67,'win'),(282,299,946,831.92,'lose'),(283,116,611,705.88,'win'),(284,373,770,731.07,'lose'),(285,535,638,580.75,'win'),(286,222,130,981.78,'win'),(287,661,739,709.38,'lose'),(288,536,681,793.54,'win'),(289,257,499,725.87,'lose'),(290,486,31,695.67,'lose'),(291,847,72,820.36,'win'),(292,970,189,35.37,'win'),(293,948,905,681.40,'win'),(294,421,24,855.05,'lose'),(295,463,696,88.88,'lose'),(296,528,562,225.25,'lose'),(297,531,331,61.69,'lose'),(298,394,19,914.56,'win'),(299,839,643,696.80,'win'),(300,695,802,923.49,'lose'),(301,297,841,315.87,'lose'),(302,337,511,541.96,'lose'),(303,273,825,305.27,'lose'),(304,346,569,808.14,'lose'),(305,250,243,466.26,'win'),(306,614,262,466.19,'win'),(307,334,28,135.70,'win'),(308,580,105,785.30,'win'),(309,707,698,364.98,'win'),(310,572,659,579.55,'win'),(311,866,564,221.20,'lose'),(312,417,837,929.68,'lose'),(313,913,140,961.08,'lose'),(314,53,101,347.48,'lose'),(315,130,346,338.25,'win'),(316,259,330,872.61,'lose'),(317,251,133,908.60,'lose'),(318,8,598,967.05,'lose'),(319,306,404,101.31,'lose'),(320,176,989,417.63,'lose'),(321,358,423,39.62,'win'),(322,533,872,761.81,'lose'),(323,682,828,90.94,'win'),(324,596,55,487.50,'lose'),(325,908,714,846.19,'lose'),(326,915,300,754.59,'win'),(327,110,923,284.61,'win'),(328,425,155,500.64,'lose'),(329,694,350,666.85,'lose'),(330,431,294,178.10,'lose'),(331,510,521,72.49,'win'),(332,795,565,437.54,'lose'),(333,166,341,204.15,'lose'),(334,391,951,583.22,'lose'),(335,567,642,508.66,'win'),(336,569,988,231.01,'lose'),(337,270,769,33.23,'win'),(338,210,464,688.00,'lose'),(339,184,769,293.50,'lose'),(340,926,145,943.76,'lose'),(341,602,148,934.73,'lose'),(342,347,42,167.54,'win'),(343,67,191,751.68,'lose'),(344,686,863,255.04,'win'),(345,679,326,592.74,'win'),(346,158,825,652.68,'win'),(347,986,563,855.84,'win'),(348,389,171,687.18,'win'),(349,556,10,379.10,'win'),(350,199,394,368.34,'win'),(351,208,52,635.56,'lose'),(352,205,955,160.99,'win'),(353,221,280,738.44,'win'),(354,47,677,243.52,'lose'),(355,206,467,715.25,'lose'),(356,740,165,605.68,'win'),(357,856,677,812.45,'lose'),(358,733,563,611.63,'lose'),(359,26,12,981.77,'win'),(360,424,495,203.63,'win'),(361,61,702,323.44,'win'),(362,598,448,446.48,'win'),(363,104,851,942.90,'lose'),(364,987,442,250.58,'win'),(365,886,647,575.35,'win'),(366,960,986,48.22,'lose'),(367,283,557,935.98,'lose'),(368,240,172,135.49,'lose'),(369,415,581,657.49,'win'),(370,762,166,545.33,'lose'),(371,511,865,790.14,'lose'),(372,419,21,845.56,'lose'),(373,297,984,27.33,'lose'),(374,849,687,883.48,'lose'),(375,146,652,819.01,'lose'),(376,249,821,357.39,'lose'),(377,551,780,244.08,'win'),(378,683,764,772.01,'win'),(379,526,921,29.17,'lose'),(380,829,992,472.63,'lose'),(381,527,466,748.70,'lose'),(382,488,397,520.05,'lose'),(383,496,245,734.36,'win'),(384,494,649,760.79,'win'),(385,17,504,467.72,'win'),(386,738,204,803.10,'lose'),(387,622,889,579.16,'lose'),(388,412,367,599.65,'win'),(389,693,770,767.05,'win'),(390,339,109,527.87,'lose'),(391,984,976,926.96,'win'),(392,765,698,191.40,'win'),(393,753,165,566.27,'lose'),(394,991,940,727.63,'win'),(395,909,87,708.13,'lose'),(396,281,559,951.90,'lose'),(397,564,567,142.01,'lose'),(398,626,97,604.26,'win'),(399,853,64,759.05,'win'),(400,750,932,410.56,'lose'),(401,55,501,338.91,'lose'),(402,950,168,990.62,'lose'),(403,277,32,331.38,'win'),(404,811,371,421.86,'win'),(405,719,603,854.89,'lose'),(406,777,478,57.60,'win'),(407,107,966,509.03,'win'),(408,712,614,931.85,'win'),(409,305,62,393.56,'win'),(410,740,347,512.66,'win'),(411,84,843,963.14,'lose'),(412,553,898,831.74,'lose'),(413,830,753,272.23,'lose'),(414,709,226,2.59,'lose'),(415,677,374,837.19,'lose'),(416,815,879,947.77,'lose'),(417,674,59,271.32,'lose'),(418,92,914,292.87,'win'),(419,743,542,477.38,'win'),(420,386,636,20.13,'lose'),(421,917,998,238.19,'lose'),(422,275,779,68.80,'lose'),(423,839,164,305.01,'lose'),(424,253,161,44.78,'win'),(425,582,680,653.99,'lose'),(426,189,252,691.49,'win'),(427,444,109,208.81,'win'),(428,974,707,610.68,'win'),(429,845,417,549.05,'lose'),(430,832,672,860.81,'lose'),(431,871,479,782.94,'lose'),(432,46,793,822.98,'win'),(433,225,908,863.33,'win'),(434,381,121,462.58,'win'),(435,364,966,735.71,'win'),(436,711,203,879.28,'win'),(437,312,187,999.76,'lose'),(438,195,656,696.64,'win'),(439,487,886,967.08,'lose'),(440,1000,456,281.42,'lose'),(441,355,652,194.55,'lose'),(442,510,493,934.45,'lose'),(443,167,252,757.23,'lose'),(444,888,341,41.13,'lose'),(445,798,433,773.25,'win'),(446,519,890,892.25,'win'),(447,287,54,408.94,'win'),(448,194,315,993.80,'lose'),(449,142,635,749.21,'win'),(450,960,272,481.36,'win'),(451,514,792,418.89,'win'),(452,340,542,689.53,'win'),(453,42,741,577.26,'win'),(454,598,988,148.59,'win'),(455,450,912,208.20,'lose'),(456,908,621,377.73,'lose'),(457,6,943,696.59,'win'),(458,190,981,333.66,'win'),(459,633,984,20.89,'lose'),(460,702,49,139.73,'win'),(461,342,52,233.82,'lose'),(462,368,798,883.59,'lose'),(463,479,314,131.08,'win'),(464,188,791,389.29,'win'),(465,706,806,909.81,'lose'),(466,933,266,531.31,'win'),(467,702,931,546.16,'win'),(468,64,498,295.69,'win'),(469,45,264,184.47,'lose'),(470,105,127,320.45,'lose'),(471,151,85,972.18,'win'),(472,119,772,500.64,'lose'),(473,447,663,973.32,'win'),(474,477,746,295.77,'lose'),(475,331,921,611.49,'lose'),(476,647,345,783.54,'win'),(477,68,685,223.44,'lose'),(478,642,20,173.69,'win'),(479,529,213,478.13,'win'),(480,328,383,928.16,'lose'),(481,684,937,631.05,'lose'),(482,840,158,270.62,'win'),(483,587,294,707.13,'win'),(484,158,820,624.77,'win'),(485,455,277,17.71,'lose'),(486,244,441,469.90,'lose'),(487,736,590,740.02,'win'),(488,444,420,764.78,'win'),(489,541,1000,378.21,'win'),(490,326,952,778.92,'lose'),(491,871,230,535.33,'win'),(492,334,706,525.00,'win'),(493,971,326,714.78,'win'),(494,847,437,642.72,'win'),(495,597,270,555.48,'win'),(496,183,4,471.03,'lose'),(497,306,498,570.48,'lose'),(498,88,357,520.92,'win'),(499,114,962,465.68,'lose'),(500,828,804,534.54,'lose'),(501,708,750,626.20,'win'),(502,533,18,490.30,'lose'),(503,520,402,450.49,'lose'),(504,888,293,802.90,'lose'),(505,271,944,904.90,'win'),(506,763,728,347.29,'win'),(507,735,6,824.43,'lose'),(508,57,964,647.36,'lose'),(509,795,930,266.72,'win'),(510,919,962,49.90,'lose'),(511,683,312,509.49,'win'),(512,543,869,714.78,'win'),(513,702,602,900.54,'win'),(514,795,875,988.14,'lose'),(515,626,173,987.49,'lose'),(516,135,415,668.48,'lose'),(517,491,155,302.95,'lose'),(518,342,558,764.39,'lose'),(519,449,799,647.88,'win'),(520,271,824,306.14,'lose'),(521,384,736,528.97,'lose'),(522,600,688,638.36,'lose'),(523,730,260,111.83,'win'),(524,561,467,651.22,'win'),(525,325,57,309.79,'lose'),(526,964,680,509.36,'win'),(527,11,530,617.49,'lose'),(528,637,690,539.57,'win'),(529,522,725,55.41,'lose'),(530,358,476,301.78,'lose'),(531,513,313,23.04,'lose'),(532,825,587,458.65,'win'),(533,294,867,449.89,'win'),(534,906,576,162.07,'lose'),(535,927,386,147.74,'win'),(536,468,590,546.69,'win'),(537,183,20,548.50,'win'),(538,779,838,851.86,'win'),(539,181,660,758.18,'win'),(540,784,482,56.98,'win'),(541,34,647,131.14,'win'),(542,187,786,366.75,'lose'),(543,289,8,172.56,'win'),(544,686,908,480.20,'win'),(545,951,717,730.80,'win'),(546,334,154,767.10,'lose'),(547,570,727,921.54,'lose'),(548,382,620,953.88,'win'),(549,691,722,536.39,'win'),(550,976,329,716.20,'win'),(551,824,337,209.00,'lose'),(552,556,669,674.68,'lose'),(553,819,989,485.72,'lose'),(554,860,907,953.53,'lose'),(555,385,775,717.71,'lose'),(556,179,96,938.76,'lose'),(557,227,909,859.78,'win'),(558,295,750,864.53,'lose'),(559,773,642,891.61,'win'),(560,991,354,794.67,'win'),(561,185,181,351.14,'lose'),(562,13,422,72.11,'lose'),(563,260,14,290.14,'lose'),(564,174,640,677.49,'lose'),(565,315,165,878.66,'win'),(566,864,619,503.24,'win'),(567,788,961,439.41,'lose'),(568,259,347,956.44,'win'),(569,846,1,465.22,'lose'),(570,226,155,97.49,'lose'),(571,823,45,755.61,'win'),(572,952,827,277.02,'win'),(573,701,783,812.76,'win'),(574,140,552,339.09,'lose'),(575,186,807,473.61,'win'),(576,329,794,982.47,'win'),(577,709,951,625.24,'lose'),(578,501,676,877.00,'lose'),(579,161,730,165.30,'win'),(580,692,548,659.83,'win'),(581,309,572,932.37,'win'),(582,935,832,355.91,'lose'),(583,356,925,554.36,'win'),(584,332,663,317.90,'win'),(585,53,460,137.57,'lose'),(586,141,772,436.37,'win'),(587,25,522,533.20,'lose'),(588,913,256,541.24,'win'),(589,70,534,457.29,'win'),(590,60,238,8.19,'lose'),(591,624,128,768.39,'lose'),(592,991,573,894.55,'win'),(593,87,170,589.82,'lose'),(594,430,828,849.81,'win'),(595,283,112,710.79,'lose'),(596,967,174,965.80,'lose'),(597,652,330,693.93,'lose'),(598,318,149,788.08,'lose'),(599,116,91,103.63,'lose'),(600,929,900,711.57,'win'),(601,162,232,673.30,'win'),(602,335,662,303.46,'win'),(603,752,162,550.89,'lose'),(604,702,697,375.67,'win'),(605,822,740,233.10,'win'),(606,33,325,524.36,'win'),(607,669,396,974.58,'win'),(608,505,464,806.04,'win'),(609,779,974,531.62,'win'),(610,97,270,57.72,'lose'),(611,225,682,736.82,'win'),(612,984,1,52.74,'lose'),(613,152,973,408.57,'lose'),(614,398,613,868.99,'win'),(615,937,156,969.64,'lose'),(616,997,838,199.29,'lose'),(617,822,656,814.14,'lose'),(618,76,67,107.54,'lose'),(619,364,807,940.52,'lose'),(620,598,136,886.69,'lose'),(621,471,273,951.31,'win'),(622,845,403,479.04,'lose'),(623,504,953,254.04,'lose'),(624,296,244,332.43,'win'),(625,655,482,445.41,'win'),(626,572,513,848.68,'win'),(627,982,794,19.16,'win'),(628,527,482,830.35,'win'),(629,39,75,259.20,'lose'),(630,578,677,646.97,'lose'),(631,92,839,916.16,'lose'),(632,584,718,838.07,'lose'),(633,674,254,247.75,'lose'),(634,649,809,94.99,'lose'),(635,967,683,512.68,'win'),(636,41,656,154.95,'win'),(637,580,473,622.41,'win'),(638,608,952,934.71,'win'),(639,295,15,189.28,'win'),(640,943,8,211.12,'lose'),(641,526,533,84.33,'win'),(642,873,889,825.10,'lose'),(643,822,729,177.74,'win'),(644,986,818,131.24,'lose'),(645,622,497,620.22,'win'),(646,195,138,105.51,'lose'),(647,259,946,953.18,'win'),(648,789,152,393.51,'win'),(649,385,384,765.33,'win'),(650,81,375,632.68,'lose'),(651,301,385,19.26,'win'),(652,660,468,359.28,'lose'),(653,890,269,672.78,'win'),(654,775,197,661.22,'win'),(655,593,816,302.65,'lose'),(656,420,902,250.42,'win'),(657,981,265,379.98,'lose'),(658,394,646,48.64,'lose'),(659,387,13,903.97,'lose'),(660,698,43,120.65,'lose'),(661,14,641,162.78,'win'),(662,976,198,61.66,'win'),(663,396,831,963.16,'lose'),(664,739,718,368.82,'win'),(665,359,714,490.63,'lose'),(666,97,540,410.81,'lose'),(667,941,398,165.61,'win'),(668,686,518,529.93,'lose'),(669,902,211,350.48,'lose'),(670,550,388,290.23,'lose'),(671,567,973,159.70,'win'),(672,932,14,269.47,'lose'),(673,733,738,491.47,'lose'),(674,746,998,748.49,'win'),(675,509,290,923.14,'win'),(676,965,581,9.59,'lose'),(677,506,606,514.00,'win'),(678,219,836,524.32,'lose'),(679,997,639,206.37,'lose'),(680,957,438,316.58,'lose'),(681,407,218,869.58,'win'),(682,866,245,624.55,'lose'),(683,74,202,784.34,'lose'),(684,237,231,441.69,'win'),(685,261,750,966.72,'win'),(686,27,378,808.94,'win'),(687,129,910,161.69,'lose'),(688,916,336,933.94,'win'),(689,508,554,243.86,'win'),(690,63,637,994.49,'lose'),(691,333,471,357.71,'lose'),(692,809,913,139.74,'win'),(693,380,19,955.50,'win'),(694,738,527,419.09,'win'),(695,323,64,352.92,'win'),(696,805,304,104.24,'win'),(697,743,880,169.69,'lose'),(698,542,77,759.08,'win'),(699,551,54,619.44,'win'),(700,819,288,982.35,'lose'),(701,296,332,770.21,'win'),(702,976,308,611.00,'lose'),(703,826,733,187.82,'win'),(704,138,469,930.92,'lose'),(705,446,486,91.40,'win'),(706,725,624,944.65,'win'),(707,428,579,612.06,'lose'),(708,786,956,420.82,'lose'),(709,924,908,764.91,'lose'),(710,219,787,276.23,'lose'),(711,278,325,790.13,'win'),(712,514,636,639.33,'lose'),(713,529,776,290.90,'lose'),(714,769,460,991.84,'win'),(715,925,883,637.58,'win'),(716,795,347,351.16,'win'),(717,525,476,802.34,'win'),(718,526,868,759.52,'lose'),(719,704,927,524.38,'win'),(720,635,650,342.88,'win'),(721,801,708,132.32,'win'),(722,306,907,614.27,'lose'),(723,922,549,976.37,'lose'),(724,260,584,139.18,'win'),(725,311,718,653.60,'lose'),(726,621,755,909.64,'lose'),(727,698,632,66.86,'lose'),(728,993,646,252.83,'lose'),(729,873,385,303.42,'lose'),(730,912,467,594.81,'win'),(731,95,746,443.47,'win'),(732,575,932,931.68,'win'),(733,528,46,644.39,'lose'),(734,493,208,559.43,'lose'),(735,196,456,687.77,'lose'),(736,305,302,593.22,'lose'),(737,532,473,764.91,'lose'),(738,748,512,314.64,'lose'),(739,253,145,963.05,'lose'),(740,27,985,840.65,'lose'),(741,732,907,337.21,'win'),(742,822,208,571.37,'lose'),(743,464,612,665.95,'lose'),(744,481,917,139.59,'win'),(745,326,783,936.46,'lose'),(746,860,296,897.90,'win'),(747,327,822,127.68,'lose'),(748,485,904,64.56,'win'),(749,863,478,802.15,'win'),(750,481,670,907.06,'win'),(751,912,977,148.04,'win'),(752,613,629,304.48,'win'),(753,274,454,447.09,'win'),(754,38,561,687.96,'win'),(755,735,392,757.42,'win'),(756,784,84,69.45,'lose'),(757,269,56,471.93,'lose'),(758,553,181,247.22,'win'),(759,726,550,568.61,'lose'),(760,270,764,7.79,'win'),(761,721,356,614.64,'lose'),(762,196,956,190.67,'lose'),(763,860,39,614.64,'win'),(764,943,842,378.32,'lose'),(765,705,418,976.12,'win'),(766,208,159,166.85,'lose'),(767,299,412,163.51,'win'),(768,424,369,570.32,'win'),(769,27,892,375.01,'lose'),(770,885,818,434.19,'win'),(771,288,283,552.06,'win'),(772,903,780,187.62,'win'),(773,439,391,638.30,'lose'),(774,184,859,740.11,'lose'),(775,412,678,154.00,'win'),(776,225,910,873.48,'win'),(777,579,973,128.22,'win'),(778,231,984,226.40,'lose'),(779,227,590,268.86,'win'),(780,69,618,880.25,'win'),(781,110,896,149.13,'lose'),(782,853,82,851.13,'lose'),(783,502,473,859.36,'win'),(784,819,455,817.83,'win'),(785,172,685,906.42,'lose'),(786,675,937,659.18,'lose'),(787,454,808,678.87,'win'),(788,820,184,458.91,'win'),(789,345,491,418.78,'win'),(790,855,407,470.21,'lose'),(791,242,817,359.22,'lose'),(792,651,216,124.61,'win'),(793,514,638,644.46,'lose'),(794,619,163,957.05,'lose'),(795,615,183,67.56,'win'),(796,751,381,653.09,'lose'),(797,654,900,537.38,'win'),(798,330,682,419.62,'lose'),(799,10,887,402.40,'lose'),(800,561,744,34.68,'win'),(801,612,227,300.66,'win'),(802,212,591,316.84,'win'),(803,115,134,322.37,'lose'),(804,96,840,909.78,'lose'),(805,428,46,942.72,'win'),(806,61,569,661.96,'win'),(807,35,359,691.27,'lose'),(808,827,994,486.60,'lose'),(809,805,665,910.28,'win'),(810,53,595,813.12,'lose'),(811,973,18,166.76,'win'),(812,413,716,337.42,'win'),(813,699,865,227.32,'win'),(814,37,550,639.68,'win'),(815,830,498,998.27,'lose'),(816,505,21,592.50,'win'),(817,722,907,368.74,'lose'),(818,517,207,485.79,'win'),(819,586,503,757.02,'lose'),(820,112,729,309.36,'lose'),(821,873,282,790.35,'lose'),(822,166,507,33.44,'win'),(823,145,778,452.84,'win'),(824,300,704,616.50,'win'),(825,18,166,778.13,'lose'),(826,630,971,963.55,'win'),(827,640,478,470.42,'win'),(828,187,173,304.77,'lose'),(829,115,556,433.62,'win'),(830,208,534,43.78,'win'),(831,963,957,894.16,'win'),(832,327,826,149.82,'lose'),(833,912,740,962.64,'win'),(834,91,665,50.21,'lose'),(835,143,935,248.11,'lose'),(836,436,869,35.90,'win'),(837,766,103,217.25,'win'),(838,241,866,607.81,'lose'),(839,388,609,882.71,'win'),(840,289,681,536.40,'win'),(841,596,55,486.00,'lose'),(842,876,576,251.08,'win'),(843,896,889,755.17,'lose'),(844,289,111,685.67,'lose'),(845,431,862,15.86,'lose'),(846,424,635,900.34,'win'),(847,297,685,533.35,'win'),(848,464,481,10.34,'win'),(849,24,283,345.15,'win'),(850,351,121,550.11,'lose'),(851,299,326,729.73,'win'),(852,175,853,740.02,'lose'),(853,494,41,719.71,'lose'),(854,232,723,919.63,'lose'),(855,391,662,136.71,'win'),(856,86,332,400.28,'lose'),(857,833,145,223.75,'win'),(858,755,718,325.00,'lose'),(859,383,501,351.33,'lose'),(860,229,374,182.14,'win'),(861,403,645,15.34,'lose'),(862,666,901,507.75,'win'),(863,658,778,915.91,'lose'),(864,488,699,28.77,'lose'),(865,155,629,680.02,'win'),(866,529,101,915.71,'lose'),(867,645,388,5.56,'win'),(868,305,930,734.72,'win'),(869,220,444,557.95,'lose'),(870,626,749,865.98,'lose'),(871,823,861,835.23,'win'),(872,467,548,339.56,'lose'),(873,257,117,814.41,'win'),(874,167,668,837.03,'lose'),(875,404,469,134.00,'lose'),(876,915,781,160.98,'lose'),(877,833,772,361.45,'lose'),(878,379,415,937.91,'lose'),(879,415,734,424.99,'win'),(880,349,970,800.21,'lose'),(881,66,49,47.62,'lose'),(882,313,292,516.42,'win'),(883,996,853,275.26,'win'),(884,267,877,582.46,'lose'),(885,670,500,486.87,'win'),(886,222,297,818.10,'lose'),(887,555,168,173.22,'lose'),(888,301,410,148.61,'win'),(889,121,61,943.47,'win'),(890,846,623,573.68,'lose'),(891,291,445,351.47,'lose'),(892,66,57,85.22,'lose'),(893,28,369,760.07,'win'),(894,192,876,801.97,'lose'),(895,513,410,510.35,'lose'),(896,89,472,90.12,'lose'),(897,915,464,573.15,'lose'),(898,656,852,291.49,'win'),(899,641,496,555.25,'lose'),(900,781,37,841.23,'lose'),(901,955,486,565.32,'lose'),(902,151,643,763.98,'win'),(903,165,151,256.11,'win'),(904,383,423,962.65,'win'),(905,848,598,443.77,'lose'),(906,802,729,238.70,'lose'),(907,320,578,928.94,'win'),(908,772,122,292.68,'lose'),(909,620,801,143.94,'lose'),(910,156,827,664.79,'win'),(911,229,611,364.20,'win'),(912,861,331,72.63,'lose'),(913,636,64,412.82,'win'),(914,128,20,715.20,'win'),(915,438,638,874.40,'lose'),(916,677,4,988.98,'win'),(917,700,699,393.33,'win'),(918,177,267,805.16,'lose'),(919,714,891,310.73,'win'),(920,483,762,363.35,'win'),(921,565,232,461.23,'win'),(922,681,562,769.73,'lose'),(923,505,34,656.20,'lose'),(924,929,103,727.50,'lose'),(925,470,358,379.12,'win'),(926,975,408,110.51,'lose'),(927,326,636,197.64,'lose'),(928,822,861,838.50,'win'),(929,534,840,596.97,'lose'),(930,538,292,842.99,'lose'),(931,178,866,791.79,'lose'),(932,444,127,302.18,'lose'),(933,750,352,512.14,'win'),(934,990,431,185.92,'win'),(935,630,236,288.93,'win'),(936,824,903,44.28,'win'),(937,431,616,785.18,'lose'),(938,42,972,730.47,'win'),(939,502,291,950.91,'win'),(940,556,132,992.65,'win'),(941,863,609,455.71,'lose'),(942,895,118,903.06,'lose'),(943,104,30,835.77,'lose'),(944,950,474,520.34,'lose'),(945,341,161,780.18,'lose'),(946,762,548,453.44,'win'),(947,759,923,336.86,'win'),(948,571,106,813.39,'win'),(949,318,332,707.70,'win'),(950,591,327,857.93,'lose'),(951,983,979,946.93,'win'),(952,149,351,303.81,'lose'),(953,434,762,504.20,'lose'),(954,678,673,331.83,'win'),(955,209,121,976.49,'win'),(956,677,818,57.74,'win'),(957,13,550,710.59,'win'),(958,393,247,53.93,'win'),(959,497,886,939.80,'lose'),(960,392,832,983.84,'lose'),(961,168,568,333.98,'win'),(962,836,275,864.45,'win'),(963,907,35,452.23,'lose'),(964,430,677,95.27,'lose'),(965,943,375,45.44,'lose'),(966,384,605,871.07,'win'),(967,102,881,95.99,'win'),(968,908,19,369.33,'win'),(969,855,894,904.77,'win'),(970,504,987,420.51,'lose'),(971,460,866,947.21,'lose'),(972,861,883,830.36,'win'),(973,30,636,89.90,'win'),(974,442,580,575.91,'lose'),(975,971,434,256.31,'win'),(976,136,735,265.70,'lose'),(977,830,773,372.60,'win'),(978,613,424,282.11,'lose'),(979,849,826,581.49,'lose'),(980,413,768,598.98,'win'),(981,671,273,350.54,'win'),(982,625,319,717.29,'win'),(983,5,131,635.62,'win'),(984,34,804,916.72,'lose'),(985,116,60,950.72,'win'),(986,22,382,842.98,'lose'),(987,828,924,134.32,'win'),(988,106,822,791.54,'lose'),(989,92,979,616.96,'lose'),(990,898,39,501.69,'lose'),(991,454,94,105.16,'lose'),(992,915,836,433.21,'win'),(993,999,14,74.09,'lose'),(994,421,117,321.32,'lose'),(995,322,836,213.27,'win'),(996,161,122,124.90,'lose'),(997,931,872,564.11,'lose'),(998,340,79,372.52,'win'),(999,23,231,82.94,'win'),(1000,370,677,274.93,'lose');
/*!40000 ALTER TABLE `bets` ENABLE KEYS */;
UNLOCK TABLES;

--
-- Table structure for table `events`
--

DROP TABLE IF EXISTS `events`;
/*!40101 SET @saved_cs_client     = @@character_set_client */;
/*!50503 SET character_set_client = utf8mb4 */;
CREATE TABLE `events` (
  `event_id` int NOT NULL AUTO_INCREMENT,
  `sport_id` int DEFAULT NULL,
  `name` varchar(100) NOT NULL,
  `start_time` datetime NOT NULL,
  `location` varchar(100) DEFAULT NULL,
  `status` varchar(20) DEFAULT NULL,
  `winner_team_id` int DEFAULT NULL,
  PRIMARY KEY (`event_id`),
  KEY `sport_id` (`sport_id`),
  CONSTRAINT `events_ibfk_1` FOREIGN KEY (`sport_id`) REFERENCES `sports` (`sport_id`)
) ENGINE=InnoDB AUTO_INCREMENT=1024 DEFAULT CHARSET=utf8mb4 COLLATE=utf8mb4_0900_ai_ci;
/*!40101 SET character_set_client = @saved_cs_client */;

--
-- Dumping data for table `events`
--

LOCK TABLES `events` WRITE;
/*!40000 ALTER TABLE `events` DISABLE KEYS */;
INSERT INTO `events` VALUES (1,2,'Event 1','2024-03-30 22:21:37','Location 1','Ended',NULL),(2,1,'Event 2','2024-03-28 22:21:37','Location 2','Ended',NULL),(3,4,'Event 3','2024-04-03 22:21:37','Location 3','Ended',NULL),(4,4,'Event 4','2024-04-13 22:21:37','Location 4','Ended',NULL),(5,5,'Event 5','2024-04-17 22:21:37','Location 5','Ended',NULL),(6,5,'Event 6','2024-04-12 22:21:37','Location 6','Ended',NULL),(7,5,'Event 7','2024-03-25 22:21:37','Location 7','Ended',NULL),(8,5,'Event 8','2024-03-28 22:21:37','Location 8','Ended',NULL),(9,5,'Event 9','2024-04-07 22:21:37','Location 9','Ended',NULL),(10,5,'Event 10','2024-04-09 22:21:37','Location 10','Ended',NULL),(11,3,'Event 11','2024-04-01 22:21:37','Location 11','Ended',NULL),(12,3,'Event 12','2024-04-06 22:21:37','Location 12','Ended',NULL),(13,4,'Event 13','2024-03-27 22:21:37','Location 13','Ended',NULL),(14,3,'Event 14','2024-04-02 22:21:37','Location 14','Ended',NULL),(15,1,'Event 15','2024-04-19 22:21:37','Location 15','Ended',NULL),(16,2,'Event 16','2024-04-02 22:21:37','Location 16','Ended',NULL),(17,4,'Event 17','2024-04-06 22:21:37','Location 17','Ended',NULL),(18,3,'Event 18','2024-04-07 22:21:37','Location 18','Ended',NULL),(19,4,'Event 19','2024-04-16 22:21:37','Location 19','Ended',NULL),(20,1,'Event 20','2024-03-30 22:21:37','Location 20','Ended',NULL),(21,1,'Event 21','2024-04-03 22:21:37','Location 21','Ended',NULL),(22,3,'Event 22','2024-04-06 22:21:37','Location 22','Ended',NULL),(23,1,'Event 23','2024-03-25 22:21:37','Location 23','Ended',NULL),(24,5,'Event 24','2024-04-05 22:21:37','Location 24','Ended',NULL),(25,4,'Event 25','2024-03-30 22:21:37','Location 25','Ended',NULL),(26,5,'Event 26','2024-03-23 22:21:37','Location 26','Ended',NULL),(27,3,'Event 27','2024-04-11 22:21:37','Location 27','Ended',NULL),(28,3,'Event 28','2024-03-25 22:21:37','Location 28','Ended',NULL),(29,4,'Event 29','2024-04-10 22:21:37','Location 29','Ended',NULL),(30,1,'Event 30','2024-03-26 22:21:37','Location 30','Ended',NULL),(31,5,'Event 31','2024-03-27 22:21:37','Location 31','Ended',NULL),(32,1,'Event 32','2024-04-12 22:21:37','Location 32','Ended',NULL),(33,3,'Event 33','2024-04-13 22:21:37','Location 33','Ended',NULL),(34,5,'Event 34','2024-03-26 22:21:37','Location 34','Ended',NULL),(35,4,'Event 35','2024-04-11 22:21:37','Location 35','Ended',NULL),(36,2,'Event 36','2024-03-30 22:21:37','Location 36','Ended',NULL),(37,2,'Event 37','2024-04-04 22:21:37','Location 37','Ended',NULL),(38,2,'Event 38','2024-03-23 22:21:37','Location 38','Ended',NULL),(39,4,'Event 39','2024-03-26 22:21:37','Location 39','Ended',NULL),(40,3,'Event 40','2024-04-18 22:21:37','Location 40','Ended',NULL),(41,3,'Event 41','2024-04-09 22:21:37','Location 41','Ended',NULL),(42,5,'Event 42','2024-04-03 22:21:37','Location 42','Ended',NULL),(43,5,'Event 43','2024-04-14 22:21:37','Location 43','Ended',NULL),(44,2,'Event 44','2024-03-23 22:21:37','Location 44','Ended',NULL),(45,4,'Event 45','2024-03-21 22:21:37','Location 45','Ended',NULL),(46,1,'Event 46','2024-04-11 22:21:37','Location 46','Ended',NULL),(47,2,'Event 47','2024-04-18 22:21:37','Location 47','Ended',NULL),(48,3,'Event 48','2024-04-08 22:21:37','Location 48','Ended',NULL),(49,2,'Event 49','2024-03-28 22:21:37','Location 49','Ended',NULL),(50,5,'Event 50','2024-03-28 22:21:37','Location 50','Ended',NULL),(51,5,'Event 51','2024-03-25 22:21:37','Location 51','Ended',NULL),(52,2,'Event 52','2024-04-03 22:21:37','Location 52','Ended',NULL),(53,2,'Event 53','2024-04-16 22:21:37','Location 53','Ended',NULL),(54,3,'Event 54','2024-04-16 22:21:37','Location 54','Ended',NULL),(55,1,'Event 55','2024-03-24 22:21:37','Location 55','Ended',NULL),(56,4,'Event 56','2024-04-18 22:21:37','Location 56','Ended',NULL),(57,3,'Event 57','2024-04-04 22:21:37','Location 57','Ended',NULL),(58,2,'Event 58','2024-04-13 22:21:37','Location 58','Ended',NULL),(59,5,'Event 59','2024-03-22 22:21:37','Location 59','Ended',NULL),(60,2,'Event 60','2024-04-10 22:21:37','Location 60','Ended',NULL),(61,1,'Event 61','2024-04-01 22:21:37','Location 61','Ended',NULL),(62,2,'Event 62','2024-03-24 22:21:37','Location 62','Ended',NULL),(63,3,'Event 63','2024-03-26 22:21:37','Location 63','Ended',NULL),(64,3,'Event 64','2024-04-13 22:21:37','Location 64','Ended',NULL),(65,5,'Event 65','2024-03-25 22:21:37','Location 65','Ended',NULL),(66,3,'Event 66','2024-04-05 22:21:37','Location 66','Ended',NULL),(67,2,'Event 67','2024-04-10 22:21:37','Location 67','Ended',NULL),(68,2,'Event 68','2024-04-02 22:21:37','Location 68','Ended',NULL),(69,3,'Event 69','2024-04-06 22:21:37','Location 69','Ended',NULL),(70,1,'Event 70','2024-03-30 22:21:37','Location 70','Ended',NULL),(71,1,'Event 71','2024-04-17 22:21:37','Location 71','Ended',NULL),(72,4,'Event 72','2024-04-18 22:21:37','Location 72','Ended',NULL),(73,5,'Event 73','2024-04-06 22:21:37','Location 73','Ended',NULL),(74,1,'Event 74','2024-04-10 22:21:37','Location 74','Ended',NULL),(75,1,'Event 75','2024-04-14 22:21:37','Location 75','Ended',NULL),(76,1,'Event 76','2024-04-12 22:21:37','Location 76','Ended',NULL),(77,1,'Event 77','2024-03-29 22:21:37','Location 77','Ended',NULL),(78,2,'Event 78','2024-04-05 22:21:37','Location 78','Ended',NULL),(79,2,'Event 79','2024-03-27 22:21:37','Location 79','Ended',NULL),(80,4,'Event 80','2024-03-24 22:21:37','Location 80','Ended',NULL),(81,3,'Event 81','2024-04-12 22:21:37','Location 81','Ended',NULL),(82,1,'Event 82','2024-03-21 22:21:37','Location 82','Ended',NULL),(83,4,'Event 83','2024-04-06 22:21:37','Location 83','Ended',NULL),(84,3,'Event 84','2024-03-26 22:21:37','Location 84','Ended',NULL),(85,3,'Event 85','2024-03-30 22:21:37','Location 85','Ended',NULL),(86,2,'Event 86','2024-03-26 22:21:37','Location 86','Ended',NULL),(87,1,'Event 87','2024-03-22 22:21:37','Location 87','Ended',NULL),(88,4,'Event 88','2024-04-14 22:21:37','Location 88','Ended',NULL),(89,5,'Event 89','2024-03-24 22:21:37','Location 89','Ended',NULL),(90,2,'Event 90','2024-03-29 22:21:37','Location 90','Ended',NULL),(91,5,'Event 91','2024-04-06 22:21:37','Location 91','Ended',NULL),(92,4,'Event 92','2024-03-22 22:21:37','Location 92','Ended',NULL),(93,1,'Event 93','2024-03-31 22:21:37','Location 93','Ended',NULL),(94,4,'Event 94','2024-04-13 22:21:37','Location 94','Ended',NULL),(95,5,'Event 95','2024-04-18 22:21:37','Location 95','Ended',NULL),(96,4,'Event 96','2024-04-18 22:21:37','Location 96','Ended',NULL),(97,2,'Event 97','2024-04-05 22:21:37','Location 97','Ended',NULL),(98,3,'Event 98','2024-04-05 22:21:37','Location 98','Ended',NULL),(99,2,'Event 99','2024-04-15 22:21:37','Location 99','Ended',NULL),(100,2,'Event 100','2024-04-18 22:21:37','Location 100','Ended',NULL),(101,3,'Event 101','2024-03-24 22:21:37','Location 101','Ended',NULL),(102,2,'Event 102','2024-03-21 22:21:37','Location 102','Ended',NULL),(103,1,'Event 103','2024-03-31 22:21:37','Location 103','Ended',NULL),(104,1,'Event 104','2024-04-14 22:21:37','Location 104','Ended',NULL),(105,1,'Event 105','2024-04-03 22:21:37','Location 105','Ended',NULL),(106,3,'Event 106','2024-04-01 22:21:37','Location 106','Ended',NULL),(107,1,'Event 107','2024-04-10 22:21:37','Location 107','Ended',NULL),(108,4,'Event 108','2024-03-27 22:21:37','Location 108','Ended',NULL),(109,4,'Event 109','2024-04-04 22:21:37','Location 109','Ended',NULL),(110,4,'Event 110','2024-04-18 22:21:37','Location 110','Ended',NULL),(111,1,'Event 111','2024-04-01 22:21:37','Location 111','Ended',NULL),(112,1,'Event 112','2024-03-30 22:21:37','Location 112','Ended',NULL),(113,5,'Event 113','2024-03-31 22:21:37','Location 113','Ended',NULL),(114,1,'Event 114','2024-04-11 22:21:37','Location 114','Ended',NULL),(115,3,'Event 115','2024-03-24 22:21:37','Location 115','Ended',NULL),(116,1,'Event 116','2024-03-27 22:21:37','Location 116','Ended',NULL),(117,3,'Event 117','2024-04-14 22:21:37','Location 117','Ended',NULL),(118,2,'Event 118','2024-03-26 22:21:37','Location 118','Ended',NULL),(119,3,'Event 119','2024-03-24 22:21:37','Location 119','Ended',NULL),(120,4,'Event 120','2024-03-30 22:21:37','Location 120','Ended',NULL),(121,5,'Event 121','2024-04-10 22:21:37','Location 121','Ended',NULL),(122,4,'Event 122','2024-04-05 22:21:37','Location 122','Ended',NULL),(123,4,'Event 123','2024-04-09 22:21:37','Location 123','Ended',NULL),(124,3,'Event 124','2024-03-25 22:21:37','Location 124','Ended',NULL),(125,2,'Event 125','2024-04-03 22:21:37','Location 125','Ended',NULL),(126,1,'Event 126','2024-04-14 22:21:37','Location 126','Ended',NULL),(127,1,'Event 127','2024-03-21 22:21:37','Location 127','Ended',NULL),(128,2,'Event 128','2024-03-23 22:21:37','Location 128','Ended',NULL),(129,5,'Event 129','2024-03-31 22:21:37','Location 129','Ended',NULL),(130,5,'Event 130','2024-03-23 22:21:37','Location 130','Ended',NULL),(131,5,'Event 131','2024-04-05 22:21:37','Location 131','Ended',NULL),(132,5,'Event 132','2024-04-16 22:21:37','Location 132','Ended',NULL),(133,5,'Event 133','2024-04-04 22:21:37','Location 133','Ended',NULL),(134,4,'Event 134','2024-04-19 22:21:37','Location 134','Ended',NULL),(135,5,'Event 135','2024-03-22 22:21:37','Location 135','Ended',NULL),(136,3,'Event 136','2024-03-30 22:21:37','Location 136','Ended',NULL),(137,3,'Event 137','2024-03-31 22:21:37','Location 137','Ended',NULL),(138,5,'Event 138','2024-03-25 22:21:37','Location 138','Ended',NULL),(139,3,'Event 139','2024-04-19 22:21:37','Location 139','Ended',NULL),(140,4,'Event 140','2024-04-13 22:21:37','Location 140','Ended',NULL),(141,1,'Event 141','2024-04-09 22:21:37','Location 141','Ended',NULL),(142,4,'Event 142','2024-04-03 22:21:37','Location 142','Ended',NULL),(143,1,'Event 143','2024-04-02 22:21:37','Location 143','Ended',NULL),(144,2,'Event 144','2024-03-24 22:21:37','Location 144','Ended',NULL),(145,3,'Event 145','2024-04-03 22:21:37','Location 145','Ended',NULL),(146,3,'Event 146','2024-03-24 22:21:37','Location 146','Ended',NULL),(147,1,'Event 147','2024-03-24 22:21:37','Location 147','Ended',NULL),(148,5,'Event 148','2024-03-31 22:21:37','Location 148','Ended',NULL),(149,3,'Event 149','2024-04-14 22:21:37','Location 149','Ended',NULL),(150,4,'Event 150','2024-03-25 22:21:37','Location 150','Ended',NULL),(151,1,'Event 151','2024-03-22 22:21:37','Location 151','Ended',NULL),(152,3,'Event 152','2024-04-11 22:21:37','Location 152','Ended',NULL),(153,1,'Event 153','2024-04-10 22:21:37','Location 153','Ended',NULL),(154,2,'Event 154','2024-04-14 22:21:37','Location 154','Ended',NULL),(155,4,'Event 155','2024-04-02 22:21:37','Location 155','Ended',NULL),(156,4,'Event 156','2024-03-26 22:21:37','Location 156','Ended',NULL),(157,4,'Event 157','2024-04-08 22:21:37','Location 157','Ended',NULL),(158,5,'Event 158','2024-04-04 22:21:37','Location 158','Ended',NULL),(159,3,'Event 159','2024-03-21 22:21:37','Location 159','Ended',NULL),(160,3,'Event 160','2024-03-22 22:21:37','Location 160','Ended',NULL),(161,3,'Event 161','2024-03-30 22:21:37','Location 161','Ended',NULL),(162,1,'Event 162','2024-04-08 22:21:37','Location 162','Ended',NULL),(163,5,'Event 163','2024-04-03 22:21:37','Location 163','Ended',NULL),(164,4,'Event 164','2024-04-11 22:21:37','Location 164','Ended',NULL),(165,4,'Event 165','2024-04-16 22:21:37','Location 165','Ended',NULL),(166,2,'Event 166','2024-03-31 22:21:37','Location 166','Ended',NULL),(167,2,'Event 167','2024-04-03 22:21:37','Location 167','Ended',NULL),(168,5,'Event 168','2024-04-13 22:21:37','Location 168','Ended',NULL),(169,5,'Event 169','2024-04-02 22:21:37','Location 169','Ended',NULL),(170,5,'Event 170','2024-04-05 22:21:37','Location 170','Ended',NULL),(171,1,'Event 171','2024-04-18 22:21:37','Location 171','Ended',NULL),(172,3,'Event 172','2024-03-29 22:21:37','Location 172','Ended',NULL),(173,2,'Event 173','2024-03-22 22:21:37','Location 173','Ended',NULL),(174,5,'Event 174','2024-04-04 22:21:37','Location 174','Ended',NULL),(175,3,'Event 175','2024-03-30 22:21:37','Location 175','Ended',NULL),(176,2,'Event 176','2024-03-31 22:21:37','Location 176','Ended',NULL),(177,4,'Event 177','2024-03-22 22:21:37','Location 177','Ended',NULL),(178,2,'Event 178','2024-04-04 22:21:37','Location 178','Ended',NULL),(179,1,'Event 179','2024-03-30 22:21:37','Location 179','Ended',NULL),(180,2,'Event 180','2024-03-23 22:21:37','Location 180','Ended',NULL),(181,3,'Event 181','2024-04-08 22:21:37','Location 181','Ended',NULL),(182,4,'Event 182','2024-03-26 22:21:37','Location 182','Ended',NULL),(183,3,'Event 183','2024-03-22 22:21:37','Location 183','Ended',NULL),(184,4,'Event 184','2024-04-04 22:21:37','Location 184','Ended',NULL),(185,5,'Event 185','2024-04-02 22:21:37','Location 185','Ended',NULL),(186,3,'Event 186','2024-03-21 22:21:37','Location 186','Ended',NULL),(187,1,'Event 187','2024-04-17 22:21:37','Location 187','Ended',NULL),(188,4,'Event 188','2024-04-18 22:21:37','Location 188','Ended',NULL),(189,1,'Event 189','2024-04-04 22:21:37','Location 189','Ended',NULL),(190,4,'Event 190','2024-04-02 22:21:37','Location 190','Ended',NULL),(191,1,'Event 191','2024-04-02 22:21:37','Location 191','Ended',NULL),(192,5,'Event 192','2024-04-08 22:21:37','Location 192','Ended',NULL),(193,3,'Event 193','2024-03-30 22:21:37','Location 193','Ended',NULL),(194,1,'Event 194','2024-03-26 22:21:37','Location 194','Ended',NULL),(195,4,'Event 195','2024-03-22 22:21:37','Location 195','Ended',NULL),(196,4,'Event 196','2024-03-25 22:21:37','Location 196','Ended',NULL),(197,1,'Event 197','2024-04-14 22:21:37','Location 197','Ended',NULL),(198,1,'Event 198','2024-04-01 22:21:37','Location 198','Ended',NULL),(199,2,'Event 199','2024-03-26 22:21:37','Location 199','Ended',NULL),(200,1,'Event 200','2024-04-11 22:21:37','Location 200','Ended',NULL),(201,1,'Event 201','2024-04-04 22:21:37','Location 201','Ended',NULL),(202,4,'Event 202','2024-04-08 22:21:37','Location 202','Ended',NULL),(203,2,'Event 203','2024-03-22 22:21:37','Location 203','Ended',NULL),(204,2,'Event 204','2024-04-13 22:21:37','Location 204','Ended',NULL),(205,3,'Event 205','2024-04-06 22:21:37','Location 205','Ended',NULL),(206,3,'Event 206','2024-04-14 22:21:37','Location 206','Ended',NULL),(207,4,'Event 207','2024-04-04 22:21:37','Location 207','Ended',NULL),(208,2,'Event 208','2024-04-12 22:21:37','Location 208','Ended',NULL),(209,2,'Event 209','2024-03-25 22:21:37','Location 209','Ended',NULL),(210,2,'Event 210','2024-03-31 22:21:37','Location 210','Ended',NULL),(211,3,'Event 211','2024-03-25 22:21:37','Location 211','Ended',NULL),(212,5,'Event 212','2024-04-06 22:21:37','Location 212','Ended',NULL),(213,2,'Event 213','2024-04-07 22:21:37','Location 213','Ended',NULL),(214,2,'Event 214','2024-03-30 22:21:37','Location 214','Ended',NULL),(215,5,'Event 215','2024-03-24 22:21:37','Location 215','Ended',NULL),(216,4,'Event 216','2024-04-03 22:21:37','Location 216','Ended',NULL),(217,4,'Event 217','2024-04-17 22:21:37','Location 217','Ended',NULL),(218,4,'Event 218','2024-04-12 22:21:37','Location 218','Ended',NULL),(219,4,'Event 219','2024-03-30 22:21:37','Location 219','Ended',NULL),(220,3,'Event 220','2024-04-03 22:21:37','Location 220','Ended',NULL),(221,5,'Event 221','2024-03-29 22:21:37','Location 221','Ended',NULL),(222,3,'Event 222','2024-03-23 22:21:37','Location 222','Ended',NULL),(223,4,'Event 223','2024-03-21 22:21:37','Location 223','Ended',NULL),(224,2,'Event 224','2024-04-15 22:21:37','Location 224','Ended',NULL),(225,1,'Event 225','2024-04-12 22:21:37','Location 225','Ended',NULL),(226,3,'Event 226','2024-03-29 22:21:37','Location 226','Ended',NULL),(227,1,'Event 227','2024-04-09 22:21:37','Location 227','Ended',NULL),(228,4,'Event 228','2024-04-09 22:21:37','Location 228','Ended',NULL),(229,4,'Event 229','2024-04-16 22:21:37','Location 229','Ended',NULL),(230,4,'Event 230','2024-03-26 22:21:37','Location 230','Ended',NULL),(231,3,'Event 231','2024-04-09 22:21:37','Location 231','Ended',NULL),(232,5,'Event 232','2024-03-21 22:21:37','Location 232','Ended',NULL),(233,3,'Event 233','2024-04-09 22:21:37','Location 233','Ended',NULL),(234,4,'Event 234','2024-03-28 22:21:37','Location 234','Ended',NULL),(235,1,'Event 235','2024-03-29 22:21:37','Location 235','Ended',NULL),(236,5,'Event 236','2024-03-27 22:21:37','Location 236','Ended',NULL),(237,4,'Event 237','2024-03-25 22:21:37','Location 237','Ended',NULL),(238,5,'Event 238','2024-04-06 22:21:37','Location 238','Ended',NULL),(239,4,'Event 239','2024-04-03 22:21:37','Location 239','Ended',NULL),(240,1,'Event 240','2024-04-02 22:21:37','Location 240','Ended',NULL),(241,3,'Event 241','2024-04-01 22:21:37','Location 241','Ended',NULL),(242,4,'Event 242','2024-03-22 22:21:37','Location 242','Ended',NULL),(243,3,'Event 243','2024-03-22 22:21:37','Location 243','Ended',NULL),(244,4,'Event 244','2024-04-06 22:21:37','Location 244','Ended',NULL),(245,1,'Event 245','2024-04-10 22:21:37','Location 245','Ended',NULL),(246,5,'Event 246','2024-04-03 22:21:37','Location 246','Ended',NULL),(247,2,'Event 247','2024-04-15 22:21:37','Location 247','Ended',NULL),(248,5,'Event 248','2024-04-02 22:21:37','Location 248','Ended',NULL),(249,1,'Event 249','2024-04-10 22:21:37','Location 249','Ended',NULL),(250,3,'Event 250','2024-04-19 22:21:37','Location 250','Ended',NULL),(251,4,'Event 251','2024-04-19 22:21:37','Location 251','Ended',NULL),(252,5,'Event 252','2024-03-23 22:21:37','Location 252','Ended',NULL),(253,4,'Event 253','2024-03-24 22:21:37','Location 253','Ended',NULL),(254,1,'Event 254','2024-03-27 22:21:37','Location 254','Ended',NULL),(255,5,'Event 255','2024-04-01 22:21:37','Location 255','Ended',NULL),(256,4,'Event 256','2024-03-28 22:21:37','Location 256','Ended',NULL),(257,1,'Event 257','2024-04-06 22:21:37','Location 257','Ended',NULL),(258,4,'Event 258','2024-03-23 22:21:37','Location 258','Ended',NULL),(259,2,'Event 259','2024-03-26 22:21:37','Location 259','Ended',NULL),(260,1,'Event 260','2024-04-17 22:21:37','Location 260','Ended',NULL),(261,5,'Event 261','2024-03-25 22:21:37','Location 261','Ended',NULL),(262,4,'Event 262','2024-04-13 22:21:37','Location 262','Ended',NULL),(263,2,'Event 263','2024-04-05 22:21:37','Location 263','Ended',NULL),(264,3,'Event 264','2024-03-27 22:21:37','Location 264','Ended',NULL),(265,3,'Event 265','2024-04-09 22:21:37','Location 265','Ended',NULL),(266,3,'Event 266','2024-03-27 22:21:37','Location 266','Ended',NULL),(267,2,'Event 267','2024-04-03 22:21:37','Location 267','Ended',NULL),(268,1,'Event 268','2024-03-27 22:21:37','Location 268','Ended',NULL),(269,4,'Event 269','2024-04-05 22:21:37','Location 269','Ended',NULL),(270,2,'Event 270','2024-04-06 22:21:37','Location 270','Ended',NULL),(271,1,'Event 271','2024-04-05 22:21:37','Location 271','Ended',NULL),(272,1,'Event 272','2024-04-12 22:21:37','Location 272','Ended',NULL),(273,2,'Event 273','2024-04-02 22:21:37','Location 273','Ended',NULL),(274,2,'Event 274','2024-03-28 22:21:37','Location 274','Ended',NULL),(275,3,'Event 275','2024-04-12 22:21:37','Location 275','Ended',NULL),(276,5,'Event 276','2024-04-19 22:21:37','Location 276','Ended',NULL),(277,2,'Event 277','2024-04-01 22:21:37','Location 277','Ended',NULL),(278,1,'Event 278','2024-04-12 22:21:37','Location 278','Ended',NULL),(279,3,'Event 279','2024-03-23 22:21:37','Location 279','Ended',NULL),(280,3,'Event 280','2024-04-06 22:21:37','Location 280','Ended',NULL),(281,5,'Event 281','2024-04-15 22:21:37','Location 281','Ended',NULL),(282,1,'Event 282','2024-04-03 22:21:37','Location 282','Ended',NULL),(283,3,'Event 283','2024-03-29 22:21:37','Location 283','Ended',NULL),(284,4,'Event 284','2024-04-07 22:21:37','Location 284','Ended',NULL),(285,5,'Event 285','2024-04-06 22:21:37','Location 285','Ended',NULL),(286,5,'Event 286','2024-04-15 22:21:37','Location 286','Ended',NULL),(287,5,'Event 287','2024-04-12 22:21:37','Location 287','Ended',NULL),(288,3,'Event 288','2024-04-05 22:21:37','Location 288','Ended',NULL),(289,2,'Event 289','2024-04-12 22:21:37','Location 289','Ended',NULL),(290,2,'Event 290','2024-04-14 22:21:37','Location 290','Ended',NULL),(291,4,'Event 291','2024-04-11 22:21:37','Location 291','Ended',NULL),(292,5,'Event 292','2024-03-27 22:21:37','Location 292','Ended',NULL),(293,5,'Event 293','2024-04-01 22:21:37','Location 293','Ended',NULL),(294,5,'Event 294','2024-04-15 22:21:37','Location 294','Ended',NULL),(295,2,'Event 295','2024-03-23 22:21:37','Location 295','Ended',NULL),(296,5,'Event 296','2024-03-28 22:21:37','Location 296','Ended',NULL),(297,3,'Event 297','2024-04-07 22:21:37','Location 297','Ended',NULL),(298,5,'Event 298','2024-03-27 22:21:37','Location 298','Ended',NULL),(299,3,'Event 299','2024-04-04 22:21:37','Location 299','Ended',NULL),(300,5,'Event 300','2024-04-08 22:21:37','Location 300','Ended',NULL),(301,2,'Event 301','2024-04-09 22:21:37','Location 301','Ended',NULL),(302,3,'Event 302','2024-04-13 22:21:37','Location 302','Ended',NULL),(303,2,'Event 303','2024-04-13 22:21:37','Location 303','Ended',NULL),(304,3,'Event 304','2024-03-22 22:21:37','Location 304','Ended',NULL),(305,2,'Event 305','2024-03-28 22:21:37','Location 305','Ended',NULL),(306,5,'Event 306','2024-04-08 22:21:37','Location 306','Ended',NULL),(307,4,'Event 307','2024-03-30 22:21:37','Location 307','Ended',NULL),(308,2,'Event 308','2024-03-24 22:21:37','Location 308','Ended',NULL),(309,3,'Event 309','2024-04-04 22:21:37','Location 309','Ended',NULL),(310,4,'Event 310','2024-04-17 22:21:37','Location 310','Ended',NULL),(311,2,'Event 311','2024-04-05 22:21:37','Location 311','Ended',NULL),(312,3,'Event 312','2024-04-15 22:21:37','Location 312','Ended',NULL),(313,5,'Event 313','2024-04-13 22:21:37','Location 313','Ended',NULL),(314,4,'Event 314','2024-03-25 22:21:37','Location 314','Ended',NULL),(315,4,'Event 315','2024-04-09 22:21:37','Location 315','Ended',NULL),(316,1,'Event 316','2024-04-18 22:21:37','Location 316','Ended',NULL),(317,4,'Event 317','2024-03-31 22:21:37','Location 317','Ended',NULL),(318,4,'Event 318','2024-04-07 22:21:37','Location 318','Ended',NULL),(319,1,'Event 319','2024-03-31 22:21:37','Location 319','Ended',NULL),(320,4,'Event 320','2024-04-11 22:21:37','Location 320','Ended',NULL),(321,1,'Event 321','2024-04-16 22:21:37','Location 321','Ended',NULL),(322,2,'Event 322','2024-04-11 22:21:37','Location 322','Ended',NULL),(323,4,'Event 323','2024-04-15 22:21:37','Location 323','Ended',NULL),(324,2,'Event 324','2024-04-06 22:21:37','Location 324','Ended',NULL),(325,2,'Event 325','2024-04-19 22:21:37','Location 325','Ended',NULL),(326,3,'Event 326','2024-03-24 22:21:37','Location 326','Ended',NULL),(327,3,'Event 327','2024-03-30 22:21:37','Location 327','Ended',NULL),(328,2,'Event 328','2024-03-25 22:21:37','Location 328','Ended',NULL),(329,1,'Event 329','2024-03-22 22:21:37','Location 329','Ended',NULL),(330,1,'Event 330','2024-03-31 22:21:37','Location 330','Ended',NULL),(331,4,'Event 331','2024-03-27 22:21:37','Location 331','Ended',NULL),(332,3,'Event 332','2024-03-29 22:21:37','Location 332','Ended',NULL),(333,1,'Event 333','2024-04-15 22:21:37','Location 333','Ended',NULL),(334,2,'Event 334','2024-03-31 22:21:37','Location 334','Ended',NULL),(335,5,'Event 335','2024-04-19 22:21:37','Location 335','Ended',NULL),(336,1,'Event 336','2024-03-28 22:21:37','Location 336','Ended',NULL),(337,5,'Event 337','2024-04-12 22:21:37','Location 337','Ended',NULL),(338,2,'Event 338','2024-03-31 22:21:37','Location 338','Ended',NULL),(339,1,'Event 339','2024-04-07 22:21:37','Location 339','Ended',NULL),(340,3,'Event 340','2024-04-13 22:21:37','Location 340','Ended',NULL),(341,5,'Event 341','2024-03-26 22:21:37','Location 341','Ended',NULL),(342,5,'Event 342','2024-04-01 22:21:37','Location 342','Ended',NULL),(343,3,'Event 343','2024-04-13 22:21:37','Location 343','Ended',NULL),(344,3,'Event 344','2024-03-26 22:21:37','Location 344','Ended',NULL),(345,1,'Event 345','2024-04-18 22:21:37','Location 345','Ended',NULL),(346,1,'Event 346','2024-03-24 22:21:37','Location 346','Ended',NULL),(347,5,'Event 347','2024-03-30 22:21:37','Location 347','Ended',NULL),(348,5,'Event 348','2024-03-22 22:21:37','Location 348','Ended',NULL),(349,4,'Event 349','2024-03-27 22:21:37','Location 349','Ended',NULL),(350,5,'Event 350','2024-04-19 22:21:37','Location 350','Ended',NULL),(351,4,'Event 351','2024-04-09 22:21:37','Location 351','Ended',NULL),(352,4,'Event 352','2024-04-11 22:21:37','Location 352','Ended',NULL),(353,3,'Event 353','2024-04-07 22:21:37','Location 353','Ended',NULL),(354,1,'Event 354','2024-04-12 22:21:37','Location 354','Ended',NULL),(355,1,'Event 355','2024-04-02 22:21:37','Location 355','Ended',NULL),(356,3,'Event 356','2024-03-28 22:21:37','Location 356','Ended',NULL),(357,1,'Event 357','2024-04-11 22:21:37','Location 357','Ended',NULL),(358,1,'Event 358','2024-03-30 22:21:37','Location 358','Ended',NULL),(359,5,'Event 359','2024-04-16 22:21:37','Location 359','Ended',NULL),(360,4,'Event 360','2024-04-09 22:21:37','Location 360','Ended',NULL),(361,2,'Event 361','2024-04-09 22:21:37','Location 361','Ended',NULL),(362,5,'Event 362','2024-03-26 22:21:37','Location 362','Ended',NULL),(363,1,'Event 363','2024-04-11 22:21:37','Location 363','Ended',NULL),(364,3,'Event 364','2024-04-18 22:21:37','Location 364','Ended',NULL),(365,1,'Event 365','2024-03-30 22:21:37','Location 365','Ended',NULL),(366,5,'Event 366','2024-04-17 22:21:37','Location 366','Ended',NULL),(367,4,'Event 367','2024-04-02 22:21:37','Location 367','Ended',NULL),(368,5,'Event 368','2024-04-07 22:21:37','Location 368','Ended',NULL),(369,5,'Event 369','2024-03-28 22:21:37','Location 369','Ended',NULL),(370,3,'Event 370','2024-03-30 22:21:37','Location 370','Ended',NULL),(371,4,'Event 371','2024-03-25 22:21:37','Location 371','Ended',NULL),(372,1,'Event 372','2024-03-31 22:21:37','Location 372','Ended',NULL),(373,1,'Event 373','2024-04-12 22:21:37','Location 373','Ended',NULL),(374,2,'Event 374','2024-03-23 22:21:37','Location 374','Ended',NULL),(375,1,'Event 375','2024-03-25 22:21:37','Location 375','Ended',NULL),(376,4,'Event 376','2024-03-31 22:21:37','Location 376','Ended',NULL),(377,4,'Event 377','2024-03-21 22:21:37','Location 377','Ended',NULL),(378,3,'Event 378','2024-04-17 22:21:37','Location 378','Ended',NULL),(379,1,'Event 379','2024-04-03 22:21:37','Location 379','Ended',NULL),(380,5,'Event 380','2024-04-03 22:21:37','Location 380','Ended',NULL),(381,3,'Event 381','2024-04-01 22:21:37','Location 381','Ended',NULL),(382,1,'Event 382','2024-03-31 22:21:37','Location 382','Ended',NULL),(383,3,'Event 383','2024-04-03 22:21:37','Location 383','Ended',NULL),(384,3,'Event 384','2024-03-29 22:21:37','Location 384','Ended',NULL),(385,4,'Event 385','2024-03-25 22:21:37','Location 385','Ended',NULL),(386,2,'Event 386','2024-04-13 22:21:37','Location 386','Ended',NULL),(387,5,'Event 387','2024-04-12 22:21:37','Location 387','Ended',NULL),(388,3,'Event 388','2024-04-16 22:21:37','Location 388','Ended',NULL),(389,5,'Event 389','2024-04-18 22:21:37','Location 389','Ended',NULL),(390,5,'Event 390','2024-04-03 22:21:37','Location 390','Ended',NULL),(391,4,'Event 391','2024-03-26 22:21:37','Location 391','Ended',NULL),(392,4,'Event 392','2024-03-29 22:21:37','Location 392','Ended',NULL),(393,2,'Event 393','2024-03-31 22:21:37','Location 393','Ended',NULL),(394,1,'Event 394','2024-04-07 22:21:37','Location 394','Ended',NULL),(395,4,'Event 395','2024-04-09 22:21:37','Location 395','Ended',NULL),(396,3,'Event 396','2024-03-28 22:21:37','Location 396','Ended',NULL),(397,3,'Event 397','2024-04-09 22:21:37','Location 397','Ended',NULL),(398,2,'Event 398','2024-04-18 22:21:37','Location 398','Ended',NULL),(399,2,'Event 399','2024-04-17 22:21:37','Location 399','Ended',NULL),(400,4,'Event 400','2024-04-07 22:21:37','Location 400','Ended',NULL),(401,1,'Event 401','2024-04-09 22:21:37','Location 401','Ended',NULL),(402,4,'Event 402','2024-03-29 22:21:37','Location 402','Ended',NULL),(403,3,'Event 403','2024-03-29 22:21:37','Location 403','Ended',NULL),(404,5,'Event 404','2024-04-16 22:21:37','Location 404','Ended',NULL),(405,3,'Event 405','2024-03-25 22:21:37','Location 405','Ended',NULL),(406,2,'Event 406','2024-03-29 22:21:37','Location 406','Ended',NULL),(407,4,'Event 407','2024-03-29 22:21:37','Location 407','Ended',NULL),(408,5,'Event 408','2024-04-06 22:21:37','Location 408','Ended',NULL),(409,3,'Event 409','2024-04-05 22:21:37','Location 409','Ended',NULL),(410,5,'Event 410','2024-03-29 22:21:37','Location 410','Ended',NULL),(411,4,'Event 411','2024-04-13 22:21:37','Location 411','Ended',NULL),(412,5,'Event 412','2024-03-21 22:21:37','Location 412','Ended',NULL),(413,5,'Event 413','2024-04-19 22:21:37','Location 413','Ended',NULL),(414,3,'Event 414','2024-03-21 22:21:37','Location 414','Ended',NULL),(415,3,'Event 415','2024-03-26 22:21:37','Location 415','Ended',NULL),(416,1,'Event 416','2024-03-24 22:21:37','Location 416','Ended',NULL),(417,2,'Event 417','2024-03-24 22:21:37','Location 417','Ended',NULL),(418,3,'Event 418','2024-04-09 22:21:37','Location 418','Ended',NULL),(419,1,'Event 419','2024-03-28 22:21:37','Location 419','Ended',NULL),(420,3,'Event 420','2024-03-24 22:21:37','Location 420','Ended',NULL),(421,2,'Event 421','2024-03-31 22:21:37','Location 421','Ended',NULL),(422,2,'Event 422','2024-03-28 22:21:37','Location 422','Ended',NULL),(423,5,'Event 423','2024-04-14 22:21:37','Location 423','Ended',NULL),(424,2,'Event 424','2024-03-24 22:21:37','Location 424','Ended',NULL),(425,4,'Event 425','2024-04-08 22:21:37','Location 425','Ended',NULL),(426,3,'Event 426','2024-04-07 22:21:37','Location 426','Ended',NULL),(427,2,'Event 427','2024-04-11 22:21:37','Location 427','Ended',NULL),(428,4,'Event 428','2024-04-16 22:21:37','Location 428','Ended',NULL),(429,5,'Event 429','2024-03-27 22:21:37','Location 429','Ended',NULL),(430,4,'Event 430','2024-03-28 22:21:37','Location 430','Ended',NULL),(431,1,'Event 431','2024-04-15 22:21:37','Location 431','Ended',NULL),(432,3,'Event 432','2024-03-22 22:21:37','Location 432','Ended',NULL),(433,1,'Event 433','2024-04-03 22:21:37','Location 433','Ended',NULL),(434,3,'Event 434','2024-04-05 22:21:37','Location 434','Ended',NULL),(435,4,'Event 435','2024-04-01 22:21:37','Location 435','Ended',NULL),(436,2,'Event 436','2024-04-15 22:21:37','Location 436','Ended',NULL),(437,5,'Event 437','2024-04-17 22:21:37','Location 437','Ended',NULL),(438,4,'Event 438','2024-03-26 22:21:37','Location 438','Ended',NULL),(439,2,'Event 439','2024-04-06 22:21:37','Location 439','Ended',NULL),(440,2,'Event 440','2024-04-14 22:21:37','Location 440','Ended',NULL),(441,2,'Event 441','2024-04-08 22:21:37','Location 441','Ended',NULL),(442,3,'Event 442','2024-04-08 22:21:37','Location 442','Ended',NULL),(443,1,'Event 443','2024-04-12 22:21:37','Location 443','Ended',NULL),(444,1,'Event 444','2024-04-10 22:21:37','Location 444','Ended',NULL),(445,1,'Event 445','2024-03-27 22:21:37','Location 445','Ended',NULL),(446,5,'Event 446','2024-04-06 22:21:37','Location 446','Ended',NULL),(447,4,'Event 447','2024-04-10 22:21:37','Location 447','Ended',NULL),(448,3,'Event 448','2024-04-03 22:21:37','Location 448','Ended',NULL),(449,3,'Event 449','2024-03-22 22:21:37','Location 449','Ended',NULL),(450,4,'Event 450','2024-04-03 22:21:37','Location 450','Ended',NULL),(451,5,'Event 451','2024-04-11 22:21:37','Location 451','Ended',NULL),(452,3,'Event 452','2024-04-04 22:21:37','Location 452','Ended',NULL),(453,5,'Event 453','2024-03-26 22:21:37','Location 453','Ended',NULL),(454,3,'Event 454','2024-03-28 22:21:37','Location 454','Ended',NULL),(455,2,'Event 455','2024-04-15 22:21:37','Location 455','Ended',NULL),(456,5,'Event 456','2024-04-09 22:21:37','Location 456','Ended',NULL),(457,2,'Event 457','2024-04-10 22:21:37','Location 457','Ended',NULL),(458,2,'Event 458','2024-04-10 22:21:37','Location 458','Ended',NULL),(459,5,'Event 459','2024-04-11 22:21:37','Location 459','Ended',NULL),(460,4,'Event 460','2024-04-10 22:21:37','Location 460','Ended',NULL),(461,5,'Event 461','2024-04-17 22:21:37','Location 461','Ended',NULL),(462,1,'Event 462','2024-03-31 22:21:37','Location 462','Ended',NULL),(463,4,'Event 463','2024-04-04 22:21:37','Location 463','Ended',NULL),(464,3,'Event 464','2024-03-31 22:21:37','Location 464','Ended',NULL),(465,5,'Event 465','2024-04-03 22:21:37','Location 465','Ended',NULL),(466,4,'Event 466','2024-03-28 22:21:37','Location 466','Ended',NULL),(467,3,'Event 467','2024-04-01 22:21:37','Location 467','Ended',NULL),(468,4,'Event 468','2024-03-27 22:21:37','Location 468','Ended',NULL),(469,5,'Event 469','2024-04-09 22:21:37','Location 469','Ended',NULL),(470,4,'Event 470','2024-04-08 22:21:37','Location 470','Ended',NULL),(471,3,'Event 471','2024-04-17 22:21:37','Location 471','Ended',NULL),(472,5,'Event 472','2024-04-15 22:21:37','Location 472','Ended',NULL),(473,1,'Event 473','2024-03-27 22:21:37','Location 473','Ended',NULL),(474,3,'Event 474','2024-04-01 22:21:37','Location 474','Ended',NULL),(475,4,'Event 475','2024-03-24 22:21:37','Location 475','Ended',NULL),(476,5,'Event 476','2024-04-11 22:21:37','Location 476','Ended',NULL),(477,4,'Event 477','2024-03-28 22:21:37','Location 477','Ended',NULL),(478,1,'Event 478','2024-04-01 22:21:37','Location 478','Ended',NULL),(479,5,'Event 479','2024-03-26 22:21:37','Location 479','Ended',NULL),(480,1,'Event 480','2024-04-11 22:21:37','Location 480','Ended',NULL),(481,5,'Event 481','2024-04-08 22:21:37','Location 481','Ended',NULL),(482,2,'Event 482','2024-04-14 22:21:37','Location 482','Ended',NULL),(483,4,'Event 483','2024-04-14 22:21:37','Location 483','Ended',NULL),(484,4,'Event 484','2024-04-19 22:21:37','Location 484','Ended',NULL),(485,4,'Event 485','2024-04-17 22:21:37','Location 485','Ended',NULL),(486,2,'Event 486','2024-04-18 22:21:37','Location 486','Ended',NULL),(487,5,'Event 487','2024-04-05 22:21:37','Location 487','Ended',NULL),(488,2,'Event 488','2024-04-07 22:21:37','Location 488','Ended',NULL),(489,3,'Event 489','2024-04-10 22:21:37','Location 489','Ended',NULL),(490,2,'Event 490','2024-04-09 22:21:37','Location 490','Ended',NULL),(491,5,'Event 491','2024-03-28 22:21:37','Location 491','Ended',NULL),(492,1,'Event 492','2024-03-25 22:21:37','Location 492','Ended',NULL),(493,5,'Event 493','2024-03-29 22:21:37','Location 493','Ended',NULL),(494,3,'Event 494','2024-04-15 22:21:37','Location 494','Ended',NULL),(495,3,'Event 495','2024-04-15 22:21:37','Location 495','Ended',NULL),(496,4,'Event 496','2024-04-01 22:21:37','Location 496','Ended',NULL),(497,3,'Event 497','2024-04-09 22:21:37','Location 497','Ended',NULL),(498,3,'Event 498','2024-03-24 22:21:37','Location 498','Ended',NULL),(499,5,'Event 499','2024-04-15 22:21:37','Location 499','Ended',NULL),(500,2,'Event 500','2024-04-19 22:21:37','Location 500','Ended',NULL),(501,5,'Event 501','2024-03-27 22:21:37','Location 501','Ended',NULL),(502,1,'Event 502','2024-03-24 22:21:37','Location 502','Ended',NULL),(503,2,'Event 503','2024-04-17 22:21:37','Location 503','Ended',NULL),(504,3,'Event 504','2024-04-17 22:21:37','Location 504','Ended',NULL),(505,5,'Event 505','2024-03-21 22:21:37','Location 505','Ended',NULL),(506,1,'Event 506','2024-03-28 22:21:37','Location 506','Ended',NULL),(507,5,'Event 507','2024-04-07 22:21:37','Location 507','Ended',NULL),(508,5,'Event 508','2024-04-14 22:21:37','Location 508','Ended',NULL),(509,2,'Event 509','2024-04-16 22:21:37','Location 509','Ended',NULL),(510,4,'Event 510','2024-03-24 22:21:37','Location 510','Ended',NULL),(511,2,'Event 511','2024-04-07 22:21:37','Location 511','Ended',NULL),(512,2,'Event 512','2024-03-28 22:21:37','Location 512','Ended',NULL),(513,3,'Event 513','2024-04-09 22:21:37','Location 513','Ended',NULL),(514,2,'Event 514','2024-03-27 22:21:37','Location 514','Ended',NULL),(515,2,'Event 515','2024-03-24 22:21:37','Location 515','Ended',NULL),(516,3,'Event 516','2024-03-26 22:21:37','Location 516','Ended',NULL),(517,2,'Event 517','2024-03-28 22:21:37','Location 517','Ended',NULL),(518,1,'Event 518','2024-03-24 22:21:37','Location 518','Ended',NULL),(519,3,'Event 519','2024-04-14 22:21:37','Location 519','Ended',NULL),(520,5,'Event 520','2024-04-03 22:21:37','Location 520','Ended',NULL),(521,5,'Event 521','2024-04-03 22:21:37','Location 521','Ended',NULL),(522,4,'Event 522','2024-04-01 22:21:37','Location 522','Ended',NULL),(523,4,'Event 523','2024-03-31 22:21:37','Location 523','Ended',NULL),(524,2,'Event 524','2024-03-25 22:21:37','Location 524','Ended',NULL),(525,4,'Event 525','2024-04-19 22:21:37','Location 525','Ended',NULL),(526,4,'Event 526','2024-04-06 22:21:37','Location 526','Ended',NULL),(527,2,'Event 527','2024-03-25 22:21:37','Location 527','Ended',NULL),(528,2,'Event 528','2024-04-16 22:21:37','Location 528','Ended',NULL),(529,3,'Event 529','2024-04-06 22:21:37','Location 529','Ended',NULL),(530,4,'Event 530','2024-03-31 22:21:37','Location 530','Ended',NULL),(531,2,'Event 531','2024-04-09 22:21:37','Location 531','Ended',NULL),(532,3,'Event 532','2024-04-10 22:21:37','Location 532','Ended',NULL),(533,3,'Event 533','2024-04-18 22:21:37','Location 533','Ended',NULL),(534,1,'Event 534','2024-04-08 22:21:37','Location 534','Ended',NULL),(535,1,'Event 535','2024-04-01 22:21:37','Location 535','Ended',NULL),(536,5,'Event 536','2024-03-28 22:21:37','Location 536','Ended',NULL),(537,5,'Event 537','2024-03-31 22:21:37','Location 537','Ended',NULL),(538,4,'Event 538','2024-04-03 22:21:37','Location 538','Ended',NULL),(539,5,'Event 539','2024-04-11 22:21:37','Location 539','Ended',NULL),(540,5,'Event 540','2024-03-29 22:21:37','Location 540','Ended',NULL),(541,5,'Event 541','2024-04-01 22:21:37','Location 541','Ended',NULL),(542,5,'Event 542','2024-03-24 22:21:37','Location 542','Ended',NULL),(543,4,'Event 543','2024-03-24 22:21:37','Location 543','Ended',NULL),(544,2,'Event 544','2024-03-23 22:21:37','Location 544','Ended',NULL),(545,5,'Event 545','2024-04-16 22:21:37','Location 545','Ended',NULL),(546,1,'Event 546','2024-03-27 22:21:37','Location 546','Ended',NULL),(547,4,'Event 547','2024-03-24 22:21:37','Location 547','Ended',NULL),(548,5,'Event 548','2024-04-12 22:21:37','Location 548','Ended',NULL),(549,3,'Event 549','2024-03-22 22:21:37','Location 549','Ended',NULL),(550,1,'Event 550','2024-04-18 22:21:37','Location 550','Ended',NULL),(551,5,'Event 551','2024-03-31 22:21:37','Location 551','Ended',NULL),(552,4,'Event 552','2024-04-13 22:21:37','Location 552','Ended',NULL),(553,2,'Event 553','2024-03-27 22:21:37','Location 553','Ended',NULL),(554,2,'Event 554','2024-03-30 22:21:37','Location 554','Ended',NULL),(555,1,'Event 555','2024-03-31 22:21:37','Location 555','Ended',NULL),(556,5,'Event 556','2024-03-25 22:21:37','Location 556','Ended',NULL),(557,2,'Event 557','2024-04-02 22:21:37','Location 557','Ended',NULL),(558,2,'Event 558','2024-04-10 22:21:37','Location 558','Ended',NULL),(559,4,'Event 559','2024-03-21 22:21:37','Location 559','Ended',NULL),(560,4,'Event 560','2024-03-30 22:21:37','Location 560','Ended',NULL),(561,3,'Event 561','2024-03-29 22:21:37','Location 561','Ended',NULL),(562,3,'Event 562','2024-04-18 22:21:37','Location 562','Ended',NULL),(563,4,'Event 563','2024-03-23 22:21:37','Location 563','Ended',NULL),(564,4,'Event 564','2024-03-30 22:21:37','Location 564','Ended',NULL),(565,1,'Event 565','2024-04-12 22:21:37','Location 565','Ended',NULL),(566,3,'Event 566','2024-04-16 22:21:37','Location 566','Ended',NULL),(567,3,'Event 567','2024-03-25 22:21:37','Location 567','Ended',NULL),(568,3,'Event 568','2024-03-27 22:21:37','Location 568','Ended',NULL),(569,2,'Event 569','2024-03-25 22:21:37','Location 569','Ended',NULL),(570,2,'Event 570','2024-04-18 22:21:37','Location 570','Ended',NULL),(571,3,'Event 571','2024-04-01 22:21:37','Location 571','Ended',NULL),(572,3,'Event 572','2024-03-23 22:21:37','Location 572','Ended',NULL),(573,5,'Event 573','2024-04-15 22:21:37','Location 573','Ended',NULL),(574,4,'Event 574','2024-04-15 22:21:37','Location 574','Ended',NULL),(575,5,'Event 575','2024-04-14 22:21:37','Location 575','Ended',NULL),(576,4,'Event 576','2024-03-29 22:21:37','Location 576','Ended',NULL),(577,2,'Event 577','2024-04-03 22:21:37','Location 577','Ended',NULL),(578,3,'Event 578','2024-04-16 22:21:37','Location 578','Ended',NULL),(579,3,'Event 579','2024-04-10 22:21:37','Location 579','Ended',NULL),(580,4,'Event 580','2024-04-09 22:21:37','Location 580','Ended',NULL),(581,3,'Event 581','2024-04-17 22:21:37','Location 581','Ended',NULL),(582,5,'Event 582','2024-03-22 22:21:37','Location 582','Ended',NULL),(583,3,'Event 583','2024-03-25 22:21:37','Location 583','Ended',NULL),(584,4,'Event 584','2024-04-12 22:21:37','Location 584','Ended',NULL),(585,2,'Event 585','2024-04-07 22:21:37','Location 585','Ended',NULL),(586,4,'Event 586','2024-04-04 22:21:37','Location 586','Ended',NULL),(587,2,'Event 587','2024-04-15 22:21:37','Location 587','Ended',NULL),(588,1,'Event 588','2024-04-15 22:21:37','Location 588','Ended',NULL),(589,1,'Event 589','2024-03-29 22:21:37','Location 589','Ended',NULL),(590,5,'Event 590','2024-04-11 22:21:37','Location 590','Ended',NULL),(591,5,'Event 591','2024-03-31 22:21:37','Location 591','Ended',NULL),(592,2,'Event 592','2024-04-06 22:21:37','Location 592','Ended',NULL),(593,4,'Event 593','2024-04-16 22:21:37','Location 593','Ended',NULL),(594,1,'Event 594','2024-03-27 22:21:37','Location 594','Ended',NULL),(595,1,'Event 595','2024-04-13 22:21:37','Location 595','Ended',NULL),(596,1,'Event 596','2024-03-22 22:21:37','Location 596','Ended',NULL),(597,4,'Event 597','2024-04-10 22:21:37','Location 597','Ended',NULL),(598,5,'Event 598','2024-04-02 22:21:37','Location 598','Ended',NULL),(599,3,'Event 599','2024-03-26 22:21:37','Location 599','Ended',NULL),(600,3,'Event 600','2024-04-06 22:21:37','Location 600','Ended',NULL),(601,5,'Event 601','2024-03-28 22:21:37','Location 601','Ended',NULL),(602,1,'Event 602','2024-04-09 22:21:37','Location 602','Ended',NULL),(603,5,'Event 603','2024-04-04 22:21:37','Location 603','Ended',NULL),(604,2,'Event 604','2024-03-24 22:21:37','Location 604','Ended',NULL),(605,2,'Event 605','2024-03-25 22:21:37','Location 605','Ended',NULL),(606,3,'Event 606','2024-03-24 22:21:37','Location 606','Ended',NULL),(607,5,'Event 607','2024-04-14 22:21:37','Location 607','Ended',NULL),(608,4,'Event 608','2024-04-04 22:21:37','Location 608','Ended',NULL),(609,5,'Event 609','2024-04-10 22:21:37','Location 609','Ended',NULL),(610,3,'Event 610','2024-03-25 22:21:37','Location 610','Ended',NULL),(611,5,'Event 611','2024-03-27 22:21:37','Location 611','Ended',NULL),(612,3,'Event 612','2024-04-04 22:21:37','Location 612','Ended',NULL),(613,2,'Event 613','2024-03-29 22:21:37','Location 613','Ended',NULL),(614,4,'Event 614','2024-03-24 22:21:37','Location 614','Ended',NULL),(615,3,'Event 615','2024-03-30 22:21:37','Location 615','Ended',NULL),(616,4,'Event 616','2024-04-13 22:21:37','Location 616','Ended',NULL),(617,1,'Event 617','2024-04-06 22:21:37','Location 617','Ended',NULL),(618,1,'Event 618','2024-04-02 22:21:37','Location 618','Ended',NULL),(619,2,'Event 619','2024-04-13 22:21:37','Location 619','Ended',NULL),(620,2,'Event 620','2024-04-18 22:21:37','Location 620','Ended',NULL),(621,5,'Event 621','2024-03-21 22:21:37','Location 621','Ended',NULL),(622,3,'Event 622','2024-03-27 22:21:37','Location 622','Ended',NULL),(623,2,'Event 623','2024-04-08 22:21:37','Location 623','Ended',NULL),(624,3,'Event 624','2024-03-29 22:21:37','Location 624','Ended',NULL),(625,5,'Event 625','2024-04-03 22:21:37','Location 625','Ended',NULL),(626,4,'Event 626','2024-03-28 22:21:37','Location 626','Ended',NULL),(627,5,'Event 627','2024-03-31 22:21:37','Location 627','Ended',NULL),(628,2,'Event 628','2024-04-01 22:21:37','Location 628','Ended',NULL),(629,5,'Event 629','2024-04-18 22:21:37','Location 629','Ended',NULL),(630,1,'Event 630','2024-04-08 22:21:37','Location 630','Ended',NULL),(631,5,'Event 631','2024-03-25 22:21:37','Location 631','Ended',NULL),(632,5,'Event 632','2024-03-22 22:21:37','Location 632','Ended',NULL),(633,4,'Event 633','2024-03-21 22:21:37','Location 633','Ended',NULL),(634,2,'Event 634','2024-04-11 22:21:37','Location 634','Ended',NULL),(635,5,'Event 635','2024-04-19 22:21:37','Location 635','Ended',NULL),(636,1,'Event 636','2024-04-07 22:21:37','Location 636','Ended',NULL),(637,1,'Event 637','2024-04-12 22:21:37','Location 637','Ended',NULL),(638,5,'Event 638','2024-03-23 22:21:37','Location 638','Ended',NULL),(639,4,'Event 639','2024-03-30 22:21:37','Location 639','Ended',NULL),(640,5,'Event 640','2024-03-23 22:21:37','Location 640','Ended',NULL),(641,3,'Event 641','2024-03-23 22:21:37','Location 641','Ended',NULL),(642,5,'Event 642','2024-04-01 22:21:37','Location 642','Ended',NULL),(643,5,'Event 643','2024-04-15 22:21:37','Location 643','Ended',NULL),(644,1,'Event 644','2024-03-24 22:21:37','Location 644','Ended',NULL),(645,2,'Event 645','2024-03-23 22:21:37','Location 645','Ended',NULL),(646,4,'Event 646','2024-04-08 22:21:37','Location 646','Ended',NULL),(647,5,'Event 647','2024-04-09 22:21:37','Location 647','Ended',NULL),(648,3,'Event 648','2024-04-10 22:21:37','Location 648','Ended',NULL),(649,3,'Event 649','2024-04-05 22:21:37','Location 649','Ended',NULL),(650,5,'Event 650','2024-03-31 22:21:37','Location 650','Ended',NULL),(651,5,'Event 651','2024-03-29 22:21:37','Location 651','Ended',NULL),(652,4,'Event 652','2024-04-11 22:21:37','Location 652','Ended',NULL),(653,2,'Event 653','2024-03-24 22:21:37','Location 653','Ended',NULL),(654,2,'Event 654','2024-04-14 22:21:37','Location 654','Ended',NULL),(655,2,'Event 655','2024-03-22 22:21:37','Location 655','Ended',NULL),(656,4,'Event 656','2024-03-22 22:21:37','Location 656','Ended',NULL),(657,1,'Event 657','2024-04-13 22:21:37','Location 657','Ended',NULL),(658,5,'Event 658','2024-03-29 22:21:37','Location 658','Ended',NULL),(659,4,'Event 659','2024-04-09 22:21:37','Location 659','Ended',NULL),(660,4,'Event 660','2024-04-09 22:21:37','Location 660','Ended',NULL),(661,5,'Event 661','2024-03-26 22:21:37','Location 661','Ended',NULL),(662,4,'Event 662','2024-03-27 22:21:37','Location 662','Ended',NULL),(663,4,'Event 663','2024-04-07 22:21:37','Location 663','Ended',NULL),(664,1,'Event 664','2024-04-05 22:21:37','Location 664','Ended',NULL),(665,1,'Event 665','2024-04-11 22:21:37','Location 665','Ended',NULL),(666,2,'Event 666','2024-04-03 22:21:37','Location 666','Ended',NULL),(667,2,'Event 667','2024-04-15 22:21:37','Location 667','Ended',NULL),(668,1,'Event 668','2024-03-28 22:21:37','Location 668','Ended',NULL),(669,5,'Event 669','2024-04-18 22:21:37','Location 669','Ended',NULL),(670,3,'Event 670','2024-04-06 22:21:37','Location 670','Ended',NULL),(671,2,'Event 671','2024-04-17 22:21:37','Location 671','Ended',NULL),(672,2,'Event 672','2024-04-17 22:21:37','Location 672','Ended',NULL),(673,5,'Event 673','2024-04-05 22:21:37','Location 673','Ended',NULL),(674,2,'Event 674','2024-04-09 22:21:37','Location 674','Ended',NULL),(675,1,'Event 675','2024-03-31 22:21:37','Location 675','Ended',NULL),(676,1,'Event 676','2024-03-21 22:21:37','Location 676','Ended',NULL),(677,3,'Event 677','2024-04-16 22:21:37','Location 677','Ended',NULL),(678,5,'Event 678','2024-03-22 22:21:37','Location 678','Ended',NULL),(679,3,'Event 679','2024-04-07 22:21:37','Location 679','Ended',NULL),(680,2,'Event 680','2024-03-31 22:21:37','Location 680','Ended',NULL),(681,5,'Event 681','2024-04-14 22:21:37','Location 681','Ended',NULL),(682,3,'Event 682','2024-04-15 22:21:37','Location 682','Ended',NULL),(683,5,'Event 683','2024-04-02 22:21:37','Location 683','Ended',NULL),(684,4,'Event 684','2024-03-28 22:21:37','Location 684','Ended',NULL),(685,2,'Event 685','2024-04-07 22:21:37','Location 685','Ended',NULL),(686,1,'Event 686','2024-03-23 22:21:37','Location 686','Ended',NULL),(687,2,'Event 687','2024-04-02 22:21:37','Location 687','Ended',NULL),(688,2,'Event 688','2024-03-21 22:21:37','Location 688','Ended',NULL),(689,1,'Event 689','2024-04-09 22:21:37','Location 689','Ended',NULL),(690,5,'Event 690','2024-04-08 22:21:37','Location 690','Ended',NULL),(691,3,'Event 691','2024-03-29 22:21:37','Location 691','Ended',NULL),(692,3,'Event 692','2024-03-30 22:21:37','Location 692','Ended',NULL),(693,2,'Event 693','2024-04-06 22:21:37','Location 693','Ended',NULL),(694,3,'Event 694','2024-04-18 22:21:37','Location 694','Ended',NULL),(695,1,'Event 695','2024-04-07 22:21:37','Location 695','Ended',NULL),(696,1,'Event 696','2024-03-22 22:21:37','Location 696','Ended',NULL),(697,4,'Event 697','2024-04-02 22:21:37','Location 697','Ended',NULL),(698,1,'Event 698','2024-04-14 22:21:37','Location 698','Ended',NULL),(699,3,'Event 699','2024-03-22 22:21:37','Location 699','Ended',NULL),(700,5,'Event 700','2024-03-29 22:21:37','Location 700','Ended',NULL),(701,5,'Event 701','2024-04-19 22:21:37','Location 701','Ended',NULL),(702,3,'Event 702','2024-04-02 22:21:37','Location 702','Ended',NULL),(703,5,'Event 703','2024-04-03 22:21:37','Location 703','Ended',NULL),(704,2,'Event 704','2024-04-15 22:21:37','Location 704','Ended',NULL),(705,1,'Event 705','2024-03-26 22:21:37','Location 705','Ended',NULL),(706,2,'Event 706','2024-04-05 22:21:37','Location 706','Ended',NULL),(707,1,'Event 707','2024-03-30 22:21:37','Location 707','Ended',NULL),(708,5,'Event 708','2024-04-19 22:21:37','Location 708','Ended',NULL),(709,1,'Event 709','2024-03-31 22:21:37','Location 709','Ended',NULL),(710,4,'Event 710','2024-04-10 22:21:37','Location 710','Ended',NULL),(711,5,'Event 711','2024-04-11 22:21:37','Location 711','Ended',NULL),(712,3,'Event 712','2024-03-21 22:21:37','Location 712','Ended',NULL),(713,4,'Event 713','2024-04-07 22:21:37','Location 713','Ended',NULL),(714,1,'Event 714','2024-03-26 22:21:37','Location 714','Ended',NULL),(715,1,'Event 715','2024-04-06 22:21:37','Location 715','Ended',NULL),(716,4,'Event 716','2024-04-09 22:21:37','Location 716','Ended',NULL),(717,1,'Event 717','2024-04-04 22:21:37','Location 717','Ended',NULL),(718,1,'Event 718','2024-03-22 22:21:37','Location 718','Ended',NULL),(719,1,'Event 719','2024-04-06 22:21:37','Location 719','Ended',NULL),(720,1,'Event 720','2024-03-31 22:21:37','Location 720','Ended',NULL),(721,4,'Event 721','2024-04-14 22:21:37','Location 721','Ended',NULL),(722,3,'Event 722','2024-04-10 22:21:37','Location 722','Ended',NULL),(723,5,'Event 723','2024-04-10 22:21:37','Location 723','Ended',NULL),(724,3,'Event 724','2024-04-16 22:21:37','Location 724','Ended',NULL),(725,2,'Event 725','2024-03-30 22:21:37','Location 725','Ended',NULL),(726,1,'Event 726','2024-04-16 22:21:37','Location 726','Ended',NULL),(727,1,'Event 727','2024-04-13 22:21:37','Location 727','Ended',NULL),(728,1,'Event 728','2024-03-22 22:21:37','Location 728','Ended',NULL),(729,4,'Event 729','2024-04-14 22:21:37','Location 729','Ended',NULL),(730,5,'Event 730','2024-04-16 22:21:37','Location 730','Ended',NULL),(731,1,'Event 731','2024-03-26 22:21:37','Location 731','Ended',NULL),(732,4,'Event 732','2024-03-25 22:21:37','Location 732','Ended',NULL),(733,3,'Event 733','2024-04-03 22:21:37','Location 733','Ended',NULL),(734,3,'Event 734','2024-03-21 22:21:37','Location 734','Ended',NULL),(735,4,'Event 735','2024-04-06 22:21:37','Location 735','Ended',NULL),(736,3,'Event 736','2024-04-18 22:21:37','Location 736','Ended',NULL),(737,2,'Event 737','2024-03-25 22:21:37','Location 737','Ended',NULL),(738,5,'Event 738','2024-04-13 22:21:37','Location 738','Ended',NULL),(739,2,'Event 739','2024-04-05 22:21:37','Location 739','Ended',NULL),(740,5,'Event 740','2024-04-06 22:21:37','Location 740','Ended',NULL),(741,5,'Event 741','2024-04-19 22:21:37','Location 741','Ended',NULL),(742,3,'Event 742','2024-04-15 22:21:37','Location 742','Ended',NULL),(743,2,'Event 743','2024-04-04 22:21:37','Location 743','Ended',NULL),(744,1,'Event 744','2024-04-11 22:21:37','Location 744','Ended',NULL),(745,5,'Event 745','2024-04-06 22:21:37','Location 745','Ended',NULL),(746,4,'Event 746','2024-03-23 22:21:37','Location 746','Ended',NULL),(747,2,'Event 747','2024-03-29 22:21:37','Location 747','Ended',NULL),(748,1,'Event 748','2024-03-21 22:21:37','Location 748','Ended',NULL),(749,4,'Event 749','2024-04-06 22:21:37','Location 749','Ended',NULL),(750,3,'Event 750','2024-03-22 22:21:37','Location 750','Ended',NULL),(751,3,'Event 751','2024-04-01 22:21:37','Location 751','Ended',NULL),(752,1,'Event 752','2024-04-14 22:21:37','Location 752','Ended',NULL),(753,4,'Event 753','2024-04-01 22:21:37','Location 753','Ended',NULL),(754,4,'Event 754','2024-04-13 22:21:37','Location 754','Ended',NULL),(755,1,'Event 755','2024-04-07 22:21:37','Location 755','Ended',NULL),(756,1,'Event 756','2024-04-05 22:21:37','Location 756','Ended',NULL),(757,3,'Event 757','2024-04-08 22:21:37','Location 757','Ended',NULL),(758,5,'Event 758','2024-03-27 22:21:37','Location 758','Ended',NULL),(759,5,'Event 759','2024-04-17 22:21:37','Location 759','Ended',NULL),(760,5,'Event 760','2024-04-11 22:21:37','Location 760','Ended',NULL),(761,1,'Event 761','2024-04-07 22:21:37','Location 761','Ended',NULL),(762,3,'Event 762','2024-04-10 22:21:37','Location 762','Ended',NULL),(763,3,'Event 763','2024-04-04 22:21:37','Location 763','Ended',NULL),(764,2,'Event 764','2024-04-17 22:21:37','Location 764','Ended',NULL),(765,4,'Event 765','2024-04-10 22:21:37','Location 765','Ended',NULL),(766,5,'Event 766','2024-03-25 22:21:37','Location 766','Ended',NULL),(767,2,'Event 767','2024-03-30 22:21:37','Location 767','Ended',NULL),(768,3,'Event 768','2024-04-09 22:21:37','Location 768','Ended',NULL),(769,5,'Event 769','2024-04-11 22:21:37','Location 769','Ended',NULL),(770,5,'Event 770','2024-04-03 22:21:37','Location 770','Ended',NULL),(771,1,'Event 771','2024-04-07 22:21:37','Location 771','Ended',NULL),(772,2,'Event 772','2024-03-30 22:21:37','Location 772','Ended',NULL),(773,1,'Event 773','2024-04-02 22:21:37','Location 773','Ended',NULL),(774,5,'Event 774','2024-04-10 22:21:37','Location 774','Ended',NULL),(775,4,'Event 775','2024-04-19 22:21:37','Location 775','Ended',NULL),(776,4,'Event 776','2024-04-09 22:21:37','Location 776','Ended',NULL),(777,1,'Event 777','2024-04-16 22:21:37','Location 777','Ended',NULL),(778,2,'Event 778','2024-04-08 22:21:37','Location 778','Ended',NULL),(779,1,'Event 779','2024-04-08 22:21:37','Location 779','Ended',NULL),(780,5,'Event 780','2024-03-23 22:21:37','Location 780','Ended',NULL),(781,4,'Event 781','2024-04-19 22:21:37','Location 781','Ended',NULL),(782,5,'Event 782','2024-04-01 22:21:37','Location 782','Ended',NULL),(783,3,'Event 783','2024-04-13 22:21:37','Location 783','Ended',NULL),(784,5,'Event 784','2024-04-02 22:21:37','Location 784','Ended',NULL),(785,5,'Event 785','2024-04-04 22:21:37','Location 785','Ended',NULL),(786,2,'Event 786','2024-03-27 22:21:37','Location 786','Ended',NULL),(787,1,'Event 787','2024-04-01 22:21:37','Location 787','Ended',NULL),(788,1,'Event 788','2024-04-01 22:21:37','Location 788','Ended',NULL),(789,1,'Event 789','2024-04-05 22:21:37','Location 789','Ended',NULL),(790,4,'Event 790','2024-04-07 22:21:37','Location 790','Ended',NULL),(791,2,'Event 791','2024-04-02 22:21:37','Location 791','Ended',NULL),(792,4,'Event 792','2024-04-03 22:21:37','Location 792','Ended',NULL),(793,4,'Event 793','2024-04-02 22:21:37','Location 793','Ended',NULL),(794,5,'Event 794','2024-04-10 22:21:37','Location 794','Ended',NULL),(795,5,'Event 795','2024-04-07 22:21:37','Location 795','Ended',NULL),(796,3,'Event 796','2024-03-23 22:21:37','Location 796','Ended',NULL),(797,1,'Event 797','2024-04-06 22:21:37','Location 797','Ended',NULL),(798,1,'Event 798','2024-04-15 22:21:37','Location 798','Ended',NULL),(799,1,'Event 799','2024-04-02 22:21:37','Location 799','Ended',NULL),(800,1,'Event 800','2024-04-05 22:21:37','Location 800','Ended',NULL),(801,5,'Event 801','2024-04-08 22:21:37','Location 801','Ended',NULL),(802,1,'Event 802','2024-03-31 22:21:37','Location 802','Ended',NULL),(803,5,'Event 803','2024-04-11 22:21:37','Location 803','Ended',NULL),(804,5,'Event 804','2024-04-06 22:21:37','Location 804','Ended',NULL),(805,1,'Event 805','2024-03-30 22:21:37','Location 805','Ended',NULL),(806,4,'Event 806','2024-04-11 22:21:37','Location 806','Ended',NULL),(807,4,'Event 807','2024-04-06 22:21:37','Location 807','Ended',NULL),(808,1,'Event 808','2024-04-02 22:21:37','Location 808','Ended',NULL),(809,4,'Event 809','2024-04-13 22:21:37','Location 809','Ended',NULL),(810,1,'Event 810','2024-03-21 22:21:37','Location 810','Ended',NULL),(811,3,'Event 811','2024-04-08 22:21:37','Location 811','Ended',NULL),(812,4,'Event 812','2024-04-03 22:21:37','Location 812','Ended',NULL),(813,1,'Event 813','2024-03-21 22:21:37','Location 813','Ended',NULL),(814,4,'Event 814','2024-04-07 22:21:37','Location 814','Ended',NULL),(815,4,'Event 815','2024-04-10 22:21:37','Location 815','Ended',NULL),(816,1,'Event 816','2024-04-16 22:21:37','Location 816','Ended',NULL),(817,4,'Event 817','2024-03-22 22:21:37','Location 817','Ended',NULL),(818,4,'Event 818','2024-04-12 22:21:37','Location 818','Ended',NULL),(819,4,'Event 819','2024-03-31 22:21:37','Location 819','Ended',NULL),(820,3,'Event 820','2024-04-04 22:21:37','Location 820','Ended',NULL),(821,1,'Event 821','2024-04-12 22:21:37','Location 821','Ended',NULL),(822,3,'Event 822','2024-03-27 22:21:37','Location 822','Ended',NULL),(823,3,'Event 823','2024-04-07 22:21:37','Location 823','Ended',NULL),(824,3,'Event 824','2024-04-03 22:21:37','Location 824','Ended',NULL),(825,4,'Event 825','2024-03-28 22:21:37','Location 825','Ended',NULL),(826,1,'Event 826','2024-04-11 22:21:37','Location 826','Ended',NULL),(827,1,'Event 827','2024-03-28 22:21:37','Location 827','Ended',NULL),(828,3,'Event 828','2024-03-24 22:21:37','Location 828','Ended',NULL),(829,4,'Event 829','2024-04-04 22:21:37','Location 829','Ended',NULL),(830,4,'Event 830','2024-04-02 22:21:37','Location 830','Ended',NULL),(831,3,'Event 831','2024-04-12 22:21:37','Location 831','Ended',NULL),(832,5,'Event 832','2024-03-25 22:21:37','Location 832','Ended',NULL),(833,1,'Event 833','2024-03-21 22:21:37','Location 833','Ended',NULL),(834,2,'Event 834','2024-03-24 22:21:37','Location 834','Ended',NULL),(835,3,'Event 835','2024-04-07 22:21:37','Location 835','Ended',NULL),(836,5,'Event 836','2024-04-17 22:21:37','Location 836','Ended',NULL),(837,5,'Event 837','2024-04-07 22:21:37','Location 837','Ended',NULL),(838,4,'Event 838','2024-04-07 22:21:37','Location 838','Ended',NULL),(839,2,'Event 839','2024-03-23 22:21:37','Location 839','Ended',NULL),(840,1,'Event 840','2024-03-28 22:21:37','Location 840','Ended',NULL),(841,2,'Event 841','2024-04-17 22:21:37','Location 841','Ended',NULL),(842,1,'Event 842','2024-03-24 22:21:37','Location 842','Ended',NULL),(843,4,'Event 843','2024-03-22 22:21:37','Location 843','Ended',NULL),(844,2,'Event 844','2024-04-19 22:21:37','Location 844','Ended',NULL),(845,5,'Event 845','2024-04-19 22:21:37','Location 845','Ended',NULL),(846,5,'Event 846','2024-04-04 22:21:37','Location 846','Ended',NULL),(847,5,'Event 847','2024-04-01 22:21:37','Location 847','Ended',NULL),(848,2,'Event 848','2024-03-27 22:21:37','Location 848','Ended',NULL),(849,4,'Event 849','2024-03-28 22:21:37','Location 849','Ended',NULL),(850,3,'Event 850','2024-04-14 22:21:37','Location 850','Ended',NULL),(851,5,'Event 851','2024-03-29 22:21:37','Location 851','Ended',NULL),(852,4,'Event 852','2024-04-18 22:21:37','Location 852','Ended',NULL),(853,3,'Event 853','2024-03-23 22:21:37','Location 853','Ended',NULL),(854,5,'Event 854','2024-03-25 22:21:37','Location 854','Ended',NULL),(855,3,'Event 855','2024-03-30 22:21:37','Location 855','Ended',NULL),(856,2,'Event 856','2024-03-30 22:21:37','Location 856','Ended',NULL),(857,4,'Event 857','2024-03-27 22:21:37','Location 857','Ended',NULL),(858,4,'Event 858','2024-04-03 22:21:37','Location 858','Ended',NULL),(859,5,'Event 859','2024-03-31 22:21:37','Location 859','Ended',NULL),(860,5,'Event 860','2024-04-11 22:21:37','Location 860','Ended',NULL),(861,1,'Event 861','2024-04-05 22:21:37','Location 861','Ended',NULL),(862,3,'Event 862','2024-04-08 22:21:37','Location 862','Ended',NULL),(863,3,'Event 863','2024-03-30 22:21:37','Location 863','Ended',NULL),(864,1,'Event 864','2024-04-18 22:21:37','Location 864','Ended',NULL),(865,5,'Event 865','2024-03-31 22:21:37','Location 865','Ended',NULL),(866,2,'Event 866','2024-04-09 22:21:37','Location 866','Ended',NULL),(867,3,'Event 867','2024-03-29 22:21:37','Location 867','Ended',NULL),(868,4,'Event 868','2024-04-11 22:21:37','Location 868','Ended',NULL),(869,4,'Event 869','2024-04-15 22:21:37','Location 869','Ended',NULL),(870,4,'Event 870','2024-04-07 22:21:37','Location 870','Ended',NULL),(871,2,'Event 871','2024-03-23 22:21:37','Location 871','Ended',NULL),(872,1,'Event 872','2024-04-09 22:21:37','Location 872','Ended',NULL),(873,5,'Event 873','2024-03-21 22:21:37','Location 873','Ended',NULL),(874,2,'Event 874','2024-03-25 22:21:37','Location 874','Ended',NULL),(875,3,'Event 875','2024-04-01 22:21:37','Location 875','Ended',NULL),(876,1,'Event 876','2024-03-31 22:21:37','Location 876','Ended',NULL),(877,3,'Event 877','2024-04-16 22:21:37','Location 877','Ended',NULL),(878,1,'Event 878','2024-03-24 22:21:37','Location 878','Ended',NULL),(879,1,'Event 879','2024-04-17 22:21:37','Location 879','Ended',NULL),(880,4,'Event 880','2024-04-03 22:21:37','Location 880','Ended',NULL),(881,4,'Event 881','2024-03-27 22:21:37','Location 881','Ended',NULL),(882,5,'Event 882','2024-03-22 22:21:37','Location 882','Ended',NULL),(883,5,'Event 883','2024-03-21 22:21:37','Location 883','Ended',NULL),(884,5,'Event 884','2024-03-21 22:21:37','Location 884','Ended',NULL),(885,2,'Event 885','2024-04-03 22:21:37','Location 885','Ended',NULL),(886,2,'Event 886','2024-04-13 22:21:37','Location 886','Ended',NULL),(887,1,'Event 887','2024-04-14 22:21:37','Location 887','Ended',NULL),(888,1,'Event 888','2024-03-27 22:21:37','Location 888','Ended',NULL),(889,4,'Event 889','2024-04-13 22:21:37','Location 889','Ended',NULL),(890,1,'Event 890','2024-04-01 22:21:37','Location 890','Ended',NULL),(891,2,'Event 891','2024-03-22 22:21:37','Location 891','Ended',NULL),(892,1,'Event 892','2024-04-01 22:21:37','Location 892','Ended',NULL),(893,3,'Event 893','2024-03-27 22:21:37','Location 893','Ended',NULL),(894,4,'Event 894','2024-04-05 22:21:37','Location 894','Ended',NULL),(895,4,'Event 895','2024-04-12 22:21:37','Location 895','Ended',NULL),(896,2,'Event 896','2024-04-13 22:21:37','Location 896','Ended',NULL),(897,3,'Event 897','2024-04-13 22:21:37','Location 897','Ended',NULL),(898,5,'Event 898','2024-04-07 22:21:37','Location 898','Ended',NULL),(899,1,'Event 899','2024-04-06 22:21:37','Location 899','Ended',NULL),(900,5,'Event 900','2024-04-15 22:21:37','Location 900','Ended',NULL),(901,2,'Event 901','2024-04-10 22:21:37','Location 901','Ended',NULL),(902,2,'Event 902','2024-04-11 22:21:37','Location 902','Ended',NULL),(903,2,'Event 903','2024-04-08 22:21:37','Location 903','Ended',NULL),(904,2,'Event 904','2024-04-15 22:21:37','Location 904','Ended',NULL),(905,1,'Event 905','2024-03-25 22:21:37','Location 905','Ended',NULL),(906,2,'Event 906','2024-04-07 22:21:37','Location 906','Ended',NULL),(907,5,'Event 907','2024-04-12 22:21:37','Location 907','Ended',NULL),(908,2,'Event 908','2024-04-13 22:21:37','Location 908','Ended',NULL),(909,3,'Event 909','2024-04-05 22:21:37','Location 909','Ended',NULL),(910,4,'Event 910','2024-04-19 22:21:37','Location 910','Ended',NULL),(911,1,'Event 911','2024-04-03 22:21:37','Location 911','Ended',NULL),(912,4,'Event 912','2024-03-21 22:21:37','Location 912','Ended',NULL),(913,5,'Event 913','2024-04-01 22:21:37','Location 913','Ended',NULL),(914,1,'Event 914','2024-03-30 22:21:37','Location 914','Ended',NULL),(915,3,'Event 915','2024-04-15 22:21:37','Location 915','Ended',NULL),(916,2,'Event 916','2024-04-08 22:21:37','Location 916','Ended',NULL),(917,5,'Event 917','2024-04-05 22:21:37','Location 917','Ended',NULL),(918,3,'Event 918','2024-04-15 22:21:37','Location 918','Ended',NULL),(919,1,'Event 919','2024-04-05 22:21:37','Location 919','Ended',NULL),(920,2,'Event 920','2024-04-08 22:21:37','Location 920','Ended',NULL),(921,1,'Event 921','2024-04-12 22:21:37','Location 921','Ended',NULL),(922,1,'Event 922','2024-04-06 22:21:37','Location 922','Ended',NULL),(923,2,'Event 923','2024-03-30 22:21:37','Location 923','Ended',NULL),(924,4,'Event 924','2024-04-10 22:21:37','Location 924','Ended',NULL),(925,4,'Event 925','2024-04-03 22:21:37','Location 925','Ended',NULL),(926,1,'Event 926','2024-04-08 22:21:37','Location 926','Ended',NULL),(927,4,'Event 927','2024-04-06 22:21:37','Location 927','Ended',NULL),(928,2,'Event 928','2024-03-26 22:21:37','Location 928','Ended',NULL),(929,5,'Event 929','2024-03-29 22:21:37','Location 929','Ended',NULL),(930,5,'Event 930','2024-04-10 22:21:37','Location 930','Ended',NULL),(931,2,'Event 931','2024-04-10 22:21:37','Location 931','Ended',NULL),(932,1,'Event 932','2024-04-01 22:21:37','Location 932','Ended',NULL),(933,1,'Event 933','2024-04-01 22:21:37','Location 933','Ended',NULL),(934,1,'Event 934','2024-03-24 22:21:37','Location 934','Ended',NULL),(935,5,'Event 935','2024-03-25 22:21:37','Location 935','Ended',NULL),(936,4,'Event 936','2024-03-29 22:21:37','Location 936','Ended',NULL),(937,4,'Event 937','2024-04-05 22:21:37','Location 937','Ended',NULL),(938,4,'Event 938','2024-03-25 22:21:37','Location 938','Ended',NULL),(939,4,'Event 939','2024-03-21 22:21:37','Location 939','Ended',NULL),(940,3,'Event 940','2024-03-25 22:21:37','Location 940','Ended',NULL),(941,5,'Event 941','2024-04-03 22:21:37','Location 941','Ended',NULL),(942,1,'Event 942','2024-04-09 22:21:37','Location 942','Ended',NULL),(943,4,'Event 943','2024-04-11 22:21:37','Location 943','Ended',NULL),(944,4,'Event 944','2024-03-27 22:21:37','Location 944','Ended',NULL),(945,2,'Event 945','2024-04-04 22:21:37','Location 945','Ended',NULL),(946,5,'Event 946','2024-04-04 22:21:37','Location 946','Ended',NULL),(947,1,'Event 947','2024-04-07 22:21:37','Location 947','Ended',NULL),(948,5,'Event 948','2024-04-17 22:21:37','Location 948','Ended',NULL),(949,1,'Event 949','2024-04-02 22:21:37','Location 949','Ended',NULL),(950,5,'Event 950','2024-04-07 22:21:37','Location 950','Ended',NULL),(951,1,'Event 951','2024-03-29 22:21:37','Location 951','Ended',NULL),(952,3,'Event 952','2024-04-17 22:21:37','Location 952','Ended',NULL),(953,5,'Event 953','2024-04-02 22:21:37','Location 953','Ended',NULL),(954,3,'Event 954','2024-04-13 22:21:37','Location 954','Ended',NULL),(955,1,'Event 955','2024-03-25 22:21:37','Location 955','Ended',NULL),(956,3,'Event 956','2024-03-22 22:21:37','Location 956','Ended',NULL),(957,3,'Event 957','2024-04-02 22:21:37','Location 957','Ended',NULL),(958,3,'Event 958','2024-04-06 22:21:37','Location 958','Ended',NULL),(959,5,'Event 959','2024-04-16 22:21:37','Location 959','Ended',NULL),(960,1,'Event 960','2024-04-08 22:21:37','Location 960','Ended',NULL),(961,2,'Event 961','2024-03-27 22:21:37','Location 961','Ended',NULL),(962,1,'Event 962','2024-04-02 22:21:37','Location 962','Ended',NULL),(963,1,'Event 963','2024-03-29 22:21:37','Location 963','Ended',NULL),(964,1,'Event 964','2024-03-30 22:21:37','Location 964','Ended',NULL),(965,3,'Event 965','2024-04-14 22:21:37','Location 965','Ended',NULL),(966,3,'Event 966','2024-04-07 22:21:37','Location 966','Ended',NULL),(967,4,'Event 967','2024-04-17 22:21:37','Location 967','Ended',NULL),(968,4,'Event 968','2024-04-02 22:21:37','Location 968','Ended',NULL),(969,1,'Event 969','2024-04-11 22:21:37','Location 969','Ended',NULL),(970,5,'Event 970','2024-04-10 22:21:37','Location 970','Ended',NULL),(971,1,'Event 971','2024-03-24 22:21:37','Location 971','Ended',NULL),(972,2,'Event 972','2024-03-28 22:21:37','Location 972','Ended',NULL),(973,4,'Event 973','2024-03-31 22:21:37','Location 973','Ended',NULL),(974,2,'Event 974','2024-03-30 22:21:37','Location 974','Ended',NULL),(975,4,'Event 975','2024-04-17 22:21:37','Location 975','Ended',NULL),(976,5,'Event 976','2024-04-11 22:21:37','Location 976','Ended',NULL),(977,1,'Event 977','2024-03-22 22:21:37','Location 977','Ended',NULL),(978,3,'Event 978','2024-04-15 22:21:37','Location 978','Ended',NULL),(979,1,'Event 979','2024-04-09 22:21:37','Location 979','Ended',NULL),(980,5,'Event 980','2024-04-04 22:21:37','Location 980','Ended',NULL),(981,2,'Event 981','2024-03-23 22:21:37','Location 981','Ended',NULL),(982,1,'Event 982','2024-04-05 22:21:37','Location 982','Ended',NULL),(983,2,'Event 983','2024-04-07 22:21:37','Location 983','Ended',NULL),(984,3,'Event 984','2024-04-19 22:21:37','Location 984','Ended',NULL),(985,2,'Event 985','2024-04-19 22:21:37','Location 985','Ended',NULL),(986,5,'Event 986','2024-03-24 22:21:37','Location 986','Ended',NULL),(987,4,'Event 987','2024-04-13 22:21:37','Location 987','Ended',NULL),(988,2,'Event 988','2024-03-23 22:21:37','Location 988','Ended',NULL),(989,2,'Event 989','2024-04-03 22:21:37','Location 989','Ended',NULL),(990,3,'Event 990','2024-04-09 22:21:37','Location 990','Ended',NULL),(991,1,'Event 991','2024-04-18 22:21:37','Location 991','Ended',NULL),(992,4,'Event 992','2024-03-30 22:21:37','Location 992','Ended',NULL),(993,3,'Event 993','2024-03-31 22:21:37','Location 993','Ended',NULL),(994,1,'Event 994','2024-04-15 22:21:37','Location 994','Ended',NULL),(995,2,'Event 995','2024-03-30 22:21:37','Location 995','Ended',NULL),(996,3,'Event 996','2024-04-06 22:21:37','Location 996','Ended',NULL),(997,3,'Event 997','2024-03-30 22:21:37','Location 997','Ended',NULL),(998,1,'Event 998','2024-03-28 22:21:37','Location 998','Ended',NULL),(999,3,'Event 999','2024-04-04 22:21:37','Location 999','Ended',NULL),(1000,5,'Event 1000','2024-03-22 22:21:37','Location 1000','Ended',NULL);
/*!40000 ALTER TABLE `events` ENABLE KEYS */;
UNLOCK TABLES;

--
-- Table structure for table `odds`
--

DROP TABLE IF EXISTS `odds`;
/*!40101 SET @saved_cs_client     = @@character_set_client */;
/*!50503 SET character_set_client = utf8mb4 */;
CREATE TABLE `odds` (
  `odds_id` int NOT NULL AUTO_INCREMENT,
  `event_id` int DEFAULT NULL,
  `team_id` int DEFAULT NULL,
  `odds` decimal(5,2) NOT NULL,
  PRIMARY KEY (`odds_id`),
  KEY `event_id` (`event_id`),
  KEY `team_id` (`team_id`),
  CONSTRAINT `odds_ibfk_1` FOREIGN KEY (`event_id`) REFERENCES `events` (`event_id`),
  CONSTRAINT `odds_ibfk_2` FOREIGN KEY (`team_id`) REFERENCES `teams` (`team_id`)
) ENGINE=InnoDB AUTO_INCREMENT=1001 DEFAULT CHARSET=utf8mb4 COLLATE=utf8mb4_0900_ai_ci;
/*!40101 SET character_set_client = @saved_cs_client */;

--
-- Dumping data for table `odds`
--

LOCK TABLES `odds` WRITE;
/*!40000 ALTER TABLE `odds` DISABLE KEYS */;
INSERT INTO `odds` VALUES (1,898,456,6.83),(2,550,998,4.39),(3,703,496,4.70),(4,364,709,5.52),(5,134,313,2.60),(6,864,836,6.89),(7,439,424,9.04),(8,749,333,5.14),(9,74,127,5.12),(10,679,159,8.56),(11,305,254,4.54),(12,12,995,10.40),(13,716,757,7.35),(14,906,624,5.01),(15,134,465,10.21),(16,215,307,9.90),(17,533,991,4.56),(18,809,973,5.38),(19,275,56,5.56),(20,114,198,7.49),(21,651,306,6.76),(22,967,101,7.06),(23,727,817,10.01),(24,55,571,7.91),(25,742,634,10.43),(26,817,253,9.12),(27,303,79,5.85),(28,189,488,9.71),(29,892,846,6.54),(30,234,506,9.26),(31,613,584,1.83),(32,665,74,4.71),(33,638,75,5.58),(34,68,965,7.20),(35,206,169,3.26),(36,624,441,4.32),(37,338,691,5.39),(38,126,311,2.77),(39,952,229,3.87),(40,751,890,2.97),(41,319,1,1.47),(42,233,23,5.16),(43,13,815,1.34),(44,727,529,5.65),(45,740,305,4.02),(46,596,72,6.70),(47,638,476,5.65),(48,901,108,9.36),(49,856,771,3.86),(50,118,732,4.04),(51,324,709,6.69),(52,722,900,4.34),(53,972,854,4.55),(54,216,13,5.17),(55,45,975,8.36),(56,759,583,7.40),(57,452,336,4.25),(58,617,110,7.99),(59,164,723,2.23),(60,447,866,10.86),(61,336,718,6.80),(62,747,996,8.39),(63,706,311,5.36),(64,250,941,10.52),(65,940,844,4.97),(66,456,88,1.68),(67,80,193,8.24),(68,41,33,1.42),(69,113,435,9.37),(70,881,890,9.08),(71,374,441,1.85),(72,101,251,10.48),(73,992,113,6.88),(74,604,255,5.60),(75,539,311,10.38),(76,760,982,7.28),(77,198,103,10.20),(78,293,702,7.30),(79,46,340,6.62),(80,789,259,10.25),(81,852,483,9.58),(82,844,643,7.83),(83,485,377,5.27),(84,8,755,8.50),(85,488,186,5.64),(86,767,441,10.04),(87,197,269,8.57),(88,977,615,2.41),(89,861,881,9.22),(90,467,868,10.37),(91,83,603,8.65),(92,19,799,10.36),(93,286,620,3.43),(94,353,36,2.20),(95,493,103,1.34),(96,864,217,5.92),(97,812,583,5.75),(98,629,718,8.04),(99,366,716,5.79),(100,252,820,4.44),(101,261,273,6.79),(102,79,656,1.43),(103,250,119,9.43),(104,859,764,3.42),(105,922,880,7.32),(106,522,714,1.03),(107,873,355,2.55),(108,714,101,4.62),(109,508,453,8.41),(110,348,513,6.22),(111,74,799,8.75),(112,478,61,9.74),(113,187,310,10.88),(114,14,101,5.64),(115,17,693,5.12),(116,985,686,5.76),(117,322,180,10.33),(118,126,831,8.77),(119,391,623,10.42),(120,842,381,4.80),(121,756,642,10.38),(122,767,18,8.90),(123,898,119,9.99),(124,141,4,6.97),(125,975,84,5.91),(126,207,559,2.71),(127,183,398,5.41),(128,13,739,7.57),(129,68,369,7.40),(130,96,558,6.01),(131,834,663,9.14),(132,80,958,6.47),(133,863,671,8.66),(134,818,791,6.00),(135,129,142,4.22),(136,184,955,3.23),(137,249,574,2.24),(138,900,126,10.29),(139,268,553,10.61),(140,147,849,9.04),(141,475,961,4.79),(142,15,936,7.33),(143,361,903,5.30),(144,444,927,4.01),(145,726,726,5.49),(146,71,4,9.06),(147,19,676,4.23),(148,586,962,1.50),(149,365,673,3.70),(150,331,846,3.33),(151,629,447,4.45),(152,385,887,3.81),(153,747,887,2.95),(154,317,997,1.34),(155,178,789,5.08),(156,674,144,7.98),(157,59,201,9.25),(158,527,155,2.93),(159,504,939,2.80),(160,86,887,2.77),(161,226,598,4.10),(162,757,853,10.96),(163,419,108,3.80),(164,78,549,6.11),(165,909,9,4.18),(166,566,873,7.65),(167,710,550,7.22),(168,461,435,8.92),(169,658,912,6.84),(170,187,181,4.43),(171,176,845,8.00),(172,963,717,7.92),(173,314,491,6.10),(174,78,861,1.68),(175,759,591,7.77),(176,612,30,4.11),(177,468,406,7.25),(178,908,663,6.89),(179,957,17,3.14),(180,19,453,3.05),(181,671,735,7.60),(182,100,518,3.90),(183,895,606,4.41),(184,890,426,5.60),(185,25,741,7.31),(186,933,770,1.52),(187,950,594,2.18),(188,809,689,1.19),(189,27,78,4.06),(190,300,581,1.05),(191,282,394,2.22),(192,430,783,7.23),(193,769,975,6.66),(194,907,835,5.51),(195,753,410,8.89),(196,720,228,10.81),(197,221,163,2.49),(198,258,842,5.36),(199,653,956,9.20),(200,235,712,9.56),(201,147,161,4.67),(202,351,655,3.18),(203,129,986,6.45),(204,768,202,8.04),(205,917,471,7.02),(206,601,197,2.82),(207,321,55,4.13),(208,401,63,2.12),(209,371,520,5.84),(210,864,864,8.27),(211,44,37,1.51),(212,149,590,6.01),(213,737,181,7.93),(214,922,532,9.91),(215,862,636,6.94),(216,62,527,5.50),(217,668,988,10.36),(218,718,781,8.48),(219,399,749,6.46),(220,488,797,6.20),(221,211,495,9.39),(222,714,50,2.06),(223,384,598,9.36),(224,390,438,1.21),(225,791,892,1.85),(226,752,501,3.51),(227,752,4,8.64),(228,811,758,4.59),(229,523,535,2.07),(230,931,332,9.66),(231,335,77,4.80),(232,670,209,1.31),(233,532,566,3.33),(234,467,636,8.79),(235,989,605,1.59),(236,479,216,7.41),(237,559,872,7.82),(238,794,925,3.41),(239,431,428,9.49),(240,964,270,5.56),(241,471,986,6.17),(242,629,591,1.68),(243,568,636,5.74),(244,463,892,1.68),(245,669,139,7.87),(246,19,30,1.95),(247,387,647,1.72),(248,421,887,2.71),(249,195,462,8.23),(250,232,990,3.54),(251,300,736,8.79),(252,689,106,5.60),(253,987,553,9.04),(254,360,386,9.51),(255,98,934,4.75),(256,77,256,1.48),(257,474,224,7.97),(258,814,979,5.51),(259,320,246,3.67),(260,602,204,3.16),(261,469,696,1.71),(262,269,129,9.39),(263,807,518,2.68),(264,288,934,9.04),(265,221,691,8.91),(266,886,52,7.03),(267,860,491,9.71),(268,885,812,5.01),(269,573,661,6.84),(270,938,938,9.73),(271,553,144,1.62),(272,879,207,4.95),(273,358,601,10.31),(274,855,480,9.36),(275,739,184,8.03),(276,967,721,8.05),(277,362,695,4.87),(278,852,97,10.28),(279,350,966,8.79),(280,1000,660,4.01),(281,525,719,1.20),(282,944,659,5.64),(283,341,314,6.46),(284,790,309,2.73),(285,940,179,1.76),(286,845,996,5.44),(287,235,840,5.96),(288,959,304,7.45),(289,314,634,3.27),(290,234,486,8.29),(291,188,751,2.89),(292,694,902,5.28),(293,433,882,2.07),(294,892,139,1.17),(295,668,290,5.44),(296,353,429,1.84),(297,138,434,8.56),(298,481,133,3.22),(299,711,890,4.15),(300,906,585,3.05),(301,270,734,9.60),(302,99,914,3.71),(303,614,256,5.38),(304,423,801,8.34),(305,268,139,9.87),(306,19,433,2.06),(307,233,845,6.25),(308,91,880,2.24),(309,985,548,8.86),(310,289,85,6.56),(311,527,967,3.52),(312,359,38,2.13),(313,451,915,3.20),(314,360,135,6.96),(315,576,91,8.27),(316,363,630,1.62),(317,420,912,4.00),(318,764,919,4.00),(319,748,835,10.33),(320,160,999,6.13),(321,569,306,9.20),(322,186,469,8.83),(323,513,211,6.18),(324,958,234,3.94),(325,769,962,6.01),(326,622,604,2.55),(327,962,345,9.36),(328,147,225,7.85),(329,750,692,3.12),(330,986,289,5.88),(331,576,412,4.34),(332,433,162,6.10),(333,65,793,8.67),(334,462,4,7.35),(335,163,909,1.56),(336,555,606,4.63),(337,999,903,6.18),(338,881,851,7.11),(339,504,685,10.11),(340,504,785,5.11),(341,703,279,3.83),(342,583,62,6.61),(343,621,422,3.43),(344,953,32,4.01),(345,411,150,6.18),(346,140,143,3.94),(347,43,333,6.32),(348,665,726,7.33),(349,989,46,3.63),(350,178,97,10.50),(351,462,459,10.07),(352,160,79,10.13),(353,328,899,6.12),(354,865,785,4.31),(355,300,504,7.22),(356,599,126,9.32),(357,784,423,8.61),(358,538,407,5.17),(359,867,82,9.07),(360,791,533,3.90),(361,855,401,5.39),(362,993,647,3.54),(363,331,892,5.67),(364,658,889,5.70),(365,685,13,1.11),(366,15,43,2.66),(367,704,20,10.89),(368,884,454,7.16),(369,720,748,6.80),(370,660,557,9.06),(371,358,370,8.75),(372,767,509,3.44),(373,692,728,6.64),(374,638,494,6.54),(375,293,799,2.15),(376,181,556,3.35),(377,511,848,8.08),(378,995,849,3.60),(379,755,992,7.93),(380,494,388,5.58),(381,128,265,10.40),(382,906,708,9.20),(383,979,431,3.17),(384,796,327,3.45),(385,244,485,7.94),(386,13,985,9.82),(387,457,638,9.16),(388,170,397,5.77),(389,197,552,2.65),(390,174,374,4.46),(391,609,4,2.92),(392,953,184,1.60),(393,751,571,7.03),(394,305,712,7.43),(395,81,474,2.28),(396,219,708,9.83),(397,294,818,3.06),(398,578,272,7.26),(399,313,688,5.97),(400,426,636,10.01),(401,598,286,7.34),(402,314,664,4.80),(403,910,405,3.97),(404,270,458,5.78),(405,17,650,2.98),(406,42,615,10.45),(407,885,589,3.87),(408,670,487,5.22),(409,655,3,1.52),(410,252,101,8.47),(411,434,930,4.45),(412,938,651,5.42),(413,259,967,1.58),(414,389,769,7.79),(415,89,407,8.68),(416,622,801,2.38),(417,290,35,4.03),(418,411,143,5.84),(419,993,510,6.69),(420,316,873,5.17),(421,466,78,10.91),(422,721,633,1.01),(423,108,533,4.43),(424,115,547,4.88),(425,302,344,9.12),(426,31,718,5.95),(427,321,119,7.33),(428,810,147,4.04),(429,81,491,3.10),(430,582,276,7.32),(431,336,780,9.93),(432,127,952,4.79),(433,43,74,3.39),(434,974,154,9.48),(435,776,337,4.57),(436,774,796,7.58),(437,904,545,1.13),(438,431,112,3.67),(439,3,210,1.41),(440,578,763,1.80),(441,114,329,4.01),(442,521,698,10.27),(443,543,934,1.39),(444,394,852,1.79),(445,838,951,3.41),(446,355,49,2.80),(447,755,233,9.98),(448,795,277,1.00),(449,173,861,8.86),(450,347,375,9.32),(451,38,692,4.47),(452,660,257,4.03),(453,745,815,9.39),(454,752,243,10.55),(455,47,370,8.07),(456,430,23,9.26),(457,65,841,1.13),(458,541,665,8.01),(459,512,456,8.43),(460,350,519,6.42),(461,155,149,3.79),(462,950,911,8.02),(463,781,798,7.45),(464,831,221,7.11),(465,391,123,5.38),(466,825,808,6.64),(467,398,296,3.85),(468,538,835,6.58),(469,287,758,10.27),(470,366,47,2.35),(471,538,281,8.93),(472,120,222,8.46),(473,67,96,3.75),(474,92,633,9.88),(475,543,48,7.12),(476,919,755,1.16),(477,820,48,8.80),(478,756,440,10.31),(479,337,889,5.33),(480,501,201,6.05),(481,921,91,7.88),(482,171,789,5.29),(483,783,625,8.73),(484,992,639,3.18),(485,178,230,7.17),(486,396,129,5.54),(487,884,58,7.35),(488,4,113,6.54),(489,431,490,2.57),(490,317,111,7.03),(491,683,606,10.78),(492,77,447,1.02),(493,673,357,8.65),(494,756,482,2.43),(495,268,912,8.53),(496,34,906,5.27),(497,418,807,8.83),(498,494,119,2.13),(499,208,701,9.78),(500,289,810,2.80),(501,473,823,7.96),(502,13,974,9.30),(503,231,662,7.17),(504,99,643,10.19),(505,666,573,9.67),(506,615,472,6.16),(507,163,267,9.43),(508,417,554,6.18),(509,931,98,7.96),(510,190,859,8.24),(511,43,42,1.81),(512,282,162,10.66),(513,343,816,1.51),(514,807,880,10.80),(515,259,354,10.94),(516,908,555,1.50),(517,589,791,2.89),(518,574,300,8.78),(519,990,616,2.08),(520,694,145,7.41),(521,772,936,4.61),(522,1000,917,6.82),(523,162,60,9.14),(524,894,25,5.40),(525,130,328,3.46),(526,251,513,9.12),(527,522,171,3.90),(528,936,811,3.45),(529,792,225,8.50),(530,74,118,4.70),(531,494,361,4.21),(532,525,659,8.19),(533,622,948,9.74),(534,530,25,6.35),(535,603,406,3.19),(536,879,738,1.50),(537,37,33,1.55),(538,177,717,1.55),(539,126,463,10.34),(540,282,609,2.96),(541,154,182,5.47),(542,690,107,5.64),(543,3,618,1.80),(544,548,501,9.57),(545,786,355,5.16),(546,16,831,2.06),(547,41,882,3.86),(548,788,78,1.27),(549,902,425,5.20),(550,824,862,9.35),(551,593,457,6.07),(552,163,291,10.68),(553,969,937,8.77),(554,78,56,1.43),(555,51,123,5.60),(556,935,294,7.62),(557,429,157,5.98),(558,21,608,10.77),(559,64,386,8.39),(560,539,473,8.50),(561,331,402,1.17),(562,882,357,2.39),(563,625,705,7.51),(564,140,747,4.15),(565,335,728,7.34),(566,988,36,3.15),(567,968,193,1.62),(568,732,473,2.66),(569,415,573,7.20),(570,384,59,2.42),(571,534,241,7.01),(572,286,626,3.72),(573,481,588,5.95),(574,714,83,3.72),(575,114,751,5.11),(576,804,786,6.16),(577,224,572,2.85),(578,210,495,9.43),(579,733,134,5.70),(580,948,330,9.04),(581,34,755,7.71),(582,91,440,10.26),(583,313,786,10.90),(584,595,2,3.22),(585,109,877,1.58),(586,658,117,7.10),(587,699,665,3.26),(588,136,999,6.87),(589,939,934,9.50),(590,451,704,2.63),(591,708,48,2.14),(592,430,806,8.37),(593,269,135,9.63),(594,916,985,2.79),(595,941,168,1.13),(596,563,776,2.89),(597,620,530,8.91),(598,367,461,3.01),(599,624,516,8.06),(600,986,809,1.87),(601,9,782,9.81),(602,60,655,1.95),(603,511,270,9.16),(604,270,903,8.02),(605,804,913,2.53),(606,26,670,3.71),(607,346,915,6.36),(608,937,76,6.69),(609,617,379,1.40),(610,66,207,9.36),(611,563,304,9.28),(612,232,671,7.62),(613,297,496,6.91),(614,466,555,4.78),(615,227,997,4.02),(616,524,711,10.84),(617,786,977,6.27),(618,704,938,6.76),(619,67,607,9.34),(620,351,252,3.04),(621,268,725,9.18),(622,918,136,10.24),(623,216,303,9.67),(624,430,546,5.40),(625,564,499,9.02),(626,515,165,3.79),(627,901,669,7.40),(628,195,53,7.81),(629,246,184,2.82),(630,362,260,3.12),(631,282,771,1.09),(632,735,644,1.13),(633,138,649,9.30),(634,204,527,1.21),(635,529,579,4.07),(636,800,78,10.90),(637,718,615,10.22),(638,767,67,1.33),(639,965,724,8.25),(640,455,99,2.30),(641,353,374,9.08),(642,921,178,2.29),(643,111,164,5.89),(644,954,302,7.47),(645,329,702,6.23),(646,512,989,5.07),(647,69,124,5.13),(648,693,224,1.41),(649,533,542,2.09),(650,922,279,7.27),(651,303,632,3.49),(652,349,998,10.41),(653,713,741,6.64),(654,601,312,8.54),(655,834,909,1.39),(656,473,246,9.11),(657,319,158,9.35),(658,700,994,9.67),(659,358,184,9.48),(660,690,901,5.36),(661,478,81,10.70),(662,610,137,9.53),(663,857,723,1.42),(664,45,96,4.45),(665,437,147,5.25),(666,685,149,7.91),(667,6,958,8.70),(668,977,572,10.28),(669,926,846,5.48),(670,707,190,9.26),(671,563,334,10.83),(672,911,606,3.95),(673,659,410,1.72),(674,132,442,9.13),(675,741,264,1.96),(676,690,160,8.27),(677,158,609,6.70),(678,26,417,1.07),(679,784,896,2.28),(680,952,376,1.24),(681,995,899,6.11),(682,858,756,3.06),(683,761,187,7.49),(684,689,494,5.01),(685,524,417,6.10),(686,300,970,10.51),(687,844,365,3.93),(688,372,977,8.71),(689,923,302,8.40),(690,795,753,4.81),(691,648,95,6.29),(692,361,215,10.94),(693,326,647,3.55),(694,336,914,6.61),(695,66,643,1.18),(696,163,758,4.02),(697,236,273,7.55),(698,458,324,3.42),(699,244,489,8.12),(700,94,333,4.81),(701,909,402,3.79),(702,192,123,1.36),(703,816,966,4.83),(704,19,944,7.64),(705,487,443,8.52),(706,434,913,3.61),(707,569,58,6.83),(708,742,962,6.80),(709,17,344,7.69),(710,314,559,9.53),(711,591,395,3.01),(712,823,508,1.69),(713,824,909,1.74),(714,643,991,1.25),(715,155,699,1.26),(716,37,103,5.05),(717,719,376,8.23),(718,491,281,10.33),(719,821,307,1.69),(720,428,930,4.64),(721,32,65,3.29),(722,952,72,6.02),(723,297,976,10.87),(724,9,81,4.77),(725,643,85,5.95),(726,221,620,5.33),(727,310,247,4.04),(728,782,997,7.35),(729,188,32,6.96),(730,887,646,6.66),(731,892,764,2.40),(732,412,638,10.53),(733,853,405,5.65),(734,112,164,5.81),(735,915,129,10.01),(736,121,898,2.29),(737,950,362,10.58),(738,705,648,2.27),(739,693,79,4.18),(740,356,823,1.45),(741,758,654,10.95),(742,14,85,4.80),(743,646,90,6.11),(744,285,892,7.02),(745,337,878,4.79),(746,263,174,1.79),(747,878,150,2.16),(748,131,306,2.35),(749,758,384,7.44),(750,70,415,9.63),(751,75,784,7.95),(752,125,538,4.12),(753,947,799,2.51),(754,363,359,8.04),(755,445,112,3.22),(756,776,214,8.40),(757,58,70,2.76),(758,671,823,2.04),(759,52,947,6.77),(760,47,500,4.58),(761,295,395,1.92),(762,278,111,8.22),(763,276,214,3.42),(764,571,124,10.08),(765,171,129,2.29),(766,260,913,8.82),(767,173,518,1.70),(768,800,784,6.23),(769,263,742,10.23),(770,388,172,7.92),(771,949,667,5.88),(772,439,728,4.24),(773,439,220,8.83),(774,258,938,10.13),(775,756,37,10.16),(776,473,612,7.42),(777,376,952,7.30),(778,298,596,1.87),(779,646,970,10.12),(780,648,506,6.82),(781,395,228,10.52),(782,80,541,5.64),(783,700,104,5.21),(784,795,709,2.61),(785,680,914,6.31),(786,912,965,1.89),(787,552,491,8.99),(788,522,210,5.85),(789,795,520,3.14),(790,511,910,1.16),(791,353,716,6.18),(792,444,663,10.84),(793,932,705,8.31),(794,539,499,9.80),(795,906,886,8.12),(796,903,377,2.76),(797,749,217,9.35),(798,525,121,1.28),(799,781,817,8.39),(800,249,24,4.73),(801,794,851,9.71),(802,803,401,6.94),(803,769,61,10.99),(804,814,69,10.04),(805,313,854,4.27),(806,75,395,8.45),(807,546,489,9.10),(808,582,478,7.46),(809,794,33,8.82),(810,814,721,2.64),(811,656,785,10.57),(812,433,292,2.60),(813,926,146,10.52),(814,322,755,9.05),(815,764,401,8.14),(816,370,704,5.11),(817,945,489,7.08),(818,576,55,6.47),(819,570,207,4.25),(820,5,48,3.26),(821,988,260,4.33),(822,889,444,6.53),(823,434,510,3.46),(824,702,770,8.41),(825,398,767,7.39),(826,897,564,2.28),(827,951,369,10.92),(828,854,292,9.97),(829,613,369,1.08),(830,935,647,5.31),(831,215,782,3.63),(832,970,61,4.92),(833,778,712,3.26),(834,995,294,5.87),(835,552,297,9.27),(836,247,751,1.12),(837,810,10,7.21),(838,78,524,4.86),(839,361,645,2.39),(840,761,388,7.54),(841,110,584,6.89),(842,197,216,5.89),(843,798,520,3.06),(844,473,744,3.99),(845,267,435,4.71),(846,555,660,7.34),(847,192,57,8.06),(848,360,683,4.32),(849,612,61,5.71),(850,174,454,8.47),(851,376,636,1.52),(852,353,605,10.69),(853,29,236,1.92),(854,756,503,3.43),(855,709,815,10.47),(856,291,611,2.81),(857,73,821,9.85),(858,965,166,10.34),(859,173,61,8.86),(860,749,385,7.79),(861,240,161,1.83),(862,934,421,4.01),(863,242,308,9.13),(864,141,266,10.04),(865,723,904,4.49),(866,34,122,6.05),(867,162,292,10.73),(868,992,37,3.11),(869,943,81,6.74),(870,631,430,3.55),(871,990,180,10.28),(872,104,732,4.47),(873,540,658,7.71),(874,383,898,4.41),(875,12,36,2.43),(876,607,605,3.05),(877,211,439,6.60),(878,486,747,3.76),(879,142,881,10.75),(880,235,249,6.37),(881,940,90,7.25),(882,860,422,6.28),(883,377,300,4.69),(884,946,620,3.62),(885,454,479,1.32),(886,724,523,5.43),(887,649,912,7.12),(888,328,802,1.26),(889,725,544,6.46),(890,99,855,10.77),(891,322,679,5.27),(892,98,209,8.47),(893,114,324,3.77),(894,415,240,10.58),(895,69,469,2.38),(896,285,10,2.94),(897,941,121,8.79),(898,538,348,2.24),(899,581,531,10.10),(900,958,57,5.10),(901,881,172,3.16),(902,566,178,2.95),(903,440,613,8.44),(904,882,175,3.31),(905,629,451,4.65),(906,476,283,10.86),(907,83,454,1.20),(908,741,641,10.80),(909,982,968,9.91),(910,552,86,8.72),(911,606,712,8.40),(912,565,605,4.28),(913,827,151,3.72),(914,908,725,9.97),(915,312,866,4.94),(916,374,687,4.13),(917,504,578,4.78),(918,159,660,9.22),(919,130,182,6.19),(920,53,706,4.67),(921,722,504,4.54),(922,259,234,4.89),(923,246,61,6.66),(924,650,548,8.92),(925,317,205,1.76),(926,766,599,7.97),(927,689,352,7.93),(928,412,976,7.44),(929,294,535,8.94),(930,367,449,2.43),(931,372,429,1.29),(932,859,206,5.50),(933,635,824,3.14),(934,599,350,10.55),(935,724,754,6.98),(936,728,844,1.35),(937,644,113,7.33),(938,826,232,7.81),(939,712,513,5.29),(940,609,757,10.55),(941,507,668,9.19),(942,91,999,8.19),(943,600,839,4.97),(944,469,151,4.48),(945,290,404,2.50),(946,540,247,7.14),(947,330,805,1.37),(948,772,747,5.18),(949,852,4,5.61),(950,296,93,6.78),(951,613,327,8.97),(952,4,627,2.21),(953,726,264,2.42),(954,922,179,2.29),(955,110,162,5.79),(956,910,109,9.18),(957,762,354,5.83),(958,358,335,7.03),(959,11,243,2.83),(960,188,390,4.84),(961,750,599,8.44),(962,925,390,2.75),(963,705,998,9.76),(964,387,307,4.72),(965,939,580,1.81),(966,668,93,5.62),(967,33,776,8.80),(968,573,523,9.94),(969,905,839,5.81),(970,889,2,4.39),(971,693,446,2.48),(972,404,575,7.61),(973,582,925,9.80),(974,627,490,6.71),(975,387,220,10.39),(976,35,357,7.80),(977,329,606,1.39),(978,380,782,8.70),(979,506,219,6.75),(980,220,372,3.00),(981,884,818,5.38),(982,737,368,7.29),(983,45,335,6.38),(984,687,818,1.27),(985,686,345,7.66),(986,299,494,6.73),(987,385,204,9.66),(988,716,983,8.67),(989,886,127,10.74),(990,494,546,3.47),(991,598,246,5.34),(992,437,880,1.89),(993,807,763,4.96),(994,692,272,3.82),(995,598,139,10.02),(996,94,763,6.31),(997,369,249,2.36),(998,937,274,6.57),(999,965,151,9.59),(1000,846,650,8.11);
/*!40000 ALTER TABLE `odds` ENABLE KEYS */;
UNLOCK TABLES;

--
-- Table structure for table `participants`
--

DROP TABLE IF EXISTS `participants`;
/*!40101 SET @saved_cs_client     = @@character_set_client */;
/*!50503 SET character_set_client = utf8mb4 */;
CREATE TABLE `participants` (
  `participant_id` int NOT NULL AUTO_INCREMENT,
  `event_id` int DEFAULT NULL,
  `team_id` int DEFAULT NULL,
  `player_name` varchar(100) DEFAULT NULL,
  PRIMARY KEY (`participant_id`),
  KEY `event_id` (`event_id`),
  KEY `team_id` (`team_id`),
  CONSTRAINT `participants_ibfk_1` FOREIGN KEY (`event_id`) REFERENCES `events` (`event_id`),
  CONSTRAINT `participants_ibfk_2` FOREIGN KEY (`team_id`) REFERENCES `teams` (`team_id`)
) ENGINE=InnoDB AUTO_INCREMENT=1001 DEFAULT CHARSET=utf8mb4 COLLATE=utf8mb4_0900_ai_ci;
/*!40101 SET character_set_client = @saved_cs_client */;

--
-- Dumping data for table `participants`
--

LOCK TABLES `participants` WRITE;
/*!40000 ALTER TABLE `participants` DISABLE KEYS */;
INSERT INTO `participants` VALUES (1,31,839,'Player1'),(2,105,5,'Player2'),(3,709,529,'Player3'),(4,520,13,'Player4'),(5,504,481,'Player5'),(6,893,21,'Player6'),(7,427,71,'Player7'),(8,73,151,'Player8'),(9,536,227,'Player9'),(10,525,943,'Player10'),(11,141,873,'Player11'),(12,945,102,'Player12'),(13,677,77,'Player13'),(14,355,542,'Player14'),(15,644,595,'Player15'),(16,44,431,'Player16'),(17,26,835,'Player17'),(18,95,969,'Player18'),(19,562,903,'Player19'),(20,829,435,'Player20'),(21,689,139,'Player21'),(22,626,714,'Player22'),(23,691,313,'Player23'),(24,490,510,'Player24'),(25,79,864,'Player25'),(26,85,832,'Player26'),(27,905,27,'Player27'),(28,420,19,'Player28'),(29,835,119,'Player29'),(30,87,76,'Player30'),(31,121,376,'Player31'),(32,517,454,'Player32'),(33,720,237,'Player33'),(34,26,419,'Player34'),(35,14,816,'Player35'),(36,34,723,'Player36'),(37,512,390,'Player37'),(38,413,893,'Player38'),(39,227,457,'Player39'),(40,602,638,'Player40'),(41,384,3,'Player41'),(42,866,321,'Player42'),(43,5,64,'Player43'),(44,302,318,'Player44'),(45,685,468,'Player45'),(46,288,32,'Player46'),(47,297,386,'Player47'),(48,41,46,'Player48'),(49,105,389,'Player49'),(50,627,970,'Player50'),(51,969,935,'Player51'),(52,765,22,'Player52'),(53,812,994,'Player53'),(54,534,687,'Player54'),(55,832,100,'Player55'),(56,4,717,'Player56'),(57,574,719,'Player57'),(58,871,197,'Player58'),(59,371,267,'Player59'),(60,218,288,'Player60'),(61,788,75,'Player61'),(62,12,833,'Player62'),(63,128,143,'Player63'),(64,329,214,'Player64'),(65,82,767,'Player65'),(66,589,643,'Player66'),(67,447,307,'Player67'),(68,192,40,'Player68'),(69,623,994,'Player69'),(70,103,529,'Player70'),(71,338,103,'Player71'),(72,498,183,'Player72'),(73,421,553,'Player73'),(74,504,858,'Player74'),(75,780,326,'Player75'),(76,288,463,'Player76'),(77,448,852,'Player77'),(78,914,15,'Player78'),(79,330,606,'Player79'),(80,39,378,'Player80'),(81,770,716,'Player81'),(82,268,193,'Player82'),(83,159,218,'Player83'),(84,610,395,'Player84'),(85,144,537,'Player85'),(86,252,648,'Player86'),(87,483,471,'Player87'),(88,906,115,'Player88'),(89,857,939,'Player89'),(90,124,804,'Player90'),(91,645,815,'Player91'),(92,137,240,'Player92'),(93,789,225,'Player93'),(94,757,108,'Player94'),(95,270,24,'Player95'),(96,309,472,'Player96'),(97,434,753,'Player97'),(98,463,57,'Player98'),(99,895,303,'Player99'),(100,832,247,'Player100'),(101,739,952,'Player101'),(102,545,867,'Player102'),(103,702,906,'Player103'),(104,425,407,'Player104'),(105,760,579,'Player105'),(106,612,322,'Player106'),(107,775,910,'Player107'),(108,222,382,'Player108'),(109,241,61,'Player109'),(110,582,726,'Player110'),(111,884,243,'Player111'),(112,560,70,'Player112'),(113,669,135,'Player113'),(114,667,930,'Player114'),(115,649,454,'Player115'),(116,322,248,'Player116'),(117,273,622,'Player117'),(118,289,581,'Player118'),(119,36,438,'Player119'),(120,79,82,'Player120'),(121,173,617,'Player121'),(122,565,976,'Player122'),(123,183,985,'Player123'),(124,378,935,'Player124'),(125,541,898,'Player125'),(126,868,643,'Player126'),(127,610,122,'Player127'),(128,778,525,'Player128'),(129,288,866,'Player129'),(130,464,722,'Player130'),(131,216,916,'Player131'),(132,929,897,'Player132'),(133,698,798,'Player133'),(134,894,79,'Player134'),(135,710,315,'Player135'),(136,444,274,'Player136'),(137,37,363,'Player137'),(138,705,433,'Player138'),(139,52,959,'Player139'),(140,639,317,'Player140'),(141,667,382,'Player141'),(142,910,402,'Player142'),(143,282,203,'Player143'),(144,169,237,'Player144'),(145,676,669,'Player145'),(146,317,576,'Player146'),(147,930,923,'Player147'),(148,823,346,'Player148'),(149,261,268,'Player149'),(150,554,965,'Player150'),(151,165,929,'Player151'),(152,150,960,'Player152'),(153,352,877,'Player153'),(154,331,21,'Player154'),(155,112,497,'Player155'),(156,150,258,'Player156'),(157,841,430,'Player157'),(158,625,835,'Player158'),(159,302,1,'Player159'),(160,100,495,'Player160'),(161,174,388,'Player161'),(162,414,905,'Player162'),(163,284,706,'Player163'),(164,674,254,'Player164'),(165,247,472,'Player165'),(166,618,675,'Player166'),(167,520,574,'Player167'),(168,310,828,'Player168'),(169,211,567,'Player169'),(170,203,314,'Player170'),(171,961,863,'Player171'),(172,430,560,'Player172'),(173,512,878,'Player173'),(174,852,627,'Player174'),(175,579,15,'Player175'),(176,334,626,'Player176'),(177,128,762,'Player177'),(178,424,835,'Player178'),(179,901,1,'Player179'),(180,300,497,'Player180'),(181,584,430,'Player181'),(182,399,702,'Player182'),(183,313,460,'Player183'),(184,358,411,'Player184'),(185,980,669,'Player185'),(186,402,2,'Player186'),(187,806,21,'Player187'),(188,689,382,'Player188'),(189,843,66,'Player189'),(190,803,815,'Player190'),(191,665,879,'Player191'),(192,399,359,'Player192'),(193,596,905,'Player193'),(194,735,961,'Player194'),(195,598,105,'Player195'),(196,732,346,'Player196'),(197,532,622,'Player197'),(198,513,700,'Player198'),(199,961,705,'Player199'),(200,639,81,'Player200'),(201,488,197,'Player201'),(202,521,11,'Player202'),(203,491,422,'Player203'),(204,636,913,'Player204'),(205,659,554,'Player205'),(206,793,304,'Player206'),(207,140,787,'Player207'),(208,515,213,'Player208'),(209,520,961,'Player209'),(210,243,334,'Player210'),(211,939,693,'Player211'),(212,648,158,'Player212'),(213,847,759,'Player213'),(214,257,4,'Player214'),(215,249,232,'Player215'),(216,414,372,'Player216'),(217,618,973,'Player217'),(218,13,142,'Player218'),(219,673,938,'Player219'),(220,670,536,'Player220'),(221,670,743,'Player221'),(222,703,285,'Player222'),(223,317,731,'Player223'),(224,700,310,'Player224'),(225,447,304,'Player225'),(226,181,992,'Player226'),(227,414,95,'Player227'),(228,231,873,'Player228'),(229,668,720,'Player229'),(230,598,830,'Player230'),(231,356,289,'Player231'),(232,378,22,'Player232'),(233,974,806,'Player233'),(234,107,116,'Player234'),(235,260,950,'Player235'),(236,968,990,'Player236'),(237,44,251,'Player237'),(238,121,850,'Player238'),(239,890,899,'Player239'),(240,823,418,'Player240'),(241,619,844,'Player241'),(242,359,264,'Player242'),(243,242,416,'Player243'),(244,356,529,'Player244'),(245,577,297,'Player245'),(246,756,887,'Player246'),(247,168,176,'Player247'),(248,375,346,'Player248'),(249,606,991,'Player249'),(250,137,710,'Player250'),(251,141,575,'Player251'),(252,449,520,'Player252'),(253,254,710,'Player253'),(254,788,807,'Player254'),(255,672,938,'Player255'),(256,675,560,'Player256'),(257,776,199,'Player257'),(258,666,733,'Player258'),(259,667,133,'Player259'),(260,665,924,'Player260'),(261,627,361,'Player261'),(262,924,535,'Player262'),(263,901,903,'Player263'),(264,808,333,'Player264'),(265,241,203,'Player265'),(266,291,848,'Player266'),(267,366,286,'Player267'),(268,333,803,'Player268'),(269,18,681,'Player269'),(270,351,712,'Player270'),(271,505,389,'Player271'),(272,429,979,'Player272'),(273,607,98,'Player273'),(274,667,41,'Player274'),(275,205,899,'Player275'),(276,883,714,'Player276'),(277,921,461,'Player277'),(278,544,337,'Player278'),(279,52,249,'Player279'),(280,88,690,'Player280'),(281,189,872,'Player281'),(282,795,359,'Player282'),(283,410,971,'Player283'),(284,625,210,'Player284'),(285,174,241,'Player285'),(286,683,693,'Player286'),(287,413,987,'Player287'),(288,696,517,'Player288'),(289,496,930,'Player289'),(290,161,14,'Player290'),(291,586,887,'Player291'),(292,678,727,'Player292'),(293,602,830,'Player293'),(294,341,214,'Player294'),(295,48,598,'Player295'),(296,843,423,'Player296'),(297,583,647,'Player297'),(298,484,481,'Player298'),(299,952,317,'Player299'),(300,729,692,'Player300'),(301,272,285,'Player301'),(302,608,185,'Player302'),(303,98,937,'Player303'),(304,391,141,'Player304'),(305,531,231,'Player305'),(306,564,128,'Player306'),(307,944,337,'Player307'),(308,853,252,'Player308'),(309,699,740,'Player309'),(310,605,801,'Player310'),(311,189,544,'Player311'),(312,150,119,'Player312'),(313,146,372,'Player313'),(314,419,980,'Player314'),(315,642,269,'Player315'),(316,417,281,'Player316'),(317,152,916,'Player317'),(318,126,879,'Player318'),(319,18,450,'Player319'),(320,199,643,'Player320'),(321,616,152,'Player321'),(322,912,102,'Player322'),(323,773,559,'Player323'),(324,476,703,'Player324'),(325,84,312,'Player325'),(326,308,604,'Player326'),(327,94,658,'Player327'),(328,7,60,'Player328'),(329,278,208,'Player329'),(330,208,414,'Player330'),(331,447,991,'Player331'),(332,615,102,'Player332'),(333,662,3,'Player333'),(334,31,147,'Player334'),(335,638,749,'Player335'),(336,829,900,'Player336'),(337,12,360,'Player337'),(338,763,735,'Player338'),(339,383,712,'Player339'),(340,411,919,'Player340'),(341,360,42,'Player341'),(342,129,517,'Player342'),(343,200,446,'Player343'),(344,633,824,'Player344'),(345,223,639,'Player345'),(346,528,721,'Player346'),(347,22,944,'Player347'),(348,657,450,'Player348'),(349,279,43,'Player349'),(350,377,755,'Player350'),(351,644,954,'Player351'),(352,836,319,'Player352'),(353,88,479,'Player353'),(354,134,230,'Player354'),(355,750,59,'Player355'),(356,43,40,'Player356'),(357,69,226,'Player357'),(358,920,924,'Player358'),(359,859,521,'Player359'),(360,29,579,'Player360'),(361,810,312,'Player361'),(362,131,715,'Player362'),(363,184,776,'Player363'),(364,325,298,'Player364'),(365,514,676,'Player365'),(366,836,153,'Player366'),(367,254,813,'Player367'),(368,301,64,'Player368'),(369,420,906,'Player369'),(370,271,634,'Player370'),(371,357,883,'Player371'),(372,343,65,'Player372'),(373,297,288,'Player373'),(374,551,888,'Player374'),(375,788,275,'Player375'),(376,10,225,'Player376'),(377,93,791,'Player377'),(378,674,997,'Player378'),(379,965,830,'Player379'),(380,255,786,'Player380'),(381,165,464,'Player381'),(382,827,743,'Player382'),(383,233,935,'Player383'),(384,974,65,'Player384'),(385,404,822,'Player385'),(386,900,31,'Player386'),(387,456,185,'Player387'),(388,555,222,'Player388'),(389,444,555,'Player389'),(390,439,533,'Player390'),(391,347,135,'Player391'),(392,632,757,'Player392'),(393,889,171,'Player393'),(394,189,429,'Player394'),(395,580,613,'Player395'),(396,323,775,'Player396'),(397,905,201,'Player397'),(398,289,840,'Player398'),(399,335,152,'Player399'),(400,757,328,'Player400'),(401,370,865,'Player401'),(402,215,480,'Player402'),(403,755,335,'Player403'),(404,410,42,'Player404'),(405,982,784,'Player405'),(406,975,519,'Player406'),(407,669,789,'Player407'),(408,939,327,'Player408'),(409,817,102,'Player409'),(410,58,985,'Player410'),(411,752,804,'Player411'),(412,763,403,'Player412'),(413,724,411,'Player413'),(414,885,188,'Player414'),(415,285,860,'Player415'),(416,447,654,'Player416'),(417,928,678,'Player417'),(418,606,994,'Player418'),(419,153,782,'Player419'),(420,450,904,'Player420'),(421,169,131,'Player421'),(422,150,356,'Player422'),(423,328,572,'Player423'),(424,875,660,'Player424'),(425,673,385,'Player425'),(426,904,365,'Player426'),(427,113,471,'Player427'),(428,14,658,'Player428'),(429,248,264,'Player429'),(430,577,92,'Player430'),(431,730,373,'Player431'),(432,676,259,'Player432'),(433,269,564,'Player433'),(434,14,379,'Player434'),(435,850,114,'Player435'),(436,21,761,'Player436'),(437,743,431,'Player437'),(438,927,340,'Player438'),(439,921,581,'Player439'),(440,142,968,'Player440'),(441,411,153,'Player441'),(442,529,188,'Player442'),(443,353,198,'Player443'),(444,932,67,'Player444'),(445,536,480,'Player445'),(446,792,519,'Player446'),(447,217,529,'Player447'),(448,993,376,'Player448'),(449,901,378,'Player449'),(450,187,802,'Player450'),(451,446,823,'Player451'),(452,775,408,'Player452'),(453,712,338,'Player453'),(454,551,744,'Player454'),(455,63,85,'Player455'),(456,233,909,'Player456'),(457,848,512,'Player457'),(458,15,537,'Player458'),(459,639,586,'Player459'),(460,13,304,'Player460'),(461,480,488,'Player461'),(462,998,527,'Player462'),(463,639,615,'Player463'),(464,156,936,'Player464'),(465,209,240,'Player465'),(466,570,132,'Player466'),(467,948,342,'Player467'),(468,866,305,'Player468'),(469,924,707,'Player469'),(470,763,691,'Player470'),(471,165,754,'Player471'),(472,273,103,'Player472'),(473,694,159,'Player473'),(474,716,100,'Player474'),(475,352,459,'Player475'),(476,239,817,'Player476'),(477,367,383,'Player477'),(478,816,927,'Player478'),(479,189,163,'Player479'),(480,246,742,'Player480'),(481,973,638,'Player481'),(482,269,429,'Player482'),(483,340,412,'Player483'),(484,40,963,'Player484'),(485,695,583,'Player485'),(486,832,410,'Player486'),(487,555,544,'Player487'),(488,56,647,'Player488'),(489,65,385,'Player489'),(490,730,496,'Player490'),(491,287,946,'Player491'),(492,868,501,'Player492'),(493,900,998,'Player493'),(494,290,453,'Player494'),(495,395,617,'Player495'),(496,899,644,'Player496'),(497,523,680,'Player497'),(498,832,117,'Player498'),(499,92,106,'Player499'),(500,252,945,'Player500'),(501,968,4,'Player501'),(502,117,571,'Player502'),(503,506,814,'Player503'),(504,554,325,'Player504'),(505,964,843,'Player505'),(506,324,92,'Player506'),(507,486,155,'Player507'),(508,317,117,'Player508'),(509,633,816,'Player509'),(510,180,451,'Player510'),(511,713,212,'Player511'),(512,919,959,'Player512'),(513,40,320,'Player513'),(514,480,440,'Player514'),(515,758,469,'Player515'),(516,72,952,'Player516'),(517,545,867,'Player517'),(518,699,895,'Player518'),(519,375,193,'Player519'),(520,836,603,'Player520'),(521,507,724,'Player521'),(522,100,326,'Player522'),(523,330,671,'Player523'),(524,363,802,'Player524'),(525,920,192,'Player525'),(526,203,435,'Player526'),(527,569,539,'Player527'),(528,985,310,'Player528'),(529,596,46,'Player529'),(530,444,82,'Player530'),(531,76,132,'Player531'),(532,433,770,'Player532'),(533,548,430,'Player533'),(534,508,247,'Player534'),(535,713,821,'Player535'),(536,965,361,'Player536'),(537,910,467,'Player537'),(538,604,618,'Player538'),(539,279,540,'Player539'),(540,863,696,'Player540'),(541,888,353,'Player541'),(542,100,440,'Player542'),(543,898,171,'Player543'),(544,160,287,'Player544'),(545,955,914,'Player545'),(546,703,774,'Player546'),(547,759,473,'Player547'),(548,89,23,'Player548'),(549,848,173,'Player549'),(550,319,74,'Player550'),(551,414,849,'Player551'),(552,1,459,'Player552'),(553,289,69,'Player553'),(554,479,186,'Player554'),(555,494,912,'Player555'),(556,75,640,'Player556'),(557,974,948,'Player557'),(558,817,240,'Player558'),(559,750,27,'Player559'),(560,888,357,'Player560'),(561,120,529,'Player561'),(562,284,834,'Player562'),(563,317,82,'Player563'),(564,460,51,'Player564'),(565,877,231,'Player565'),(566,522,916,'Player566'),(567,15,325,'Player567'),(568,581,930,'Player568'),(569,904,732,'Player569'),(570,947,537,'Player570'),(571,844,608,'Player571'),(572,507,712,'Player572'),(573,37,51,'Player573'),(574,142,558,'Player574'),(575,362,135,'Player575'),(576,587,533,'Player576'),(577,902,912,'Player577'),(578,851,521,'Player578'),(579,50,685,'Player579'),(580,275,319,'Player580'),(581,768,886,'Player581'),(582,124,961,'Player582'),(583,435,288,'Player583'),(584,136,815,'Player584'),(585,665,879,'Player585'),(586,402,373,'Player586'),(587,656,162,'Player587'),(588,843,729,'Player588'),(589,113,379,'Player589'),(590,554,632,'Player590'),(591,498,593,'Player591'),(592,471,577,'Player592'),(593,469,615,'Player593'),(594,666,485,'Player594'),(595,426,673,'Player595'),(596,89,425,'Player596'),(597,858,14,'Player597'),(598,494,430,'Player598'),(599,665,34,'Player599'),(600,177,780,'Player600'),(601,370,508,'Player601'),(602,428,619,'Player602'),(603,807,180,'Player603'),(604,478,847,'Player604'),(605,804,475,'Player605'),(606,964,397,'Player606'),(607,89,255,'Player607'),(608,6,264,'Player608'),(609,303,722,'Player609'),(610,700,333,'Player610'),(611,567,835,'Player611'),(612,473,862,'Player612'),(613,887,849,'Player613'),(614,584,370,'Player614'),(615,101,393,'Player615'),(616,662,131,'Player616'),(617,666,939,'Player617'),(618,696,664,'Player618'),(619,231,161,'Player619'),(620,112,79,'Player620'),(621,55,38,'Player621'),(622,23,4,'Player622'),(623,949,733,'Player623'),(624,817,884,'Player624'),(625,969,193,'Player625'),(626,56,700,'Player626'),(627,334,570,'Player627'),(628,845,517,'Player628'),(629,48,689,'Player629'),(630,301,439,'Player630'),(631,289,127,'Player631'),(632,770,468,'Player632'),(633,28,736,'Player633'),(634,594,764,'Player634'),(635,36,886,'Player635'),(636,322,952,'Player636'),(637,792,106,'Player637'),(638,151,439,'Player638'),(639,742,390,'Player639'),(640,723,443,'Player640'),(641,49,915,'Player641'),(642,428,396,'Player642'),(643,692,274,'Player643'),(644,293,641,'Player644'),(645,326,706,'Player645'),(646,551,636,'Player646'),(647,526,724,'Player647'),(648,40,29,'Player648'),(649,25,36,'Player649'),(650,106,422,'Player650'),(651,790,685,'Player651'),(652,55,217,'Player652'),(653,923,960,'Player653'),(654,34,287,'Player654'),(655,333,802,'Player655'),(656,11,648,'Player656'),(657,209,98,'Player657'),(658,862,17,'Player658'),(659,498,439,'Player659'),(660,700,184,'Player660'),(661,817,535,'Player661'),(662,224,512,'Player662'),(663,889,910,'Player663'),(664,880,669,'Player664'),(665,707,527,'Player665'),(666,513,982,'Player666'),(667,371,909,'Player667'),(668,433,438,'Player668'),(669,890,134,'Player669'),(670,2,606,'Player670'),(671,22,292,'Player671'),(672,395,99,'Player672'),(673,308,243,'Player673'),(674,292,730,'Player674'),(675,773,674,'Player675'),(676,52,237,'Player676'),(677,29,433,'Player677'),(678,78,91,'Player678'),(679,219,820,'Player679'),(680,444,760,'Player680'),(681,466,52,'Player681'),(682,860,143,'Player682'),(683,133,237,'Player683'),(684,787,223,'Player684'),(685,752,93,'Player685'),(686,206,750,'Player686'),(687,133,413,'Player687'),(688,666,89,'Player688'),(689,447,966,'Player689'),(690,492,559,'Player690'),(691,319,918,'Player691'),(692,631,402,'Player692'),(693,115,369,'Player693'),(694,500,394,'Player694'),(695,468,158,'Player695'),(696,387,461,'Player696'),(697,142,327,'Player697'),(698,209,62,'Player698'),(699,683,227,'Player699'),(700,89,761,'Player700'),(701,537,401,'Player701'),(702,394,766,'Player702'),(703,650,949,'Player703'),(704,794,124,'Player704'),(705,236,808,'Player705'),(706,330,227,'Player706'),(707,144,40,'Player707'),(708,767,712,'Player708'),(709,261,169,'Player709'),(710,60,793,'Player710'),(711,785,545,'Player711'),(712,370,216,'Player712'),(713,970,200,'Player713'),(714,88,840,'Player714'),(715,936,161,'Player715'),(716,993,485,'Player716'),(717,445,768,'Player717'),(718,503,213,'Player718'),(719,555,136,'Player719'),(720,14,660,'Player720'),(721,258,309,'Player721'),(722,773,935,'Player722'),(723,355,969,'Player723'),(724,779,987,'Player724'),(725,597,26,'Player725'),(726,335,600,'Player726'),(727,993,166,'Player727'),(728,847,740,'Player728'),(729,159,572,'Player729'),(730,383,197,'Player730'),(731,836,589,'Player731'),(732,437,418,'Player732'),(733,777,630,'Player733'),(734,821,212,'Player734'),(735,596,344,'Player735'),(736,930,621,'Player736'),(737,312,698,'Player737'),(738,552,665,'Player738'),(739,670,353,'Player739'),(740,755,717,'Player740'),(741,320,449,'Player741'),(742,283,68,'Player742'),(743,492,252,'Player743'),(744,786,174,'Player744'),(745,512,35,'Player745'),(746,641,97,'Player746'),(747,562,518,'Player747'),(748,904,966,'Player748'),(749,117,687,'Player749'),(750,85,364,'Player750'),(751,563,722,'Player751'),(752,920,435,'Player752'),(753,415,770,'Player753'),(754,603,705,'Player754'),(755,714,454,'Player755'),(756,128,278,'Player756'),(757,6,195,'Player757'),(758,955,189,'Player758'),(759,82,841,'Player759'),(760,958,268,'Player760'),(761,466,524,'Player761'),(762,223,540,'Player762'),(763,31,537,'Player763'),(764,590,338,'Player764'),(765,920,587,'Player765'),(766,175,111,'Player766'),(767,30,818,'Player767'),(768,1000,544,'Player768'),(769,721,971,'Player769'),(770,690,538,'Player770'),(771,619,479,'Player771'),(772,538,254,'Player772'),(773,655,513,'Player773'),(774,600,459,'Player774'),(775,497,107,'Player775'),(776,42,887,'Player776'),(777,312,896,'Player777'),(778,542,24,'Player778'),(779,493,391,'Player779'),(780,478,215,'Player780'),(781,642,565,'Player781'),(782,898,794,'Player782'),(783,277,2,'Player783'),(784,180,892,'Player784'),(785,922,930,'Player785'),(786,886,638,'Player786'),(787,533,748,'Player787'),(788,141,460,'Player788'),(789,879,11,'Player789'),(790,420,66,'Player790'),(791,68,140,'Player791'),(792,499,74,'Player792'),(793,874,146,'Player793'),(794,108,101,'Player794'),(795,181,599,'Player795'),(796,455,476,'Player796'),(797,13,637,'Player797'),(798,146,819,'Player798'),(799,656,821,'Player799'),(800,136,216,'Player800'),(801,671,708,'Player801'),(802,526,506,'Player802'),(803,951,236,'Player803'),(804,327,925,'Player804'),(805,642,438,'Player805'),(806,263,999,'Player806'),(807,208,43,'Player807'),(808,587,809,'Player808'),(809,283,986,'Player809'),(810,83,456,'Player810'),(811,28,772,'Player811'),(812,777,567,'Player812'),(813,502,811,'Player813'),(814,546,299,'Player814'),(815,856,382,'Player815'),(816,340,554,'Player816'),(817,751,92,'Player817'),(818,207,759,'Player818'),(819,172,583,'Player819'),(820,400,249,'Player820'),(821,43,470,'Player821'),(822,219,683,'Player822'),(823,759,746,'Player823'),(824,450,13,'Player824'),(825,715,537,'Player825'),(826,537,73,'Player826'),(827,754,550,'Player827'),(828,489,794,'Player828'),(829,503,134,'Player829'),(830,160,397,'Player830'),(831,506,336,'Player831'),(832,162,801,'Player832'),(833,519,190,'Player833'),(834,392,391,'Player834'),(835,779,720,'Player835'),(836,263,154,'Player836'),(837,982,447,'Player837'),(838,286,91,'Player838'),(839,596,708,'Player839'),(840,752,635,'Player840'),(841,919,689,'Player841'),(842,686,363,'Player842'),(843,755,686,'Player843'),(844,165,767,'Player844'),(845,339,393,'Player845'),(846,946,552,'Player846'),(847,924,960,'Player847'),(848,27,255,'Player848'),(849,195,208,'Player849'),(850,453,642,'Player850'),(851,849,319,'Player851'),(852,50,290,'Player852'),(853,301,636,'Player853'),(854,274,462,'Player854'),(855,488,53,'Player855'),(856,801,847,'Player856'),(857,829,604,'Player857'),(858,532,848,'Player858'),(859,643,672,'Player859'),(860,431,136,'Player860'),(861,386,522,'Player861'),(862,450,686,'Player862'),(863,77,327,'Player863'),(864,403,36,'Player864'),(865,969,737,'Player865'),(866,778,678,'Player866'),(867,54,238,'Player867'),(868,25,413,'Player868'),(869,991,712,'Player869'),(870,588,803,'Player870'),(871,250,843,'Player871'),(872,464,788,'Player872'),(873,550,384,'Player873'),(874,271,200,'Player874'),(875,189,342,'Player875'),(876,145,696,'Player876'),(877,46,140,'Player877'),(878,564,397,'Player878'),(879,294,280,'Player879'),(880,514,732,'Player880'),(881,115,379,'Player881'),(882,551,616,'Player882'),(883,428,290,'Player883'),(884,167,965,'Player884'),(885,322,714,'Player885'),(886,606,887,'Player886'),(887,618,425,'Player887'),(888,273,88,'Player888'),(889,619,832,'Player889'),(890,301,8,'Player890'),(891,138,664,'Player891'),(892,905,534,'Player892'),(893,956,176,'Player893'),(894,12,529,'Player894'),(895,612,470,'Player895'),(896,516,166,'Player896'),(897,284,920,'Player897'),(898,749,984,'Player898'),(899,674,416,'Player899'),(900,59,45,'Player900'),(901,46,96,'Player901'),(902,340,411,'Player902'),(903,35,942,'Player903'),(904,605,198,'Player904'),(905,173,270,'Player905'),(906,831,347,'Player906'),(907,240,159,'Player907'),(908,73,889,'Player908'),(909,224,453,'Player909'),(910,591,596,'Player910'),(911,206,242,'Player911'),(912,591,231,'Player912'),(913,378,199,'Player913'),(914,861,708,'Player914'),(915,955,649,'Player915'),(916,382,962,'Player916'),(917,665,437,'Player917'),(918,188,630,'Player918'),(919,583,27,'Player919'),(920,387,852,'Player920'),(921,97,929,'Player921'),(922,352,974,'Player922'),(923,814,146,'Player923'),(924,289,7,'Player924'),(925,168,819,'Player925'),(926,590,491,'Player926'),(927,684,947,'Player927'),(928,685,580,'Player928'),(929,845,487,'Player929'),(930,898,28,'Player930'),(931,446,145,'Player931'),(932,388,503,'Player932'),(933,352,248,'Player933'),(934,186,183,'Player934'),(935,359,246,'Player935'),(936,151,18,'Player936'),(937,635,122,'Player937'),(938,702,144,'Player938'),(939,612,630,'Player939'),(940,313,675,'Player940'),(941,436,154,'Player941'),(942,461,841,'Player942'),(943,825,599,'Player943'),(944,521,809,'Player944'),(945,480,972,'Player945'),(946,421,186,'Player946'),(947,667,778,'Player947'),(948,889,108,'Player948'),(949,872,35,'Player949'),(950,562,701,'Player950'),(951,821,3,'Player951'),(952,548,733,'Player952'),(953,22,908,'Player953'),(954,474,647,'Player954'),(955,811,112,'Player955'),(956,129,307,'Player956'),(957,147,816,'Player957'),(958,638,739,'Player958'),(959,783,698,'Player959'),(960,141,609,'Player960'),(961,623,286,'Player961'),(962,560,940,'Player962'),(963,22,289,'Player963'),(964,379,27,'Player964'),(965,999,912,'Player965'),(966,563,76,'Player966'),(967,694,238,'Player967'),(968,111,840,'Player968'),(969,864,800,'Player969'),(970,408,638,'Player970'),(971,968,926,'Player971'),(972,725,847,'Player972'),(973,58,748,'Player973'),(974,568,596,'Player974'),(975,272,574,'Player975'),(976,55,550,'Player976'),(977,583,268,'Player977'),(978,588,135,'Player978'),(979,911,150,'Player979'),(980,16,628,'Player980'),(981,93,579,'Player981'),(982,616,342,'Player982'),(983,862,282,'Player983'),(984,827,285,'Player984'),(985,946,873,'Player985'),(986,529,22,'Player986'),(987,524,552,'Player987'),(988,189,290,'Player988'),(989,881,534,'Player989'),(990,29,540,'Player990'),(991,615,454,'Player991'),(992,422,750,'Player992'),(993,481,157,'Player993'),(994,341,234,'Player994'),(995,148,36,'Player995'),(996,734,562,'Player996'),(997,608,352,'Player997'),(998,935,618,'Player998'),(999,284,569,'Player999'),(1000,989,238,'Player1000');
/*!40000 ALTER TABLE `participants` ENABLE KEYS */;
UNLOCK TABLES;

--
-- Table structure for table `scout_data`
--

DROP TABLE IF EXISTS `scout_data`;
/*!40101 SET @saved_cs_client     = @@character_set_client */;
/*!50503 SET character_set_client = utf8mb4 */;
CREATE TABLE `scout_data` (
  `scout_data_id` int NOT NULL AUTO_INCREMENT,
  `event_id` int NOT NULL,
  `team_id` int NOT NULL,
  PRIMARY KEY (`scout_data_id`),
  KEY `team_id_idx` (`team_id`),
  KEY `event_id_idx` (`event_id`),
  CONSTRAINT `event_id` FOREIGN KEY (`event_id`) REFERENCES `events` (`event_id`),
  CONSTRAINT `team_id` FOREIGN KEY (`team_id`) REFERENCES `teams` (`team_id`)
) ENGINE=InnoDB AUTO_INCREMENT=2 DEFAULT CHARSET=utf8mb4 COLLATE=utf8mb4_0900_ai_ci;
/*!40101 SET character_set_client = @saved_cs_client */;

--
-- Dumping data for table `scout_data`
--

LOCK TABLES `scout_data` WRITE;
/*!40000 ALTER TABLE `scout_data` DISABLE KEYS */;
INSERT INTO `scout_data` VALUES (1,2,3);
/*!40000 ALTER TABLE `scout_data` ENABLE KEYS */;
UNLOCK TABLES;

--
-- Table structure for table `sports`
--

DROP TABLE IF EXISTS `sports`;
/*!40101 SET @saved_cs_client     = @@character_set_client */;
/*!50503 SET character_set_client = utf8mb4 */;
CREATE TABLE `sports` (
  `sport_id` int NOT NULL AUTO_INCREMENT,
  `name` varchar(50) NOT NULL,
  `description` text,
  PRIMARY KEY (`sport_id`),
  UNIQUE KEY `name` (`name`)
) ENGINE=InnoDB AUTO_INCREMENT=1001 DEFAULT CHARSET=utf8mb4 COLLATE=utf8mb4_0900_ai_ci;
/*!40101 SET character_set_client = @saved_cs_client */;

--
-- Dumping data for table `sports`
--

LOCK TABLES `sports` WRITE;
/*!40000 ALTER TABLE `sports` DISABLE KEYS */;
INSERT INTO `sports` VALUES (1,'Sport1','Description for Sport 1'),(2,'Sport2','Description for Sport 2'),(3,'Sport3','Description for Sport 3'),(4,'Sport4','Description for Sport 4'),(5,'Sport5','Description for Sport 5'),(6,'Sport6','Description for Sport 6'),(7,'Sport7','Description for Sport 7'),(8,'Sport8','Description for Sport 8'),(9,'Sport9','Description for Sport 9'),(10,'Sport10','Description for Sport 10'),(11,'Sport11','Description for Sport 11'),(12,'Sport12','Description for Sport 12'),(13,'Sport13','Description for Sport 13'),(14,'Sport14','Description for Sport 14'),(15,'Sport15','Description for Sport 15'),(16,'Sport16','Description for Sport 16'),(17,'Sport17','Description for Sport 17'),(18,'Sport18','Description for Sport 18'),(19,'Sport19','Description for Sport 19'),(20,'Sport20','Description for Sport 20'),(21,'Sport21','Description for Sport 21'),(22,'Sport22','Description for Sport 22'),(23,'Sport23','Description for Sport 23'),(24,'Sport24','Description for Sport 24'),(25,'Sport25','Description for Sport 25'),(26,'Sport26','Description for Sport 26'),(27,'Sport27','Description for Sport 27'),(28,'Sport28','Description for Sport 28'),(29,'Sport29','Description for Sport 29'),(30,'Sport30','Description for Sport 30'),(31,'Sport31','Description for Sport 31'),(32,'Sport32','Description for Sport 32'),(33,'Sport33','Description for Sport 33'),(34,'Sport34','Description for Sport 34'),(35,'Sport35','Description for Sport 35'),(36,'Sport36','Description for Sport 36'),(37,'Sport37','Description for Sport 37'),(38,'Sport38','Description for Sport 38'),(39,'Sport39','Description for Sport 39'),(40,'Sport40','Description for Sport 40'),(41,'Sport41','Description for Sport 41'),(42,'Sport42','Description for Sport 42'),(43,'Sport43','Description for Sport 43'),(44,'Sport44','Description for Sport 44'),(45,'Sport45','Description for Sport 45'),(46,'Sport46','Description for Sport 46'),(47,'Sport47','Description for Sport 47'),(48,'Sport48','Description for Sport 48'),(49,'Sport49','Description for Sport 49'),(50,'Sport50','Description for Sport 50'),(51,'Sport51','Description for Sport 51'),(52,'Sport52','Description for Sport 52'),(53,'Sport53','Description for Sport 53'),(54,'Sport54','Description for Sport 54'),(55,'Sport55','Description for Sport 55'),(56,'Sport56','Description for Sport 56'),(57,'Sport57','Description for Sport 57'),(58,'Sport58','Description for Sport 58'),(59,'Sport59','Description for Sport 59'),(60,'Sport60','Description for Sport 60'),(61,'Sport61','Description for Sport 61'),(62,'Sport62','Description for Sport 62'),(63,'Sport63','Description for Sport 63'),(64,'Sport64','Description for Sport 64'),(65,'Sport65','Description for Sport 65'),(66,'Sport66','Description for Sport 66'),(67,'Sport67','Description for Sport 67'),(68,'Sport68','Description for Sport 68'),(69,'Sport69','Description for Sport 69'),(70,'Sport70','Description for Sport 70'),(71,'Sport71','Description for Sport 71'),(72,'Sport72','Description for Sport 72'),(73,'Sport73','Description for Sport 73'),(74,'Sport74','Description for Sport 74'),(75,'Sport75','Description for Sport 75'),(76,'Sport76','Description for Sport 76'),(77,'Sport77','Description for Sport 77'),(78,'Sport78','Description for Sport 78'),(79,'Sport79','Description for Sport 79'),(80,'Sport80','Description for Sport 80'),(81,'Sport81','Description for Sport 81'),(82,'Sport82','Description for Sport 82'),(83,'Sport83','Description for Sport 83'),(84,'Sport84','Description for Sport 84'),(85,'Sport85','Description for Sport 85'),(86,'Sport86','Description for Sport 86'),(87,'Sport87','Description for Sport 87'),(88,'Sport88','Description for Sport 88'),(89,'Sport89','Description for Sport 89'),(90,'Sport90','Description for Sport 90'),(91,'Sport91','Description for Sport 91'),(92,'Sport92','Description for Sport 92'),(93,'Sport93','Description for Sport 93'),(94,'Sport94','Description for Sport 94'),(95,'Sport95','Description for Sport 95'),(96,'Sport96','Description for Sport 96'),(97,'Sport97','Description for Sport 97'),(98,'Sport98','Description for Sport 98'),(99,'Sport99','Description for Sport 99'),(100,'Sport100','Description for Sport 100'),(101,'Sport101','Description for Sport 101'),(102,'Sport102','Description for Sport 102'),(103,'Sport103','Description for Sport 103'),(104,'Sport104','Description for Sport 104'),(105,'Sport105','Description for Sport 105'),(106,'Sport106','Description for Sport 106'),(107,'Sport107','Description for Sport 107'),(108,'Sport108','Description for Sport 108'),(109,'Sport109','Description for Sport 109'),(110,'Sport110','Description for Sport 110'),(111,'Sport111','Description for Sport 111'),(112,'Sport112','Description for Sport 112'),(113,'Sport113','Description for Sport 113'),(114,'Sport114','Description for Sport 114'),(115,'Sport115','Description for Sport 115'),(116,'Sport116','Description for Sport 116'),(117,'Sport117','Description for Sport 117'),(118,'Sport118','Description for Sport 118'),(119,'Sport119','Description for Sport 119'),(120,'Sport120','Description for Sport 120'),(121,'Sport121','Description for Sport 121'),(122,'Sport122','Description for Sport 122'),(123,'Sport123','Description for Sport 123'),(124,'Sport124','Description for Sport 124'),(125,'Sport125','Description for Sport 125'),(126,'Sport126','Description for Sport 126'),(127,'Sport127','Description for Sport 127'),(128,'Sport128','Description for Sport 128'),(129,'Sport129','Description for Sport 129'),(130,'Sport130','Description for Sport 130'),(131,'Sport131','Description for Sport 131'),(132,'Sport132','Description for Sport 132'),(133,'Sport133','Description for Sport 133'),(134,'Sport134','Description for Sport 134'),(135,'Sport135','Description for Sport 135'),(136,'Sport136','Description for Sport 136'),(137,'Sport137','Description for Sport 137'),(138,'Sport138','Description for Sport 138'),(139,'Sport139','Description for Sport 139'),(140,'Sport140','Description for Sport 140'),(141,'Sport141','Description for Sport 141'),(142,'Sport142','Description for Sport 142'),(143,'Sport143','Description for Sport 143'),(144,'Sport144','Description for Sport 144'),(145,'Sport145','Description for Sport 145'),(146,'Sport146','Description for Sport 146'),(147,'Sport147','Description for Sport 147'),(148,'Sport148','Description for Sport 148'),(149,'Sport149','Description for Sport 149'),(150,'Sport150','Description for Sport 150'),(151,'Sport151','Description for Sport 151'),(152,'Sport152','Description for Sport 152'),(153,'Sport153','Description for Sport 153'),(154,'Sport154','Description for Sport 154'),(155,'Sport155','Description for Sport 155'),(156,'Sport156','Description for Sport 156'),(157,'Sport157','Description for Sport 157'),(158,'Sport158','Description for Sport 158'),(159,'Sport159','Description for Sport 159'),(160,'Sport160','Description for Sport 160'),(161,'Sport161','Description for Sport 161'),(162,'Sport162','Description for Sport 162'),(163,'Sport163','Description for Sport 163'),(164,'Sport164','Description for Sport 164'),(165,'Sport165','Description for Sport 165'),(166,'Sport166','Description for Sport 166'),(167,'Sport167','Description for Sport 167'),(168,'Sport168','Description for Sport 168'),(169,'Sport169','Description for Sport 169'),(170,'Sport170','Description for Sport 170'),(171,'Sport171','Description for Sport 171'),(172,'Sport172','Description for Sport 172'),(173,'Sport173','Description for Sport 173'),(174,'Sport174','Description for Sport 174'),(175,'Sport175','Description for Sport 175'),(176,'Sport176','Description for Sport 176'),(177,'Sport177','Description for Sport 177'),(178,'Sport178','Description for Sport 178'),(179,'Sport179','Description for Sport 179'),(180,'Sport180','Description for Sport 180'),(181,'Sport181','Description for Sport 181'),(182,'Sport182','Description for Sport 182'),(183,'Sport183','Description for Sport 183'),(184,'Sport184','Description for Sport 184'),(185,'Sport185','Description for Sport 185'),(186,'Sport186','Description for Sport 186'),(187,'Sport187','Description for Sport 187'),(188,'Sport188','Description for Sport 188'),(189,'Sport189','Description for Sport 189'),(190,'Sport190','Description for Sport 190'),(191,'Sport191','Description for Sport 191'),(192,'Sport192','Description for Sport 192'),(193,'Sport193','Description for Sport 193'),(194,'Sport194','Description for Sport 194'),(195,'Sport195','Description for Sport 195'),(196,'Sport196','Description for Sport 196'),(197,'Sport197','Description for Sport 197'),(198,'Sport198','Description for Sport 198'),(199,'Sport199','Description for Sport 199'),(200,'Sport200','Description for Sport 200'),(201,'Sport201','Description for Sport 201'),(202,'Sport202','Description for Sport 202'),(203,'Sport203','Description for Sport 203'),(204,'Sport204','Description for Sport 204'),(205,'Sport205','Description for Sport 205'),(206,'Sport206','Description for Sport 206'),(207,'Sport207','Description for Sport 207'),(208,'Sport208','Description for Sport 208'),(209,'Sport209','Description for Sport 209'),(210,'Sport210','Description for Sport 210'),(211,'Sport211','Description for Sport 211'),(212,'Sport212','Description for Sport 212'),(213,'Sport213','Description for Sport 213'),(214,'Sport214','Description for Sport 214'),(215,'Sport215','Description for Sport 215'),(216,'Sport216','Description for Sport 216'),(217,'Sport217','Description for Sport 217'),(218,'Sport218','Description for Sport 218'),(219,'Sport219','Description for Sport 219'),(220,'Sport220','Description for Sport 220'),(221,'Sport221','Description for Sport 221'),(222,'Sport222','Description for Sport 222'),(223,'Sport223','Description for Sport 223'),(224,'Sport224','Description for Sport 224'),(225,'Sport225','Description for Sport 225'),(226,'Sport226','Description for Sport 226'),(227,'Sport227','Description for Sport 227'),(228,'Sport228','Description for Sport 228'),(229,'Sport229','Description for Sport 229'),(230,'Sport230','Description for Sport 230'),(231,'Sport231','Description for Sport 231'),(232,'Sport232','Description for Sport 232'),(233,'Sport233','Description for Sport 233'),(234,'Sport234','Description for Sport 234'),(235,'Sport235','Description for Sport 235'),(236,'Sport236','Description for Sport 236'),(237,'Sport237','Description for Sport 237'),(238,'Sport238','Description for Sport 238'),(239,'Sport239','Description for Sport 239'),(240,'Sport240','Description for Sport 240'),(241,'Sport241','Description for Sport 241'),(242,'Sport242','Description for Sport 242'),(243,'Sport243','Description for Sport 243'),(244,'Sport244','Description for Sport 244'),(245,'Sport245','Description for Sport 245'),(246,'Sport246','Description for Sport 246'),(247,'Sport247','Description for Sport 247'),(248,'Sport248','Description for Sport 248'),(249,'Sport249','Description for Sport 249'),(250,'Sport250','Description for Sport 250'),(251,'Sport251','Description for Sport 251'),(252,'Sport252','Description for Sport 252'),(253,'Sport253','Description for Sport 253'),(254,'Sport254','Description for Sport 254'),(255,'Sport255','Description for Sport 255'),(256,'Sport256','Description for Sport 256'),(257,'Sport257','Description for Sport 257'),(258,'Sport258','Description for Sport 258'),(259,'Sport259','Description for Sport 259'),(260,'Sport260','Description for Sport 260'),(261,'Sport261','Description for Sport 261'),(262,'Sport262','Description for Sport 262'),(263,'Sport263','Description for Sport 263'),(264,'Sport264','Description for Sport 264'),(265,'Sport265','Description for Sport 265'),(266,'Sport266','Description for Sport 266'),(267,'Sport267','Description for Sport 267'),(268,'Sport268','Description for Sport 268'),(269,'Sport269','Description for Sport 269'),(270,'Sport270','Description for Sport 270'),(271,'Sport271','Description for Sport 271'),(272,'Sport272','Description for Sport 272'),(273,'Sport273','Description for Sport 273'),(274,'Sport274','Description for Sport 274'),(275,'Sport275','Description for Sport 275'),(276,'Sport276','Description for Sport 276'),(277,'Sport277','Description for Sport 277'),(278,'Sport278','Description for Sport 278'),(279,'Sport279','Description for Sport 279'),(280,'Sport280','Description for Sport 280'),(281,'Sport281','Description for Sport 281'),(282,'Sport282','Description for Sport 282'),(283,'Sport283','Description for Sport 283'),(284,'Sport284','Description for Sport 284'),(285,'Sport285','Description for Sport 285'),(286,'Sport286','Description for Sport 286'),(287,'Sport287','Description for Sport 287'),(288,'Sport288','Description for Sport 288'),(289,'Sport289','Description for Sport 289'),(290,'Sport290','Description for Sport 290'),(291,'Sport291','Description for Sport 291'),(292,'Sport292','Description for Sport 292'),(293,'Sport293','Description for Sport 293'),(294,'Sport294','Description for Sport 294'),(295,'Sport295','Description for Sport 295'),(296,'Sport296','Description for Sport 296'),(297,'Sport297','Description for Sport 297'),(298,'Sport298','Description for Sport 298'),(299,'Sport299','Description for Sport 299'),(300,'Sport300','Description for Sport 300'),(301,'Sport301','Description for Sport 301'),(302,'Sport302','Description for Sport 302'),(303,'Sport303','Description for Sport 303'),(304,'Sport304','Description for Sport 304'),(305,'Sport305','Description for Sport 305'),(306,'Sport306','Description for Sport 306'),(307,'Sport307','Description for Sport 307'),(308,'Sport308','Description for Sport 308'),(309,'Sport309','Description for Sport 309'),(310,'Sport310','Description for Sport 310'),(311,'Sport311','Description for Sport 311'),(312,'Sport312','Description for Sport 312'),(313,'Sport313','Description for Sport 313'),(314,'Sport314','Description for Sport 314'),(315,'Sport315','Description for Sport 315'),(316,'Sport316','Description for Sport 316'),(317,'Sport317','Description for Sport 317'),(318,'Sport318','Description for Sport 318'),(319,'Sport319','Description for Sport 319'),(320,'Sport320','Description for Sport 320'),(321,'Sport321','Description for Sport 321'),(322,'Sport322','Description for Sport 322'),(323,'Sport323','Description for Sport 323'),(324,'Sport324','Description for Sport 324'),(325,'Sport325','Description for Sport 325'),(326,'Sport326','Description for Sport 326'),(327,'Sport327','Description for Sport 327'),(328,'Sport328','Description for Sport 328'),(329,'Sport329','Description for Sport 329'),(330,'Sport330','Description for Sport 330'),(331,'Sport331','Description for Sport 331'),(332,'Sport332','Description for Sport 332'),(333,'Sport333','Description for Sport 333'),(334,'Sport334','Description for Sport 334'),(335,'Sport335','Description for Sport 335'),(336,'Sport336','Description for Sport 336'),(337,'Sport337','Description for Sport 337'),(338,'Sport338','Description for Sport 338'),(339,'Sport339','Description for Sport 339'),(340,'Sport340','Description for Sport 340'),(341,'Sport341','Description for Sport 341'),(342,'Sport342','Description for Sport 342'),(343,'Sport343','Description for Sport 343'),(344,'Sport344','Description for Sport 344'),(345,'Sport345','Description for Sport 345'),(346,'Sport346','Description for Sport 346'),(347,'Sport347','Description for Sport 347'),(348,'Sport348','Description for Sport 348'),(349,'Sport349','Description for Sport 349'),(350,'Sport350','Description for Sport 350'),(351,'Sport351','Description for Sport 351'),(352,'Sport352','Description for Sport 352'),(353,'Sport353','Description for Sport 353'),(354,'Sport354','Description for Sport 354'),(355,'Sport355','Description for Sport 355'),(356,'Sport356','Description for Sport 356'),(357,'Sport357','Description for Sport 357'),(358,'Sport358','Description for Sport 358'),(359,'Sport359','Description for Sport 359'),(360,'Sport360','Description for Sport 360'),(361,'Sport361','Description for Sport 361'),(362,'Sport362','Description for Sport 362'),(363,'Sport363','Description for Sport 363'),(364,'Sport364','Description for Sport 364'),(365,'Sport365','Description for Sport 365'),(366,'Sport366','Description for Sport 366'),(367,'Sport367','Description for Sport 367'),(368,'Sport368','Description for Sport 368'),(369,'Sport369','Description for Sport 369'),(370,'Sport370','Description for Sport 370'),(371,'Sport371','Description for Sport 371'),(372,'Sport372','Description for Sport 372'),(373,'Sport373','Description for Sport 373'),(374,'Sport374','Description for Sport 374'),(375,'Sport375','Description for Sport 375'),(376,'Sport376','Description for Sport 376'),(377,'Sport377','Description for Sport 377'),(378,'Sport378','Description for Sport 378'),(379,'Sport379','Description for Sport 379'),(380,'Sport380','Description for Sport 380'),(381,'Sport381','Description for Sport 381'),(382,'Sport382','Description for Sport 382'),(383,'Sport383','Description for Sport 383'),(384,'Sport384','Description for Sport 384'),(385,'Sport385','Description for Sport 385'),(386,'Sport386','Description for Sport 386'),(387,'Sport387','Description for Sport 387'),(388,'Sport388','Description for Sport 388'),(389,'Sport389','Description for Sport 389'),(390,'Sport390','Description for Sport 390'),(391,'Sport391','Description for Sport 391'),(392,'Sport392','Description for Sport 392'),(393,'Sport393','Description for Sport 393'),(394,'Sport394','Description for Sport 394'),(395,'Sport395','Description for Sport 395'),(396,'Sport396','Description for Sport 396'),(397,'Sport397','Description for Sport 397'),(398,'Sport398','Description for Sport 398'),(399,'Sport399','Description for Sport 399'),(400,'Sport400','Description for Sport 400'),(401,'Sport401','Description for Sport 401'),(402,'Sport402','Description for Sport 402'),(403,'Sport403','Description for Sport 403'),(404,'Sport404','Description for Sport 404'),(405,'Sport405','Description for Sport 405'),(406,'Sport406','Description for Sport 406'),(407,'Sport407','Description for Sport 407'),(408,'Sport408','Description for Sport 408'),(409,'Sport409','Description for Sport 409'),(410,'Sport410','Description for Sport 410'),(411,'Sport411','Description for Sport 411'),(412,'Sport412','Description for Sport 412'),(413,'Sport413','Description for Sport 413'),(414,'Sport414','Description for Sport 414'),(415,'Sport415','Description for Sport 415'),(416,'Sport416','Description for Sport 416'),(417,'Sport417','Description for Sport 417'),(418,'Sport418','Description for Sport 418'),(419,'Sport419','Description for Sport 419'),(420,'Sport420','Description for Sport 420'),(421,'Sport421','Description for Sport 421'),(422,'Sport422','Description for Sport 422'),(423,'Sport423','Description for Sport 423'),(424,'Sport424','Description for Sport 424'),(425,'Sport425','Description for Sport 425'),(426,'Sport426','Description for Sport 426'),(427,'Sport427','Description for Sport 427'),(428,'Sport428','Description for Sport 428'),(429,'Sport429','Description for Sport 429'),(430,'Sport430','Description for Sport 430'),(431,'Sport431','Description for Sport 431'),(432,'Sport432','Description for Sport 432'),(433,'Sport433','Description for Sport 433'),(434,'Sport434','Description for Sport 434'),(435,'Sport435','Description for Sport 435'),(436,'Sport436','Description for Sport 436'),(437,'Sport437','Description for Sport 437'),(438,'Sport438','Description for Sport 438'),(439,'Sport439','Description for Sport 439'),(440,'Sport440','Description for Sport 440'),(441,'Sport441','Description for Sport 441'),(442,'Sport442','Description for Sport 442'),(443,'Sport443','Description for Sport 443'),(444,'Sport444','Description for Sport 444'),(445,'Sport445','Description for Sport 445'),(446,'Sport446','Description for Sport 446'),(447,'Sport447','Description for Sport 447'),(448,'Sport448','Description for Sport 448'),(449,'Sport449','Description for Sport 449'),(450,'Sport450','Description for Sport 450'),(451,'Sport451','Description for Sport 451'),(452,'Sport452','Description for Sport 452'),(453,'Sport453','Description for Sport 453'),(454,'Sport454','Description for Sport 454'),(455,'Sport455','Description for Sport 455'),(456,'Sport456','Description for Sport 456'),(457,'Sport457','Description for Sport 457'),(458,'Sport458','Description for Sport 458'),(459,'Sport459','Description for Sport 459'),(460,'Sport460','Description for Sport 460'),(461,'Sport461','Description for Sport 461'),(462,'Sport462','Description for Sport 462'),(463,'Sport463','Description for Sport 463'),(464,'Sport464','Description for Sport 464'),(465,'Sport465','Description for Sport 465'),(466,'Sport466','Description for Sport 466'),(467,'Sport467','Description for Sport 467'),(468,'Sport468','Description for Sport 468'),(469,'Sport469','Description for Sport 469'),(470,'Sport470','Description for Sport 470'),(471,'Sport471','Description for Sport 471'),(472,'Sport472','Description for Sport 472'),(473,'Sport473','Description for Sport 473'),(474,'Sport474','Description for Sport 474'),(475,'Sport475','Description for Sport 475'),(476,'Sport476','Description for Sport 476'),(477,'Sport477','Description for Sport 477'),(478,'Sport478','Description for Sport 478'),(479,'Sport479','Description for Sport 479'),(480,'Sport480','Description for Sport 480'),(481,'Sport481','Description for Sport 481'),(482,'Sport482','Description for Sport 482'),(483,'Sport483','Description for Sport 483'),(484,'Sport484','Description for Sport 484'),(485,'Sport485','Description for Sport 485'),(486,'Sport486','Description for Sport 486'),(487,'Sport487','Description for Sport 487'),(488,'Sport488','Description for Sport 488'),(489,'Sport489','Description for Sport 489'),(490,'Sport490','Description for Sport 490'),(491,'Sport491','Description for Sport 491'),(492,'Sport492','Description for Sport 492'),(493,'Sport493','Description for Sport 493'),(494,'Sport494','Description for Sport 494'),(495,'Sport495','Description for Sport 495'),(496,'Sport496','Description for Sport 496'),(497,'Sport497','Description for Sport 497'),(498,'Sport498','Description for Sport 498'),(499,'Sport499','Description for Sport 499'),(500,'Sport500','Description for Sport 500'),(501,'Sport501','Description for Sport 501'),(502,'Sport502','Description for Sport 502'),(503,'Sport503','Description for Sport 503'),(504,'Sport504','Description for Sport 504'),(505,'Sport505','Description for Sport 505'),(506,'Sport506','Description for Sport 506'),(507,'Sport507','Description for Sport 507'),(508,'Sport508','Description for Sport 508'),(509,'Sport509','Description for Sport 509'),(510,'Sport510','Description for Sport 510'),(511,'Sport511','Description for Sport 511'),(512,'Sport512','Description for Sport 512'),(513,'Sport513','Description for Sport 513'),(514,'Sport514','Description for Sport 514'),(515,'Sport515','Description for Sport 515'),(516,'Sport516','Description for Sport 516'),(517,'Sport517','Description for Sport 517'),(518,'Sport518','Description for Sport 518'),(519,'Sport519','Description for Sport 519'),(520,'Sport520','Description for Sport 520'),(521,'Sport521','Description for Sport 521'),(522,'Sport522','Description for Sport 522'),(523,'Sport523','Description for Sport 523'),(524,'Sport524','Description for Sport 524'),(525,'Sport525','Description for Sport 525'),(526,'Sport526','Description for Sport 526'),(527,'Sport527','Description for Sport 527'),(528,'Sport528','Description for Sport 528'),(529,'Sport529','Description for Sport 529'),(530,'Sport530','Description for Sport 530'),(531,'Sport531','Description for Sport 531'),(532,'Sport532','Description for Sport 532'),(533,'Sport533','Description for Sport 533'),(534,'Sport534','Description for Sport 534'),(535,'Sport535','Description for Sport 535'),(536,'Sport536','Description for Sport 536'),(537,'Sport537','Description for Sport 537'),(538,'Sport538','Description for Sport 538'),(539,'Sport539','Description for Sport 539'),(540,'Sport540','Description for Sport 540'),(541,'Sport541','Description for Sport 541'),(542,'Sport542','Description for Sport 542'),(543,'Sport543','Description for Sport 543'),(544,'Sport544','Description for Sport 544'),(545,'Sport545','Description for Sport 545'),(546,'Sport546','Description for Sport 546'),(547,'Sport547','Description for Sport 547'),(548,'Sport548','Description for Sport 548'),(549,'Sport549','Description for Sport 549'),(550,'Sport550','Description for Sport 550'),(551,'Sport551','Description for Sport 551'),(552,'Sport552','Description for Sport 552'),(553,'Sport553','Description for Sport 553'),(554,'Sport554','Description for Sport 554'),(555,'Sport555','Description for Sport 555'),(556,'Sport556','Description for Sport 556'),(557,'Sport557','Description for Sport 557'),(558,'Sport558','Description for Sport 558'),(559,'Sport559','Description for Sport 559'),(560,'Sport560','Description for Sport 560'),(561,'Sport561','Description for Sport 561'),(562,'Sport562','Description for Sport 562'),(563,'Sport563','Description for Sport 563'),(564,'Sport564','Description for Sport 564'),(565,'Sport565','Description for Sport 565'),(566,'Sport566','Description for Sport 566'),(567,'Sport567','Description for Sport 567'),(568,'Sport568','Description for Sport 568'),(569,'Sport569','Description for Sport 569'),(570,'Sport570','Description for Sport 570'),(571,'Sport571','Description for Sport 571'),(572,'Sport572','Description for Sport 572'),(573,'Sport573','Description for Sport 573'),(574,'Sport574','Description for Sport 574'),(575,'Sport575','Description for Sport 575'),(576,'Sport576','Description for Sport 576'),(577,'Sport577','Description for Sport 577'),(578,'Sport578','Description for Sport 578'),(579,'Sport579','Description for Sport 579'),(580,'Sport580','Description for Sport 580'),(581,'Sport581','Description for Sport 581'),(582,'Sport582','Description for Sport 582'),(583,'Sport583','Description for Sport 583'),(584,'Sport584','Description for Sport 584'),(585,'Sport585','Description for Sport 585'),(586,'Sport586','Description for Sport 586'),(587,'Sport587','Description for Sport 587'),(588,'Sport588','Description for Sport 588'),(589,'Sport589','Description for Sport 589'),(590,'Sport590','Description for Sport 590'),(591,'Sport591','Description for Sport 591'),(592,'Sport592','Description for Sport 592'),(593,'Sport593','Description for Sport 593'),(594,'Sport594','Description for Sport 594'),(595,'Sport595','Description for Sport 595'),(596,'Sport596','Description for Sport 596'),(597,'Sport597','Description for Sport 597'),(598,'Sport598','Description for Sport 598'),(599,'Sport599','Description for Sport 599'),(600,'Sport600','Description for Sport 600'),(601,'Sport601','Description for Sport 601'),(602,'Sport602','Description for Sport 602'),(603,'Sport603','Description for Sport 603'),(604,'Sport604','Description for Sport 604'),(605,'Sport605','Description for Sport 605'),(606,'Sport606','Description for Sport 606'),(607,'Sport607','Description for Sport 607'),(608,'Sport608','Description for Sport 608'),(609,'Sport609','Description for Sport 609'),(610,'Sport610','Description for Sport 610'),(611,'Sport611','Description for Sport 611'),(612,'Sport612','Description for Sport 612'),(613,'Sport613','Description for Sport 613'),(614,'Sport614','Description for Sport 614'),(615,'Sport615','Description for Sport 615'),(616,'Sport616','Description for Sport 616'),(617,'Sport617','Description for Sport 617'),(618,'Sport618','Description for Sport 618'),(619,'Sport619','Description for Sport 619'),(620,'Sport620','Description for Sport 620'),(621,'Sport621','Description for Sport 621'),(622,'Sport622','Description for Sport 622'),(623,'Sport623','Description for Sport 623'),(624,'Sport624','Description for Sport 624'),(625,'Sport625','Description for Sport 625'),(626,'Sport626','Description for Sport 626'),(627,'Sport627','Description for Sport 627'),(628,'Sport628','Description for Sport 628'),(629,'Sport629','Description for Sport 629'),(630,'Sport630','Description for Sport 630'),(631,'Sport631','Description for Sport 631'),(632,'Sport632','Description for Sport 632'),(633,'Sport633','Description for Sport 633'),(634,'Sport634','Description for Sport 634'),(635,'Sport635','Description for Sport 635'),(636,'Sport636','Description for Sport 636'),(637,'Sport637','Description for Sport 637'),(638,'Sport638','Description for Sport 638'),(639,'Sport639','Description for Sport 639'),(640,'Sport640','Description for Sport 640'),(641,'Sport641','Description for Sport 641'),(642,'Sport642','Description for Sport 642'),(643,'Sport643','Description for Sport 643'),(644,'Sport644','Description for Sport 644'),(645,'Sport645','Description for Sport 645'),(646,'Sport646','Description for Sport 646'),(647,'Sport647','Description for Sport 647'),(648,'Sport648','Description for Sport 648'),(649,'Sport649','Description for Sport 649'),(650,'Sport650','Description for Sport 650'),(651,'Sport651','Description for Sport 651'),(652,'Sport652','Description for Sport 652'),(653,'Sport653','Description for Sport 653'),(654,'Sport654','Description for Sport 654'),(655,'Sport655','Description for Sport 655'),(656,'Sport656','Description for Sport 656'),(657,'Sport657','Description for Sport 657'),(658,'Sport658','Description for Sport 658'),(659,'Sport659','Description for Sport 659'),(660,'Sport660','Description for Sport 660'),(661,'Sport661','Description for Sport 661'),(662,'Sport662','Description for Sport 662'),(663,'Sport663','Description for Sport 663'),(664,'Sport664','Description for Sport 664'),(665,'Sport665','Description for Sport 665'),(666,'Sport666','Description for Sport 666'),(667,'Sport667','Description for Sport 667'),(668,'Sport668','Description for Sport 668'),(669,'Sport669','Description for Sport 669'),(670,'Sport670','Description for Sport 670'),(671,'Sport671','Description for Sport 671'),(672,'Sport672','Description for Sport 672'),(673,'Sport673','Description for Sport 673'),(674,'Sport674','Description for Sport 674'),(675,'Sport675','Description for Sport 675'),(676,'Sport676','Description for Sport 676'),(677,'Sport677','Description for Sport 677'),(678,'Sport678','Description for Sport 678'),(679,'Sport679','Description for Sport 679'),(680,'Sport680','Description for Sport 680'),(681,'Sport681','Description for Sport 681'),(682,'Sport682','Description for Sport 682'),(683,'Sport683','Description for Sport 683'),(684,'Sport684','Description for Sport 684'),(685,'Sport685','Description for Sport 685'),(686,'Sport686','Description for Sport 686'),(687,'Sport687','Description for Sport 687'),(688,'Sport688','Description for Sport 688'),(689,'Sport689','Description for Sport 689'),(690,'Sport690','Description for Sport 690'),(691,'Sport691','Description for Sport 691'),(692,'Sport692','Description for Sport 692'),(693,'Sport693','Description for Sport 693'),(694,'Sport694','Description for Sport 694'),(695,'Sport695','Description for Sport 695'),(696,'Sport696','Description for Sport 696'),(697,'Sport697','Description for Sport 697'),(698,'Sport698','Description for Sport 698'),(699,'Sport699','Description for Sport 699'),(700,'Sport700','Description for Sport 700'),(701,'Sport701','Description for Sport 701'),(702,'Sport702','Description for Sport 702'),(703,'Sport703','Description for Sport 703'),(704,'Sport704','Description for Sport 704'),(705,'Sport705','Description for Sport 705'),(706,'Sport706','Description for Sport 706'),(707,'Sport707','Description for Sport 707'),(708,'Sport708','Description for Sport 708'),(709,'Sport709','Description for Sport 709'),(710,'Sport710','Description for Sport 710'),(711,'Sport711','Description for Sport 711'),(712,'Sport712','Description for Sport 712'),(713,'Sport713','Description for Sport 713'),(714,'Sport714','Description for Sport 714'),(715,'Sport715','Description for Sport 715'),(716,'Sport716','Description for Sport 716'),(717,'Sport717','Description for Sport 717'),(718,'Sport718','Description for Sport 718'),(719,'Sport719','Description for Sport 719'),(720,'Sport720','Description for Sport 720'),(721,'Sport721','Description for Sport 721'),(722,'Sport722','Description for Sport 722'),(723,'Sport723','Description for Sport 723'),(724,'Sport724','Description for Sport 724'),(725,'Sport725','Description for Sport 725'),(726,'Sport726','Description for Sport 726'),(727,'Sport727','Description for Sport 727'),(728,'Sport728','Description for Sport 728'),(729,'Sport729','Description for Sport 729'),(730,'Sport730','Description for Sport 730'),(731,'Sport731','Description for Sport 731'),(732,'Sport732','Description for Sport 732'),(733,'Sport733','Description for Sport 733'),(734,'Sport734','Description for Sport 734'),(735,'Sport735','Description for Sport 735'),(736,'Sport736','Description for Sport 736'),(737,'Sport737','Description for Sport 737'),(738,'Sport738','Description for Sport 738'),(739,'Sport739','Description for Sport 739'),(740,'Sport740','Description for Sport 740'),(741,'Sport741','Description for Sport 741'),(742,'Sport742','Description for Sport 742'),(743,'Sport743','Description for Sport 743'),(744,'Sport744','Description for Sport 744'),(745,'Sport745','Description for Sport 745'),(746,'Sport746','Description for Sport 746'),(747,'Sport747','Description for Sport 747'),(748,'Sport748','Description for Sport 748'),(749,'Sport749','Description for Sport 749'),(750,'Sport750','Description for Sport 750'),(751,'Sport751','Description for Sport 751'),(752,'Sport752','Description for Sport 752'),(753,'Sport753','Description for Sport 753'),(754,'Sport754','Description for Sport 754'),(755,'Sport755','Description for Sport 755'),(756,'Sport756','Description for Sport 756'),(757,'Sport757','Description for Sport 757'),(758,'Sport758','Description for Sport 758'),(759,'Sport759','Description for Sport 759'),(760,'Sport760','Description for Sport 760'),(761,'Sport761','Description for Sport 761'),(762,'Sport762','Description for Sport 762'),(763,'Sport763','Description for Sport 763'),(764,'Sport764','Description for Sport 764'),(765,'Sport765','Description for Sport 765'),(766,'Sport766','Description for Sport 766'),(767,'Sport767','Description for Sport 767'),(768,'Sport768','Description for Sport 768'),(769,'Sport769','Description for Sport 769'),(770,'Sport770','Description for Sport 770'),(771,'Sport771','Description for Sport 771'),(772,'Sport772','Description for Sport 772'),(773,'Sport773','Description for Sport 773'),(774,'Sport774','Description for Sport 774'),(775,'Sport775','Description for Sport 775'),(776,'Sport776','Description for Sport 776'),(777,'Sport777','Description for Sport 777'),(778,'Sport778','Description for Sport 778'),(779,'Sport779','Description for Sport 779'),(780,'Sport780','Description for Sport 780'),(781,'Sport781','Description for Sport 781'),(782,'Sport782','Description for Sport 782'),(783,'Sport783','Description for Sport 783'),(784,'Sport784','Description for Sport 784'),(785,'Sport785','Description for Sport 785'),(786,'Sport786','Description for Sport 786'),(787,'Sport787','Description for Sport 787'),(788,'Sport788','Description for Sport 788'),(789,'Sport789','Description for Sport 789'),(790,'Sport790','Description for Sport 790'),(791,'Sport791','Description for Sport 791'),(792,'Sport792','Description for Sport 792'),(793,'Sport793','Description for Sport 793'),(794,'Sport794','Description for Sport 794'),(795,'Sport795','Description for Sport 795'),(796,'Sport796','Description for Sport 796'),(797,'Sport797','Description for Sport 797'),(798,'Sport798','Description for Sport 798'),(799,'Sport799','Description for Sport 799'),(800,'Sport800','Description for Sport 800'),(801,'Sport801','Description for Sport 801'),(802,'Sport802','Description for Sport 802'),(803,'Sport803','Description for Sport 803'),(804,'Sport804','Description for Sport 804'),(805,'Sport805','Description for Sport 805'),(806,'Sport806','Description for Sport 806'),(807,'Sport807','Description for Sport 807'),(808,'Sport808','Description for Sport 808'),(809,'Sport809','Description for Sport 809'),(810,'Sport810','Description for Sport 810'),(811,'Sport811','Description for Sport 811'),(812,'Sport812','Description for Sport 812'),(813,'Sport813','Description for Sport 813'),(814,'Sport814','Description for Sport 814'),(815,'Sport815','Description for Sport 815'),(816,'Sport816','Description for Sport 816'),(817,'Sport817','Description for Sport 817'),(818,'Sport818','Description for Sport 818'),(819,'Sport819','Description for Sport 819'),(820,'Sport820','Description for Sport 820'),(821,'Sport821','Description for Sport 821'),(822,'Sport822','Description for Sport 822'),(823,'Sport823','Description for Sport 823'),(824,'Sport824','Description for Sport 824'),(825,'Sport825','Description for Sport 825'),(826,'Sport826','Description for Sport 826'),(827,'Sport827','Description for Sport 827'),(828,'Sport828','Description for Sport 828'),(829,'Sport829','Description for Sport 829'),(830,'Sport830','Description for Sport 830'),(831,'Sport831','Description for Sport 831'),(832,'Sport832','Description for Sport 832'),(833,'Sport833','Description for Sport 833'),(834,'Sport834','Description for Sport 834'),(835,'Sport835','Description for Sport 835'),(836,'Sport836','Description for Sport 836'),(837,'Sport837','Description for Sport 837'),(838,'Sport838','Description for Sport 838'),(839,'Sport839','Description for Sport 839'),(840,'Sport840','Description for Sport 840'),(841,'Sport841','Description for Sport 841'),(842,'Sport842','Description for Sport 842'),(843,'Sport843','Description for Sport 843'),(844,'Sport844','Description for Sport 844'),(845,'Sport845','Description for Sport 845'),(846,'Sport846','Description for Sport 846'),(847,'Sport847','Description for Sport 847'),(848,'Sport848','Description for Sport 848'),(849,'Sport849','Description for Sport 849'),(850,'Sport850','Description for Sport 850'),(851,'Sport851','Description for Sport 851'),(852,'Sport852','Description for Sport 852'),(853,'Sport853','Description for Sport 853'),(854,'Sport854','Description for Sport 854'),(855,'Sport855','Description for Sport 855'),(856,'Sport856','Description for Sport 856'),(857,'Sport857','Description for Sport 857'),(858,'Sport858','Description for Sport 858'),(859,'Sport859','Description for Sport 859'),(860,'Sport860','Description for Sport 860'),(861,'Sport861','Description for Sport 861'),(862,'Sport862','Description for Sport 862'),(863,'Sport863','Description for Sport 863'),(864,'Sport864','Description for Sport 864'),(865,'Sport865','Description for Sport 865'),(866,'Sport866','Description for Sport 866'),(867,'Sport867','Description for Sport 867'),(868,'Sport868','Description for Sport 868'),(869,'Sport869','Description for Sport 869'),(870,'Sport870','Description for Sport 870'),(871,'Sport871','Description for Sport 871'),(872,'Sport872','Description for Sport 872'),(873,'Sport873','Description for Sport 873'),(874,'Sport874','Description for Sport 874'),(875,'Sport875','Description for Sport 875'),(876,'Sport876','Description for Sport 876'),(877,'Sport877','Description for Sport 877'),(878,'Sport878','Description for Sport 878'),(879,'Sport879','Description for Sport 879'),(880,'Sport880','Description for Sport 880'),(881,'Sport881','Description for Sport 881'),(882,'Sport882','Description for Sport 882'),(883,'Sport883','Description for Sport 883'),(884,'Sport884','Description for Sport 884'),(885,'Sport885','Description for Sport 885'),(886,'Sport886','Description for Sport 886'),(887,'Sport887','Description for Sport 887'),(888,'Sport888','Description for Sport 888'),(889,'Sport889','Description for Sport 889'),(890,'Sport890','Description for Sport 890'),(891,'Sport891','Description for Sport 891'),(892,'Sport892','Description for Sport 892'),(893,'Sport893','Description for Sport 893'),(894,'Sport894','Description for Sport 894'),(895,'Sport895','Description for Sport 895'),(896,'Sport896','Description for Sport 896'),(897,'Sport897','Description for Sport 897'),(898,'Sport898','Description for Sport 898'),(899,'Sport899','Description for Sport 899'),(900,'Sport900','Description for Sport 900'),(901,'Sport901','Description for Sport 901'),(902,'Sport902','Description for Sport 902'),(903,'Sport903','Description for Sport 903'),(904,'Sport904','Description for Sport 904'),(905,'Sport905','Description for Sport 905'),(906,'Sport906','Description for Sport 906'),(907,'Sport907','Description for Sport 907'),(908,'Sport908','Description for Sport 908'),(909,'Sport909','Description for Sport 909'),(910,'Sport910','Description for Sport 910'),(911,'Sport911','Description for Sport 911'),(912,'Sport912','Description for Sport 912'),(913,'Sport913','Description for Sport 913'),(914,'Sport914','Description for Sport 914'),(915,'Sport915','Description for Sport 915'),(916,'Sport916','Description for Sport 916'),(917,'Sport917','Description for Sport 917'),(918,'Sport918','Description for Sport 918'),(919,'Sport919','Description for Sport 919'),(920,'Sport920','Description for Sport 920'),(921,'Sport921','Description for Sport 921'),(922,'Sport922','Description for Sport 922'),(923,'Sport923','Description for Sport 923'),(924,'Sport924','Description for Sport 924'),(925,'Sport925','Description for Sport 925'),(926,'Sport926','Description for Sport 926'),(927,'Sport927','Description for Sport 927'),(928,'Sport928','Description for Sport 928'),(929,'Sport929','Description for Sport 929'),(930,'Sport930','Description for Sport 930'),(931,'Sport931','Description for Sport 931'),(932,'Sport932','Description for Sport 932'),(933,'Sport933','Description for Sport 933'),(934,'Sport934','Description for Sport 934'),(935,'Sport935','Description for Sport 935'),(936,'Sport936','Description for Sport 936'),(937,'Sport937','Description for Sport 937'),(938,'Sport938','Description for Sport 938'),(939,'Sport939','Description for Sport 939'),(940,'Sport940','Description for Sport 940'),(941,'Sport941','Description for Sport 941'),(942,'Sport942','Description for Sport 942'),(943,'Sport943','Description for Sport 943'),(944,'Sport944','Description for Sport 944'),(945,'Sport945','Description for Sport 945'),(946,'Sport946','Description for Sport 946'),(947,'Sport947','Description for Sport 947'),(948,'Sport948','Description for Sport 948'),(949,'Sport949','Description for Sport 949'),(950,'Sport950','Description for Sport 950'),(951,'Sport951','Description for Sport 951'),(952,'Sport952','Description for Sport 952'),(953,'Sport953','Description for Sport 953'),(954,'Sport954','Description for Sport 954'),(955,'Sport955','Description for Sport 955'),(956,'Sport956','Description for Sport 956'),(957,'Sport957','Description for Sport 957'),(958,'Sport958','Description for Sport 958'),(959,'Sport959','Description for Sport 959'),(960,'Sport960','Description for Sport 960'),(961,'Sport961','Description for Sport 961'),(962,'Sport962','Description for Sport 962'),(963,'Sport963','Description for Sport 963'),(964,'Sport964','Description for Sport 964'),(965,'Sport965','Description for Sport 965'),(966,'Sport966','Description for Sport 966'),(967,'Sport967','Description for Sport 967'),(968,'Sport968','Description for Sport 968'),(969,'Sport969','Description for Sport 969'),(970,'Sport970','Description for Sport 970'),(971,'Sport971','Description for Sport 971'),(972,'Sport972','Description for Sport 972'),(973,'Sport973','Description for Sport 973'),(974,'Sport974','Description for Sport 974'),(975,'Sport975','Description for Sport 975'),(976,'Sport976','Description for Sport 976'),(977,'Sport977','Description for Sport 977'),(978,'Sport978','Description for Sport 978'),(979,'Sport979','Description for Sport 979'),(980,'Sport980','Description for Sport 980'),(981,'Sport981','Description for Sport 981'),(982,'Sport982','Description for Sport 982'),(983,'Sport983','Description for Sport 983'),(984,'Sport984','Description for Sport 984'),(985,'Sport985','Description for Sport 985'),(986,'Sport986','Description for Sport 986'),(987,'Sport987','Description for Sport 987'),(988,'Sport988','Description for Sport 988'),(989,'Sport989','Description for Sport 989'),(990,'Sport990','Description for Sport 990'),(991,'Sport991','Description for Sport 991'),(992,'Sport992','Description for Sport 992'),(993,'Sport993','Description for Sport 993'),(994,'Sport994','Description for Sport 994'),(995,'Sport995','Description for Sport 995'),(996,'Sport996','Description for Sport 996'),(997,'Sport997','Description for Sport 997'),(998,'Sport998','Description for Sport 998'),(999,'Sport999','Description for Sport 999'),(1000,'Sport1000','Description for Sport 1000');
/*!40000 ALTER TABLE `sports` ENABLE KEYS */;
UNLOCK TABLES;

--
-- Table structure for table `teams`
--

DROP TABLE IF EXISTS `teams`;
/*!40101 SET @saved_cs_client     = @@character_set_client */;
/*!50503 SET character_set_client = utf8mb4 */;
CREATE TABLE `teams` (
  `team_id` int NOT NULL AUTO_INCREMENT,
  `sport_id` int DEFAULT NULL,
  `name` varchar(100) NOT NULL,
  `country` varchar(100) DEFAULT NULL,
  `establishment_year` int DEFAULT NULL,
  `coach` varchar(100) DEFAULT NULL,
  PRIMARY KEY (`team_id`),
  KEY `sport_id` (`sport_id`),
  CONSTRAINT `teams_ibfk_1` FOREIGN KEY (`sport_id`) REFERENCES `sports` (`sport_id`)
) ENGINE=InnoDB AUTO_INCREMENT=1001 DEFAULT CHARSET=utf8mb4 COLLATE=utf8mb4_0900_ai_ci;
/*!40101 SET character_set_client = @saved_cs_client */;

--
-- Dumping data for table `teams`
--

LOCK TABLES `teams` WRITE;
/*!40000 ALTER TABLE `teams` DISABLE KEYS */;
INSERT INTO `teams` VALUES (1,5,'Team 1','Country 3',1949,'Coach 1'),(2,1,'Team 2','Country 1',1933,'Coach 2'),(3,2,'Team 3','Country 2',1985,'Coach 3'),(4,2,'Team 4','Country 4',1985,'Coach 4'),(5,1,'Team 5','Country 5',1924,'Coach 5'),(6,3,'Team 6','Country 5',1952,'Coach 6'),(7,2,'Team 7','Country 3',1975,'Coach 7'),(8,2,'Team 8','Country 3',1918,'Coach 8'),(9,4,'Team 9','Country 3',1961,'Coach 9'),(10,3,'Team 10','Country 1',1982,'Coach 10'),(11,4,'Team 11','Country 2',1943,'Coach 11'),(12,1,'Team 12','Country 2',1948,'Coach 12'),(13,2,'Team 13','Country 1',1920,'Coach 13'),(14,5,'Team 14','Country 2',1919,'Coach 14'),(15,2,'Team 15','Country 5',1976,'Coach 15'),(16,1,'Team 16','Country 5',1904,'Coach 16'),(17,4,'Team 17','Country 4',1931,'Coach 17'),(18,2,'Team 18','Country 5',1962,'Coach 18'),(19,2,'Team 19','Country 3',1988,'Coach 19'),(20,4,'Team 20','Country 2',1974,'Coach 20'),(21,1,'Team 21','Country 1',1953,'Coach 21'),(22,2,'Team 22','Country 3',1914,'Coach 22'),(23,5,'Team 23','Country 3',1982,'Coach 23'),(24,3,'Team 24','Country 4',1914,'Coach 24'),(25,4,'Team 25','Country 4',1996,'Coach 25'),(26,3,'Team 26','Country 3',1920,'Coach 26'),(27,3,'Team 27','Country 3',1921,'Coach 27'),(28,4,'Team 28','Country 2',1903,'Coach 28'),(29,1,'Team 29','Country 1',1969,'Coach 29'),(30,5,'Team 30','Country 4',1964,'Coach 30'),(31,1,'Team 31','Country 3',1967,'Coach 31'),(32,3,'Team 32','Country 5',1974,'Coach 32'),(33,1,'Team 33','Country 5',1938,'Coach 33'),(34,2,'Team 34','Country 1',1982,'Coach 34'),(35,4,'Team 35','Country 2',1924,'Coach 35'),(36,2,'Team 36','Country 5',1935,'Coach 36'),(37,1,'Team 37','Country 5',1995,'Coach 37'),(38,1,'Team 38','Country 2',1938,'Coach 38'),(39,1,'Team 39','Country 1',1942,'Coach 39'),(40,4,'Team 40','Country 4',1975,'Coach 40'),(41,5,'Team 41','Country 2',1957,'Coach 41'),(42,1,'Team 42','Country 5',1909,'Coach 42'),(43,4,'Team 43','Country 4',1905,'Coach 43'),(44,2,'Team 44','Country 5',1962,'Coach 44'),(45,3,'Team 45','Country 1',1935,'Coach 45'),(46,4,'Team 46','Country 4',1981,'Coach 46'),(47,2,'Team 47','Country 5',1956,'Coach 47'),(48,2,'Team 48','Country 2',1911,'Coach 48'),(49,3,'Team 49','Country 2',1906,'Coach 49'),(50,2,'Team 50','Country 2',1976,'Coach 50'),(51,4,'Team 51','Country 4',1914,'Coach 51'),(52,4,'Team 52','Country 4',1932,'Coach 52'),(53,4,'Team 53','Country 3',1961,'Coach 53'),(54,3,'Team 54','Country 2',1948,'Coach 54'),(55,2,'Team 55','Country 2',1913,'Coach 55'),(56,5,'Team 56','Country 3',1986,'Coach 56'),(57,4,'Team 57','Country 3',1934,'Coach 57'),(58,3,'Team 58','Country 1',1990,'Coach 58'),(59,3,'Team 59','Country 3',1952,'Coach 59'),(60,5,'Team 60','Country 5',1940,'Coach 60'),(61,3,'Team 61','Country 4',1909,'Coach 61'),(62,1,'Team 62','Country 3',1988,'Coach 62'),(63,1,'Team 63','Country 3',1940,'Coach 63'),(64,3,'Team 64','Country 2',1936,'Coach 64'),(65,4,'Team 65','Country 2',1934,'Coach 65'),(66,5,'Team 66','Country 3',1977,'Coach 66'),(67,2,'Team 67','Country 4',1995,'Coach 67'),(68,5,'Team 68','Country 3',1904,'Coach 68'),(69,4,'Team 69','Country 5',1907,'Coach 69'),(70,3,'Team 70','Country 5',1997,'Coach 70'),(71,2,'Team 71','Country 5',1912,'Coach 71'),(72,1,'Team 72','Country 1',1957,'Coach 72'),(73,2,'Team 73','Country 5',1981,'Coach 73'),(74,1,'Team 74','Country 3',1962,'Coach 74'),(75,5,'Team 75','Country 2',1990,'Coach 75'),(76,4,'Team 76','Country 4',1939,'Coach 76'),(77,5,'Team 77','Country 3',1957,'Coach 77'),(78,3,'Team 78','Country 3',1954,'Coach 78'),(79,5,'Team 79','Country 1',1901,'Coach 79'),(80,3,'Team 80','Country 4',1963,'Coach 80'),(81,2,'Team 81','Country 2',1956,'Coach 81'),(82,1,'Team 82','Country 3',1979,'Coach 82'),(83,1,'Team 83','Country 4',1945,'Coach 83'),(84,3,'Team 84','Country 5',1981,'Coach 84'),(85,3,'Team 85','Country 3',1978,'Coach 85'),(86,2,'Team 86','Country 4',1986,'Coach 86'),(87,3,'Team 87','Country 5',1990,'Coach 87'),(88,5,'Team 88','Country 4',1987,'Coach 88'),(89,2,'Team 89','Country 4',1954,'Coach 89'),(90,4,'Team 90','Country 1',1996,'Coach 90'),(91,4,'Team 91','Country 4',1920,'Coach 91'),(92,1,'Team 92','Country 3',1938,'Coach 92'),(93,3,'Team 93','Country 1',1952,'Coach 93'),(94,1,'Team 94','Country 4',1916,'Coach 94'),(95,5,'Team 95','Country 4',1993,'Coach 95'),(96,4,'Team 96','Country 2',1968,'Coach 96'),(97,3,'Team 97','Country 3',1977,'Coach 97'),(98,3,'Team 98','Country 2',1959,'Coach 98'),(99,2,'Team 99','Country 4',1945,'Coach 99'),(100,2,'Team 100','Country 1',1923,'Coach 100'),(101,1,'Team 101','Country 1',1961,'Coach 101'),(102,1,'Team 102','Country 2',1956,'Coach 102'),(103,5,'Team 103','Country 3',1983,'Coach 103'),(104,4,'Team 104','Country 3',1969,'Coach 104'),(105,2,'Team 105','Country 1',1994,'Coach 105'),(106,2,'Team 106','Country 4',1957,'Coach 106'),(107,4,'Team 107','Country 2',1984,'Coach 107'),(108,3,'Team 108','Country 5',1994,'Coach 108'),(109,1,'Team 109','Country 4',1911,'Coach 109'),(110,3,'Team 110','Country 1',1923,'Coach 110'),(111,4,'Team 111','Country 1',1990,'Coach 111'),(112,3,'Team 112','Country 3',1991,'Coach 112'),(113,2,'Team 113','Country 3',1956,'Coach 113'),(114,3,'Team 114','Country 4',1986,'Coach 114'),(115,2,'Team 115','Country 1',1949,'Coach 115'),(116,1,'Team 116','Country 2',1929,'Coach 116'),(117,2,'Team 117','Country 1',1912,'Coach 117'),(118,3,'Team 118','Country 5',1912,'Coach 118'),(119,5,'Team 119','Country 2',1942,'Coach 119'),(120,2,'Team 120','Country 4',1941,'Coach 120'),(121,5,'Team 121','Country 2',1976,'Coach 121'),(122,5,'Team 122','Country 2',1969,'Coach 122'),(123,4,'Team 123','Country 1',1940,'Coach 123'),(124,5,'Team 124','Country 1',1977,'Coach 124'),(125,4,'Team 125','Country 1',1935,'Coach 125'),(126,3,'Team 126','Country 3',1927,'Coach 126'),(127,4,'Team 127','Country 3',1977,'Coach 127'),(128,1,'Team 128','Country 4',1962,'Coach 128'),(129,1,'Team 129','Country 1',1974,'Coach 129'),(130,3,'Team 130','Country 3',1951,'Coach 130'),(131,2,'Team 131','Country 1',1917,'Coach 131'),(132,5,'Team 132','Country 3',1908,'Coach 132'),(133,5,'Team 133','Country 2',1904,'Coach 133'),(134,1,'Team 134','Country 3',1932,'Coach 134'),(135,5,'Team 135','Country 5',1900,'Coach 135'),(136,1,'Team 136','Country 1',1940,'Coach 136'),(137,4,'Team 137','Country 3',1927,'Coach 137'),(138,5,'Team 138','Country 4',1940,'Coach 138'),(139,1,'Team 139','Country 4',1912,'Coach 139'),(140,2,'Team 140','Country 3',1960,'Coach 140'),(141,2,'Team 141','Country 1',1921,'Coach 141'),(142,5,'Team 142','Country 4',1968,'Coach 142'),(143,3,'Team 143','Country 2',1928,'Coach 143'),(144,3,'Team 144','Country 1',1960,'Coach 144'),(145,3,'Team 145','Country 5',1986,'Coach 145'),(146,4,'Team 146','Country 3',1961,'Coach 146'),(147,3,'Team 147','Country 1',1957,'Coach 147'),(148,4,'Team 148','Country 4',1936,'Coach 148'),(149,4,'Team 149','Country 5',1989,'Coach 149'),(150,5,'Team 150','Country 5',1962,'Coach 150'),(151,3,'Team 151','Country 4',1997,'Coach 151'),(152,4,'Team 152','Country 5',1993,'Coach 152'),(153,1,'Team 153','Country 1',1966,'Coach 153'),(154,2,'Team 154','Country 1',1955,'Coach 154'),(155,4,'Team 155','Country 4',1944,'Coach 155'),(156,1,'Team 156','Country 3',1994,'Coach 156'),(157,2,'Team 157','Country 3',1984,'Coach 157'),(158,4,'Team 158','Country 3',1968,'Coach 158'),(159,5,'Team 159','Country 3',1976,'Coach 159'),(160,2,'Team 160','Country 2',1950,'Coach 160'),(161,4,'Team 161','Country 4',1974,'Coach 161'),(162,3,'Team 162','Country 2',1988,'Coach 162'),(163,3,'Team 163','Country 2',1964,'Coach 163'),(164,2,'Team 164','Country 5',1940,'Coach 164'),(165,2,'Team 165','Country 2',1971,'Coach 165'),(166,3,'Team 166','Country 5',1930,'Coach 166'),(167,1,'Team 167','Country 3',1903,'Coach 167'),(168,5,'Team 168','Country 1',1982,'Coach 168'),(169,5,'Team 169','Country 1',1964,'Coach 169'),(170,5,'Team 170','Country 1',1911,'Coach 170'),(171,3,'Team 171','Country 2',1926,'Coach 171'),(172,1,'Team 172','Country 1',1927,'Coach 172'),(173,5,'Team 173','Country 3',1900,'Coach 173'),(174,3,'Team 174','Country 2',1910,'Coach 174'),(175,4,'Team 175','Country 5',1932,'Coach 175'),(176,1,'Team 176','Country 3',1978,'Coach 176'),(177,4,'Team 177','Country 2',1900,'Coach 177'),(178,2,'Team 178','Country 4',1904,'Coach 178'),(179,3,'Team 179','Country 1',1979,'Coach 179'),(180,5,'Team 180','Country 1',1907,'Coach 180'),(181,5,'Team 181','Country 2',1943,'Coach 181'),(182,3,'Team 182','Country 2',1977,'Coach 182'),(183,1,'Team 183','Country 1',1920,'Coach 183'),(184,4,'Team 184','Country 1',1921,'Coach 184'),(185,5,'Team 185','Country 3',1907,'Coach 185'),(186,5,'Team 186','Country 5',1935,'Coach 186'),(187,5,'Team 187','Country 1',1917,'Coach 187'),(188,3,'Team 188','Country 4',1917,'Coach 188'),(189,4,'Team 189','Country 2',1939,'Coach 189'),(190,5,'Team 190','Country 3',1999,'Coach 190'),(191,2,'Team 191','Country 2',1959,'Coach 191'),(192,1,'Team 192','Country 5',1944,'Coach 192'),(193,2,'Team 193','Country 1',1965,'Coach 193'),(194,5,'Team 194','Country 5',1946,'Coach 194'),(195,4,'Team 195','Country 1',1981,'Coach 195'),(196,3,'Team 196','Country 5',1920,'Coach 196'),(197,2,'Team 197','Country 4',1968,'Coach 197'),(198,2,'Team 198','Country 4',1948,'Coach 198'),(199,2,'Team 199','Country 5',1999,'Coach 199'),(200,1,'Team 200','Country 3',1980,'Coach 200'),(201,5,'Team 201','Country 4',1971,'Coach 201'),(202,4,'Team 202','Country 2',1915,'Coach 202'),(203,1,'Team 203','Country 4',1979,'Coach 203'),(204,4,'Team 204','Country 4',1984,'Coach 204'),(205,5,'Team 205','Country 3',1908,'Coach 205'),(206,2,'Team 206','Country 4',1916,'Coach 206'),(207,3,'Team 207','Country 2',1914,'Coach 207'),(208,3,'Team 208','Country 3',1973,'Coach 208'),(209,1,'Team 209','Country 4',1961,'Coach 209'),(210,2,'Team 210','Country 1',1935,'Coach 210'),(211,2,'Team 211','Country 5',1916,'Coach 211'),(212,5,'Team 212','Country 2',1944,'Coach 212'),(213,3,'Team 213','Country 5',1943,'Coach 213'),(214,2,'Team 214','Country 1',1994,'Coach 214'),(215,2,'Team 215','Country 2',1905,'Coach 215'),(216,2,'Team 216','Country 5',1967,'Coach 216'),(217,4,'Team 217','Country 5',1938,'Coach 217'),(218,1,'Team 218','Country 2',1988,'Coach 218'),(219,4,'Team 219','Country 1',1911,'Coach 219'),(220,2,'Team 220','Country 3',1903,'Coach 220'),(221,5,'Team 221','Country 3',1913,'Coach 221'),(222,5,'Team 222','Country 1',1977,'Coach 222'),(223,3,'Team 223','Country 3',1902,'Coach 223'),(224,3,'Team 224','Country 2',1998,'Coach 224'),(225,1,'Team 225','Country 3',1945,'Coach 225'),(226,4,'Team 226','Country 4',1985,'Coach 226'),(227,1,'Team 227','Country 4',1901,'Coach 227'),(228,1,'Team 228','Country 5',1991,'Coach 228'),(229,5,'Team 229','Country 4',1926,'Coach 229'),(230,5,'Team 230','Country 5',1926,'Coach 230'),(231,5,'Team 231','Country 5',1925,'Coach 231'),(232,5,'Team 232','Country 3',1986,'Coach 232'),(233,5,'Team 233','Country 4',1934,'Coach 233'),(234,2,'Team 234','Country 4',1951,'Coach 234'),(235,3,'Team 235','Country 4',1979,'Coach 235'),(236,1,'Team 236','Country 2',1990,'Coach 236'),(237,4,'Team 237','Country 5',1973,'Coach 237'),(238,4,'Team 238','Country 2',1958,'Coach 238'),(239,5,'Team 239','Country 4',1960,'Coach 239'),(240,1,'Team 240','Country 4',1905,'Coach 240'),(241,2,'Team 241','Country 1',1970,'Coach 241'),(242,2,'Team 242','Country 1',1913,'Coach 242'),(243,1,'Team 243','Country 1',1936,'Coach 243'),(244,3,'Team 244','Country 1',1998,'Coach 244'),(245,4,'Team 245','Country 5',1909,'Coach 245'),(246,5,'Team 246','Country 5',1979,'Coach 246'),(247,3,'Team 247','Country 4',1997,'Coach 247'),(248,5,'Team 248','Country 5',1942,'Coach 248'),(249,3,'Team 249','Country 3',1940,'Coach 249'),(250,5,'Team 250','Country 5',1934,'Coach 250'),(251,5,'Team 251','Country 5',1951,'Coach 251'),(252,4,'Team 252','Country 4',1923,'Coach 252'),(253,2,'Team 253','Country 4',1941,'Coach 253'),(254,1,'Team 254','Country 3',1988,'Coach 254'),(255,1,'Team 255','Country 4',1991,'Coach 255'),(256,4,'Team 256','Country 5',1901,'Coach 256'),(257,3,'Team 257','Country 5',1965,'Coach 257'),(258,4,'Team 258','Country 1',1904,'Coach 258'),(259,4,'Team 259','Country 1',1998,'Coach 259'),(260,2,'Team 260','Country 4',1962,'Coach 260'),(261,5,'Team 261','Country 5',1947,'Coach 261'),(262,4,'Team 262','Country 3',1986,'Coach 262'),(263,1,'Team 263','Country 3',1925,'Coach 263'),(264,5,'Team 264','Country 4',1984,'Coach 264'),(265,1,'Team 265','Country 5',1954,'Coach 265'),(266,5,'Team 266','Country 3',1969,'Coach 266'),(267,1,'Team 267','Country 5',1954,'Coach 267'),(268,2,'Team 268','Country 5',1936,'Coach 268'),(269,2,'Team 269','Country 2',1955,'Coach 269'),(270,5,'Team 270','Country 5',1909,'Coach 270'),(271,3,'Team 271','Country 3',1988,'Coach 271'),(272,5,'Team 272','Country 4',1989,'Coach 272'),(273,2,'Team 273','Country 2',1919,'Coach 273'),(274,1,'Team 274','Country 1',1926,'Coach 274'),(275,5,'Team 275','Country 4',1992,'Coach 275'),(276,3,'Team 276','Country 2',1955,'Coach 276'),(277,4,'Team 277','Country 4',1968,'Coach 277'),(278,1,'Team 278','Country 5',1963,'Coach 278'),(279,4,'Team 279','Country 3',1963,'Coach 279'),(280,3,'Team 280','Country 5',1941,'Coach 280'),(281,4,'Team 281','Country 1',1916,'Coach 281'),(282,4,'Team 282','Country 1',1970,'Coach 282'),(283,5,'Team 283','Country 4',1991,'Coach 283'),(284,2,'Team 284','Country 4',1939,'Coach 284'),(285,1,'Team 285','Country 5',1950,'Coach 285'),(286,4,'Team 286','Country 2',1953,'Coach 286'),(287,3,'Team 287','Country 2',1932,'Coach 287'),(288,1,'Team 288','Country 1',1976,'Coach 288'),(289,2,'Team 289','Country 1',1909,'Coach 289'),(290,5,'Team 290','Country 1',1908,'Coach 290'),(291,5,'Team 291','Country 4',1951,'Coach 291'),(292,3,'Team 292','Country 5',1907,'Coach 292'),(293,4,'Team 293','Country 5',1968,'Coach 293'),(294,4,'Team 294','Country 3',1996,'Coach 294'),(295,3,'Team 295','Country 1',1931,'Coach 295'),(296,3,'Team 296','Country 4',1929,'Coach 296'),(297,1,'Team 297','Country 4',1996,'Coach 297'),(298,5,'Team 298','Country 2',1928,'Coach 298'),(299,2,'Team 299','Country 4',1985,'Coach 299'),(300,5,'Team 300','Country 2',1967,'Coach 300'),(301,2,'Team 301','Country 5',1967,'Coach 301'),(302,3,'Team 302','Country 1',1956,'Coach 302'),(303,2,'Team 303','Country 5',1940,'Coach 303'),(304,3,'Team 304','Country 5',1940,'Coach 304'),(305,1,'Team 305','Country 4',1997,'Coach 305'),(306,4,'Team 306','Country 5',1944,'Coach 306'),(307,2,'Team 307','Country 2',1980,'Coach 307'),(308,5,'Team 308','Country 2',1987,'Coach 308'),(309,2,'Team 309','Country 1',1932,'Coach 309'),(310,3,'Team 310','Country 1',1933,'Coach 310'),(311,2,'Team 311','Country 3',1993,'Coach 311'),(312,5,'Team 312','Country 5',1962,'Coach 312'),(313,3,'Team 313','Country 3',1989,'Coach 313'),(314,1,'Team 314','Country 4',1929,'Coach 314'),(315,2,'Team 315','Country 5',1979,'Coach 315'),(316,1,'Team 316','Country 4',1934,'Coach 316'),(317,4,'Team 317','Country 3',1911,'Coach 317'),(318,2,'Team 318','Country 5',1996,'Coach 318'),(319,5,'Team 319','Country 1',1936,'Coach 319'),(320,4,'Team 320','Country 5',1910,'Coach 320'),(321,3,'Team 321','Country 3',1948,'Coach 321'),(322,1,'Team 322','Country 2',1934,'Coach 322'),(323,4,'Team 323','Country 1',1975,'Coach 323'),(324,2,'Team 324','Country 4',1900,'Coach 324'),(325,1,'Team 325','Country 4',1974,'Coach 325'),(326,5,'Team 326','Country 1',1958,'Coach 326'),(327,5,'Team 327','Country 2',1942,'Coach 327'),(328,5,'Team 328','Country 4',1937,'Coach 328'),(329,5,'Team 329','Country 1',1938,'Coach 329'),(330,2,'Team 330','Country 3',1972,'Coach 330'),(331,5,'Team 331','Country 4',1923,'Coach 331'),(332,2,'Team 332','Country 5',1957,'Coach 332'),(333,1,'Team 333','Country 5',1944,'Coach 333'),(334,2,'Team 334','Country 2',1923,'Coach 334'),(335,3,'Team 335','Country 4',1905,'Coach 335'),(336,1,'Team 336','Country 4',1929,'Coach 336'),(337,1,'Team 337','Country 5',1969,'Coach 337'),(338,5,'Team 338','Country 5',1941,'Coach 338'),(339,3,'Team 339','Country 5',1942,'Coach 339'),(340,2,'Team 340','Country 1',1947,'Coach 340'),(341,2,'Team 341','Country 4',1939,'Coach 341'),(342,1,'Team 342','Country 4',1993,'Coach 342'),(343,4,'Team 343','Country 2',1937,'Coach 343'),(344,1,'Team 344','Country 4',1981,'Coach 344'),(345,1,'Team 345','Country 1',1907,'Coach 345'),(346,1,'Team 346','Country 3',1971,'Coach 346'),(347,2,'Team 347','Country 3',1954,'Coach 347'),(348,1,'Team 348','Country 2',1908,'Coach 348'),(349,3,'Team 349','Country 5',1920,'Coach 349'),(350,2,'Team 350','Country 5',1976,'Coach 350'),(351,1,'Team 351','Country 5',1915,'Coach 351'),(352,2,'Team 352','Country 4',1991,'Coach 352'),(353,2,'Team 353','Country 1',1952,'Coach 353'),(354,2,'Team 354','Country 4',1954,'Coach 354'),(355,4,'Team 355','Country 1',1911,'Coach 355'),(356,2,'Team 356','Country 3',1975,'Coach 356'),(357,1,'Team 357','Country 5',1936,'Coach 357'),(358,1,'Team 358','Country 4',1972,'Coach 358'),(359,4,'Team 359','Country 3',1987,'Coach 359'),(360,1,'Team 360','Country 1',1948,'Coach 360'),(361,5,'Team 361','Country 5',1949,'Coach 361'),(362,1,'Team 362','Country 4',1921,'Coach 362'),(363,1,'Team 363','Country 5',1993,'Coach 363'),(364,1,'Team 364','Country 5',1910,'Coach 364'),(365,4,'Team 365','Country 4',1901,'Coach 365'),(366,1,'Team 366','Country 1',1909,'Coach 366'),(367,3,'Team 367','Country 4',1949,'Coach 367'),(368,2,'Team 368','Country 5',1929,'Coach 368'),(369,1,'Team 369','Country 2',1951,'Coach 369'),(370,3,'Team 370','Country 2',1907,'Coach 370'),(371,2,'Team 371','Country 2',1935,'Coach 371'),(372,1,'Team 372','Country 1',1928,'Coach 372'),(373,2,'Team 373','Country 2',1950,'Coach 373'),(374,5,'Team 374','Country 4',1958,'Coach 374'),(375,1,'Team 375','Country 4',1911,'Coach 375'),(376,3,'Team 376','Country 2',1932,'Coach 376'),(377,3,'Team 377','Country 2',1908,'Coach 377'),(378,3,'Team 378','Country 3',1969,'Coach 378'),(379,1,'Team 379','Country 2',1924,'Coach 379'),(380,2,'Team 380','Country 5',1975,'Coach 380'),(381,5,'Team 381','Country 2',1971,'Coach 381'),(382,4,'Team 382','Country 2',1966,'Coach 382'),(383,2,'Team 383','Country 2',1963,'Coach 383'),(384,2,'Team 384','Country 4',1961,'Coach 384'),(385,5,'Team 385','Country 5',1924,'Coach 385'),(386,4,'Team 386','Country 2',1984,'Coach 386'),(387,3,'Team 387','Country 5',1925,'Coach 387'),(388,3,'Team 388','Country 3',1986,'Coach 388'),(389,1,'Team 389','Country 3',1944,'Coach 389'),(390,4,'Team 390','Country 2',1932,'Coach 390'),(391,4,'Team 391','Country 4',1928,'Coach 391'),(392,2,'Team 392','Country 4',1968,'Coach 392'),(393,2,'Team 393','Country 2',1937,'Coach 393'),(394,1,'Team 394','Country 5',1957,'Coach 394'),(395,2,'Team 395','Country 1',1943,'Coach 395'),(396,5,'Team 396','Country 5',1940,'Coach 396'),(397,1,'Team 397','Country 5',1968,'Coach 397'),(398,3,'Team 398','Country 4',1999,'Coach 398'),(399,4,'Team 399','Country 5',1922,'Coach 399'),(400,2,'Team 400','Country 2',1989,'Coach 400'),(401,5,'Team 401','Country 4',1957,'Coach 401'),(402,5,'Team 402','Country 2',1914,'Coach 402'),(403,1,'Team 403','Country 5',1906,'Coach 403'),(404,4,'Team 404','Country 4',1926,'Coach 404'),(405,1,'Team 405','Country 1',1967,'Coach 405'),(406,2,'Team 406','Country 2',1953,'Coach 406'),(407,5,'Team 407','Country 5',1999,'Coach 407'),(408,1,'Team 408','Country 4',1990,'Coach 408'),(409,3,'Team 409','Country 5',1923,'Coach 409'),(410,2,'Team 410','Country 4',1928,'Coach 410'),(411,3,'Team 411','Country 5',1918,'Coach 411'),(412,5,'Team 412','Country 3',1918,'Coach 412'),(413,4,'Team 413','Country 4',1914,'Coach 413'),(414,5,'Team 414','Country 5',1933,'Coach 414'),(415,4,'Team 415','Country 3',1914,'Coach 415'),(416,3,'Team 416','Country 3',1964,'Coach 416'),(417,3,'Team 417','Country 3',1943,'Coach 417'),(418,3,'Team 418','Country 4',1954,'Coach 418'),(419,3,'Team 419','Country 3',1946,'Coach 419'),(420,4,'Team 420','Country 5',1937,'Coach 420'),(421,2,'Team 421','Country 2',1930,'Coach 421'),(422,5,'Team 422','Country 3',1959,'Coach 422'),(423,4,'Team 423','Country 3',1957,'Coach 423'),(424,2,'Team 424','Country 5',1989,'Coach 424'),(425,3,'Team 425','Country 5',1916,'Coach 425'),(426,5,'Team 426','Country 2',1975,'Coach 426'),(427,4,'Team 427','Country 4',1969,'Coach 427'),(428,4,'Team 428','Country 2',1972,'Coach 428'),(429,3,'Team 429','Country 3',1916,'Coach 429'),(430,1,'Team 430','Country 1',1950,'Coach 430'),(431,5,'Team 431','Country 2',1962,'Coach 431'),(432,2,'Team 432','Country 1',1932,'Coach 432'),(433,1,'Team 433','Country 2',1945,'Coach 433'),(434,2,'Team 434','Country 1',1959,'Coach 434'),(435,4,'Team 435','Country 3',1992,'Coach 435'),(436,5,'Team 436','Country 3',1915,'Coach 436'),(437,1,'Team 437','Country 2',1977,'Coach 437'),(438,1,'Team 438','Country 3',1969,'Coach 438'),(439,2,'Team 439','Country 5',1904,'Coach 439'),(440,3,'Team 440','Country 1',1990,'Coach 440'),(441,2,'Team 441','Country 2',1998,'Coach 441'),(442,2,'Team 442','Country 2',1974,'Coach 442'),(443,5,'Team 443','Country 5',1908,'Coach 443'),(444,4,'Team 444','Country 2',1995,'Coach 444'),(445,1,'Team 445','Country 5',1938,'Coach 445'),(446,5,'Team 446','Country 4',1987,'Coach 446'),(447,1,'Team 447','Country 5',1976,'Coach 447'),(448,2,'Team 448','Country 4',1929,'Coach 448'),(449,3,'Team 449','Country 1',1933,'Coach 449'),(450,2,'Team 450','Country 5',1993,'Coach 450'),(451,2,'Team 451','Country 3',1938,'Coach 451'),(452,4,'Team 452','Country 1',1955,'Coach 452'),(453,3,'Team 453','Country 4',1998,'Coach 453'),(454,5,'Team 454','Country 3',1974,'Coach 454'),(455,2,'Team 455','Country 2',1931,'Coach 455'),(456,5,'Team 456','Country 2',1936,'Coach 456'),(457,4,'Team 457','Country 1',1928,'Coach 457'),(458,2,'Team 458','Country 4',1964,'Coach 458'),(459,1,'Team 459','Country 3',1924,'Coach 459'),(460,4,'Team 460','Country 5',1925,'Coach 460'),(461,4,'Team 461','Country 2',1985,'Coach 461'),(462,2,'Team 462','Country 4',1943,'Coach 462'),(463,2,'Team 463','Country 1',1959,'Coach 463'),(464,4,'Team 464','Country 5',1920,'Coach 464'),(465,2,'Team 465','Country 2',1928,'Coach 465'),(466,3,'Team 466','Country 1',1962,'Coach 466'),(467,5,'Team 467','Country 3',1902,'Coach 467'),(468,3,'Team 468','Country 3',1913,'Coach 468'),(469,1,'Team 469','Country 4',1984,'Coach 469'),(470,5,'Team 470','Country 5',1945,'Coach 470'),(471,5,'Team 471','Country 4',1922,'Coach 471'),(472,5,'Team 472','Country 1',1918,'Coach 472'),(473,5,'Team 473','Country 1',1981,'Coach 473'),(474,4,'Team 474','Country 1',1914,'Coach 474'),(475,3,'Team 475','Country 3',1942,'Coach 475'),(476,5,'Team 476','Country 5',1911,'Coach 476'),(477,5,'Team 477','Country 4',1988,'Coach 477'),(478,3,'Team 478','Country 4',1999,'Coach 478'),(479,5,'Team 479','Country 4',1984,'Coach 479'),(480,1,'Team 480','Country 3',1972,'Coach 480'),(481,5,'Team 481','Country 4',1947,'Coach 481'),(482,2,'Team 482','Country 2',1964,'Coach 482'),(483,1,'Team 483','Country 1',1961,'Coach 483'),(484,5,'Team 484','Country 5',1980,'Coach 484'),(485,2,'Team 485','Country 4',1982,'Coach 485'),(486,1,'Team 486','Country 4',1956,'Coach 486'),(487,4,'Team 487','Country 2',1990,'Coach 487'),(488,3,'Team 488','Country 4',1919,'Coach 488'),(489,4,'Team 489','Country 2',1930,'Coach 489'),(490,3,'Team 490','Country 4',1926,'Coach 490'),(491,5,'Team 491','Country 1',1978,'Coach 491'),(492,3,'Team 492','Country 5',1944,'Coach 492'),(493,2,'Team 493','Country 2',1949,'Coach 493'),(494,3,'Team 494','Country 3',1943,'Coach 494'),(495,5,'Team 495','Country 5',1938,'Coach 495'),(496,5,'Team 496','Country 3',1990,'Coach 496'),(497,5,'Team 497','Country 4',1901,'Coach 497'),(498,5,'Team 498','Country 2',1950,'Coach 498'),(499,5,'Team 499','Country 1',1930,'Coach 499'),(500,3,'Team 500','Country 4',1993,'Coach 500'),(501,3,'Team 501','Country 1',1981,'Coach 501'),(502,4,'Team 502','Country 2',1989,'Coach 502'),(503,5,'Team 503','Country 2',1949,'Coach 503'),(504,2,'Team 504','Country 1',1941,'Coach 504'),(505,5,'Team 505','Country 1',1984,'Coach 505'),(506,5,'Team 506','Country 2',1973,'Coach 506'),(507,4,'Team 507','Country 2',1910,'Coach 507'),(508,5,'Team 508','Country 5',1960,'Coach 508'),(509,3,'Team 509','Country 1',1986,'Coach 509'),(510,5,'Team 510','Country 1',1996,'Coach 510'),(511,2,'Team 511','Country 5',1909,'Coach 511'),(512,5,'Team 512','Country 4',1912,'Coach 512'),(513,4,'Team 513','Country 3',1918,'Coach 513'),(514,3,'Team 514','Country 3',1937,'Coach 514'),(515,2,'Team 515','Country 3',1919,'Coach 515'),(516,4,'Team 516','Country 5',1982,'Coach 516'),(517,1,'Team 517','Country 1',1936,'Coach 517'),(518,2,'Team 518','Country 5',1987,'Coach 518'),(519,5,'Team 519','Country 2',1954,'Coach 519'),(520,5,'Team 520','Country 3',1973,'Coach 520'),(521,2,'Team 521','Country 4',1998,'Coach 521'),(522,1,'Team 522','Country 2',1965,'Coach 522'),(523,1,'Team 523','Country 5',1972,'Coach 523'),(524,1,'Team 524','Country 2',1942,'Coach 524'),(525,1,'Team 525','Country 2',1980,'Coach 525'),(526,2,'Team 526','Country 2',1954,'Coach 526'),(527,4,'Team 527','Country 2',1991,'Coach 527'),(528,5,'Team 528','Country 2',1916,'Coach 528'),(529,5,'Team 529','Country 5',1994,'Coach 529'),(530,5,'Team 530','Country 5',1963,'Coach 530'),(531,3,'Team 531','Country 3',1923,'Coach 531'),(532,3,'Team 532','Country 1',1966,'Coach 532'),(533,1,'Team 533','Country 4',1977,'Coach 533'),(534,5,'Team 534','Country 4',1919,'Coach 534'),(535,1,'Team 535','Country 4',1940,'Coach 535'),(536,5,'Team 536','Country 1',1900,'Coach 536'),(537,4,'Team 537','Country 2',1951,'Coach 537'),(538,4,'Team 538','Country 4',1974,'Coach 538'),(539,3,'Team 539','Country 2',1914,'Coach 539'),(540,4,'Team 540','Country 1',1920,'Coach 540'),(541,5,'Team 541','Country 4',1977,'Coach 541'),(542,5,'Team 542','Country 5',1932,'Coach 542'),(543,4,'Team 543','Country 2',1991,'Coach 543'),(544,3,'Team 544','Country 3',1981,'Coach 544'),(545,4,'Team 545','Country 3',1915,'Coach 545'),(546,2,'Team 546','Country 5',1974,'Coach 546'),(547,5,'Team 547','Country 3',1908,'Coach 547'),(548,4,'Team 548','Country 5',1965,'Coach 548'),(549,3,'Team 549','Country 5',1940,'Coach 549'),(550,3,'Team 550','Country 4',1964,'Coach 550'),(551,1,'Team 551','Country 1',1966,'Coach 551'),(552,1,'Team 552','Country 5',1979,'Coach 552'),(553,2,'Team 553','Country 3',1924,'Coach 553'),(554,5,'Team 554','Country 2',1936,'Coach 554'),(555,4,'Team 555','Country 3',1976,'Coach 555'),(556,1,'Team 556','Country 5',1924,'Coach 556'),(557,4,'Team 557','Country 2',1971,'Coach 557'),(558,4,'Team 558','Country 2',1901,'Coach 558'),(559,3,'Team 559','Country 1',1939,'Coach 559'),(560,3,'Team 560','Country 3',1997,'Coach 560'),(561,2,'Team 561','Country 4',1982,'Coach 561'),(562,5,'Team 562','Country 4',1971,'Coach 562'),(563,4,'Team 563','Country 1',1977,'Coach 563'),(564,3,'Team 564','Country 4',1944,'Coach 564'),(565,1,'Team 565','Country 4',1967,'Coach 565'),(566,1,'Team 566','Country 4',1937,'Coach 566'),(567,3,'Team 567','Country 3',1931,'Coach 567'),(568,5,'Team 568','Country 1',1912,'Coach 568'),(569,2,'Team 569','Country 1',1964,'Coach 569'),(570,5,'Team 570','Country 3',1983,'Coach 570'),(571,4,'Team 571','Country 5',1967,'Coach 571'),(572,3,'Team 572','Country 4',1976,'Coach 572'),(573,4,'Team 573','Country 3',1961,'Coach 573'),(574,2,'Team 574','Country 4',1949,'Coach 574'),(575,3,'Team 575','Country 3',1969,'Coach 575'),(576,4,'Team 576','Country 3',1955,'Coach 576'),(577,1,'Team 577','Country 1',1985,'Coach 577'),(578,1,'Team 578','Country 5',1907,'Coach 578'),(579,4,'Team 579','Country 4',1912,'Coach 579'),(580,3,'Team 580','Country 2',1971,'Coach 580'),(581,4,'Team 581','Country 4',1954,'Coach 581'),(582,2,'Team 582','Country 2',1930,'Coach 582'),(583,4,'Team 583','Country 2',1955,'Coach 583'),(584,5,'Team 584','Country 4',1901,'Coach 584'),(585,5,'Team 585','Country 3',1952,'Coach 585'),(586,2,'Team 586','Country 5',1936,'Coach 586'),(587,2,'Team 587','Country 2',1906,'Coach 587'),(588,1,'Team 588','Country 3',1949,'Coach 588'),(589,4,'Team 589','Country 5',1965,'Coach 589'),(590,3,'Team 590','Country 2',1937,'Coach 590'),(591,5,'Team 591','Country 5',1927,'Coach 591'),(592,3,'Team 592','Country 5',1989,'Coach 592'),(593,4,'Team 593','Country 1',1954,'Coach 593'),(594,1,'Team 594','Country 2',1909,'Coach 594'),(595,3,'Team 595','Country 1',1978,'Coach 595'),(596,5,'Team 596','Country 4',1949,'Coach 596'),(597,1,'Team 597','Country 5',1934,'Coach 597'),(598,5,'Team 598','Country 5',1928,'Coach 598'),(599,5,'Team 599','Country 4',1940,'Coach 599'),(600,1,'Team 600','Country 4',1977,'Coach 600'),(601,5,'Team 601','Country 2',1941,'Coach 601'),(602,2,'Team 602','Country 4',1907,'Coach 602'),(603,3,'Team 603','Country 5',1963,'Coach 603'),(604,1,'Team 604','Country 5',1944,'Coach 604'),(605,2,'Team 605','Country 5',1986,'Coach 605'),(606,3,'Team 606','Country 1',1974,'Coach 606'),(607,3,'Team 607','Country 3',1970,'Coach 607'),(608,1,'Team 608','Country 3',1905,'Coach 608'),(609,5,'Team 609','Country 1',1966,'Coach 609'),(610,2,'Team 610','Country 1',1981,'Coach 610'),(611,5,'Team 611','Country 3',1943,'Coach 611'),(612,3,'Team 612','Country 1',1982,'Coach 612'),(613,5,'Team 613','Country 3',1912,'Coach 613'),(614,2,'Team 614','Country 3',1977,'Coach 614'),(615,1,'Team 615','Country 2',1974,'Coach 615'),(616,1,'Team 616','Country 1',1950,'Coach 616'),(617,1,'Team 617','Country 5',1921,'Coach 617'),(618,2,'Team 618','Country 2',1925,'Coach 618'),(619,3,'Team 619','Country 2',1969,'Coach 619'),(620,2,'Team 620','Country 2',1994,'Coach 620'),(621,4,'Team 621','Country 2',1960,'Coach 621'),(622,1,'Team 622','Country 5',1928,'Coach 622'),(623,3,'Team 623','Country 1',1959,'Coach 623'),(624,4,'Team 624','Country 5',1957,'Coach 624'),(625,1,'Team 625','Country 2',1936,'Coach 625'),(626,1,'Team 626','Country 5',1974,'Coach 626'),(627,5,'Team 627','Country 1',1979,'Coach 627'),(628,4,'Team 628','Country 2',1906,'Coach 628'),(629,3,'Team 629','Country 4',1906,'Coach 629'),(630,1,'Team 630','Country 5',1964,'Coach 630'),(631,2,'Team 631','Country 5',1960,'Coach 631'),(632,2,'Team 632','Country 1',1933,'Coach 632'),(633,1,'Team 633','Country 4',1966,'Coach 633'),(634,3,'Team 634','Country 3',1985,'Coach 634'),(635,5,'Team 635','Country 5',1939,'Coach 635'),(636,3,'Team 636','Country 4',1956,'Coach 636'),(637,5,'Team 637','Country 3',1914,'Coach 637'),(638,1,'Team 638','Country 1',1909,'Coach 638'),(639,2,'Team 639','Country 5',1911,'Coach 639'),(640,4,'Team 640','Country 5',1977,'Coach 640'),(641,1,'Team 641','Country 4',1968,'Coach 641'),(642,1,'Team 642','Country 5',1972,'Coach 642'),(643,1,'Team 643','Country 1',1929,'Coach 643'),(644,2,'Team 644','Country 2',1939,'Coach 644'),(645,2,'Team 645','Country 3',1955,'Coach 645'),(646,2,'Team 646','Country 3',1942,'Coach 646'),(647,5,'Team 647','Country 1',1989,'Coach 647'),(648,1,'Team 648','Country 1',1944,'Coach 648'),(649,4,'Team 649','Country 5',1930,'Coach 649'),(650,5,'Team 650','Country 1',1932,'Coach 650'),(651,3,'Team 651','Country 2',1992,'Coach 651'),(652,5,'Team 652','Country 4',1948,'Coach 652'),(653,3,'Team 653','Country 2',1900,'Coach 653'),(654,5,'Team 654','Country 5',1990,'Coach 654'),(655,4,'Team 655','Country 2',1959,'Coach 655'),(656,1,'Team 656','Country 5',1919,'Coach 656'),(657,1,'Team 657','Country 2',1911,'Coach 657'),(658,4,'Team 658','Country 4',1945,'Coach 658'),(659,2,'Team 659','Country 2',1952,'Coach 659'),(660,4,'Team 660','Country 5',1956,'Coach 660'),(661,1,'Team 661','Country 2',1976,'Coach 661'),(662,4,'Team 662','Country 2',1978,'Coach 662'),(663,4,'Team 663','Country 2',1929,'Coach 663'),(664,3,'Team 664','Country 1',1964,'Coach 664'),(665,5,'Team 665','Country 5',1974,'Coach 665'),(666,5,'Team 666','Country 2',1984,'Coach 666'),(667,2,'Team 667','Country 5',1984,'Coach 667'),(668,2,'Team 668','Country 2',1968,'Coach 668'),(669,2,'Team 669','Country 4',1913,'Coach 669'),(670,4,'Team 670','Country 3',1996,'Coach 670'),(671,3,'Team 671','Country 3',1974,'Coach 671'),(672,3,'Team 672','Country 1',1971,'Coach 672'),(673,3,'Team 673','Country 3',1931,'Coach 673'),(674,4,'Team 674','Country 1',1985,'Coach 674'),(675,1,'Team 675','Country 5',1947,'Coach 675'),(676,3,'Team 676','Country 1',1937,'Coach 676'),(677,2,'Team 677','Country 2',1970,'Coach 677'),(678,3,'Team 678','Country 5',1953,'Coach 678'),(679,1,'Team 679','Country 5',1908,'Coach 679'),(680,5,'Team 680','Country 4',1946,'Coach 680'),(681,1,'Team 681','Country 4',1911,'Coach 681'),(682,4,'Team 682','Country 2',1986,'Coach 682'),(683,4,'Team 683','Country 1',1923,'Coach 683'),(684,5,'Team 684','Country 5',1936,'Coach 684'),(685,2,'Team 685','Country 5',1914,'Coach 685'),(686,1,'Team 686','Country 1',1951,'Coach 686'),(687,1,'Team 687','Country 4',1959,'Coach 687'),(688,4,'Team 688','Country 4',1931,'Coach 688'),(689,3,'Team 689','Country 4',1923,'Coach 689'),(690,5,'Team 690','Country 3',1907,'Coach 690'),(691,5,'Team 691','Country 5',1998,'Coach 691'),(692,2,'Team 692','Country 2',1992,'Coach 692'),(693,4,'Team 693','Country 2',1940,'Coach 693'),(694,2,'Team 694','Country 1',1908,'Coach 694'),(695,5,'Team 695','Country 1',1996,'Coach 695'),(696,3,'Team 696','Country 2',1957,'Coach 696'),(697,4,'Team 697','Country 5',1921,'Coach 697'),(698,3,'Team 698','Country 4',1972,'Coach 698'),(699,4,'Team 699','Country 4',1910,'Coach 699'),(700,3,'Team 700','Country 1',1990,'Coach 700'),(701,2,'Team 701','Country 5',1916,'Coach 701'),(702,2,'Team 702','Country 2',1966,'Coach 702'),(703,2,'Team 703','Country 2',1905,'Coach 703'),(704,1,'Team 704','Country 3',1925,'Coach 704'),(705,4,'Team 705','Country 3',1996,'Coach 705'),(706,1,'Team 706','Country 2',1936,'Coach 706'),(707,5,'Team 707','Country 3',1903,'Coach 707'),(708,3,'Team 708','Country 2',1937,'Coach 708'),(709,4,'Team 709','Country 3',1961,'Coach 709'),(710,2,'Team 710','Country 1',1940,'Coach 710'),(711,4,'Team 711','Country 1',1963,'Coach 711'),(712,5,'Team 712','Country 1',1906,'Coach 712'),(713,1,'Team 713','Country 5',1971,'Coach 713'),(714,4,'Team 714','Country 2',1951,'Coach 714'),(715,4,'Team 715','Country 3',1988,'Coach 715'),(716,4,'Team 716','Country 2',1921,'Coach 716'),(717,1,'Team 717','Country 5',1904,'Coach 717'),(718,4,'Team 718','Country 5',1997,'Coach 718'),(719,5,'Team 719','Country 5',1981,'Coach 719'),(720,2,'Team 720','Country 4',1987,'Coach 720'),(721,2,'Team 721','Country 3',1967,'Coach 721'),(722,5,'Team 722','Country 5',1959,'Coach 722'),(723,2,'Team 723','Country 3',1956,'Coach 723'),(724,3,'Team 724','Country 3',1991,'Coach 724'),(725,2,'Team 725','Country 4',1925,'Coach 725'),(726,3,'Team 726','Country 3',1975,'Coach 726'),(727,3,'Team 727','Country 3',1942,'Coach 727'),(728,5,'Team 728','Country 1',1929,'Coach 728'),(729,5,'Team 729','Country 4',1942,'Coach 729'),(730,2,'Team 730','Country 5',1981,'Coach 730'),(731,2,'Team 731','Country 2',1959,'Coach 731'),(732,5,'Team 732','Country 1',1970,'Coach 732'),(733,1,'Team 733','Country 3',1942,'Coach 733'),(734,3,'Team 734','Country 5',1906,'Coach 734'),(735,4,'Team 735','Country 2',1943,'Coach 735'),(736,2,'Team 736','Country 5',1994,'Coach 736'),(737,5,'Team 737','Country 4',1952,'Coach 737'),(738,4,'Team 738','Country 5',1954,'Coach 738'),(739,5,'Team 739','Country 1',1961,'Coach 739'),(740,5,'Team 740','Country 1',1951,'Coach 740'),(741,5,'Team 741','Country 3',1930,'Coach 741'),(742,1,'Team 742','Country 5',1986,'Coach 742'),(743,4,'Team 743','Country 1',1999,'Coach 743'),(744,5,'Team 744','Country 2',1994,'Coach 744'),(745,5,'Team 745','Country 2',1977,'Coach 745'),(746,1,'Team 746','Country 3',1985,'Coach 746'),(747,5,'Team 747','Country 4',1918,'Coach 747'),(748,4,'Team 748','Country 4',1980,'Coach 748'),(749,4,'Team 749','Country 2',1937,'Coach 749'),(750,5,'Team 750','Country 2',1904,'Coach 750'),(751,2,'Team 751','Country 5',1977,'Coach 751'),(752,2,'Team 752','Country 5',1949,'Coach 752'),(753,5,'Team 753','Country 2',1991,'Coach 753'),(754,3,'Team 754','Country 3',1949,'Coach 754'),(755,4,'Team 755','Country 2',1904,'Coach 755'),(756,3,'Team 756','Country 1',1919,'Coach 756'),(757,4,'Team 757','Country 4',1933,'Coach 757'),(758,4,'Team 758','Country 4',1989,'Coach 758'),(759,4,'Team 759','Country 3',1942,'Coach 759'),(760,4,'Team 760','Country 3',1917,'Coach 760'),(761,3,'Team 761','Country 3',1957,'Coach 761'),(762,1,'Team 762','Country 1',1902,'Coach 762'),(763,5,'Team 763','Country 5',1952,'Coach 763'),(764,4,'Team 764','Country 4',1950,'Coach 764'),(765,3,'Team 765','Country 4',1935,'Coach 765'),(766,3,'Team 766','Country 4',1941,'Coach 766'),(767,2,'Team 767','Country 1',1982,'Coach 767'),(768,4,'Team 768','Country 2',1995,'Coach 768'),(769,1,'Team 769','Country 2',1981,'Coach 769'),(770,5,'Team 770','Country 5',1924,'Coach 770'),(771,2,'Team 771','Country 4',1934,'Coach 771'),(772,5,'Team 772','Country 1',1938,'Coach 772'),(773,2,'Team 773','Country 4',1968,'Coach 773'),(774,1,'Team 774','Country 3',1950,'Coach 774'),(775,4,'Team 775','Country 2',1959,'Coach 775'),(776,5,'Team 776','Country 2',1941,'Coach 776'),(777,5,'Team 777','Country 2',1980,'Coach 777'),(778,1,'Team 778','Country 1',1940,'Coach 778'),(779,3,'Team 779','Country 4',1987,'Coach 779'),(780,1,'Team 780','Country 2',1985,'Coach 780'),(781,3,'Team 781','Country 4',1914,'Coach 781'),(782,4,'Team 782','Country 3',1910,'Coach 782'),(783,4,'Team 783','Country 4',1966,'Coach 783'),(784,3,'Team 784','Country 4',1970,'Coach 784'),(785,3,'Team 785','Country 3',1918,'Coach 785'),(786,2,'Team 786','Country 4',1943,'Coach 786'),(787,2,'Team 787','Country 1',1993,'Coach 787'),(788,1,'Team 788','Country 1',1994,'Coach 788'),(789,3,'Team 789','Country 2',1945,'Coach 789'),(790,1,'Team 790','Country 4',1954,'Coach 790'),(791,5,'Team 791','Country 3',1941,'Coach 791'),(792,2,'Team 792','Country 2',1975,'Coach 792'),(793,4,'Team 793','Country 3',1921,'Coach 793'),(794,3,'Team 794','Country 2',1962,'Coach 794'),(795,2,'Team 795','Country 4',1923,'Coach 795'),(796,2,'Team 796','Country 4',1966,'Coach 796'),(797,2,'Team 797','Country 2',1933,'Coach 797'),(798,1,'Team 798','Country 1',1934,'Coach 798'),(799,3,'Team 799','Country 3',1976,'Coach 799'),(800,3,'Team 800','Country 1',1963,'Coach 800'),(801,1,'Team 801','Country 5',1915,'Coach 801'),(802,5,'Team 802','Country 3',1954,'Coach 802'),(803,1,'Team 803','Country 2',1915,'Coach 803'),(804,4,'Team 804','Country 2',1905,'Coach 804'),(805,3,'Team 805','Country 2',1916,'Coach 805'),(806,5,'Team 806','Country 4',1902,'Coach 806'),(807,1,'Team 807','Country 5',1976,'Coach 807'),(808,5,'Team 808','Country 2',1914,'Coach 808'),(809,3,'Team 809','Country 2',1992,'Coach 809'),(810,4,'Team 810','Country 3',1981,'Coach 810'),(811,2,'Team 811','Country 3',1943,'Coach 811'),(812,3,'Team 812','Country 4',1949,'Coach 812'),(813,3,'Team 813','Country 1',1904,'Coach 813'),(814,5,'Team 814','Country 2',1948,'Coach 814'),(815,4,'Team 815','Country 3',1976,'Coach 815'),(816,3,'Team 816','Country 3',1907,'Coach 816'),(817,4,'Team 817','Country 2',1951,'Coach 817'),(818,3,'Team 818','Country 2',1911,'Coach 818'),(819,3,'Team 819','Country 5',1940,'Coach 819'),(820,1,'Team 820','Country 3',1924,'Coach 820'),(821,4,'Team 821','Country 2',1975,'Coach 821'),(822,5,'Team 822','Country 5',1913,'Coach 822'),(823,5,'Team 823','Country 5',1920,'Coach 823'),(824,1,'Team 824','Country 1',1913,'Coach 824'),(825,2,'Team 825','Country 2',1919,'Coach 825'),(826,2,'Team 826','Country 4',1974,'Coach 826'),(827,4,'Team 827','Country 4',1911,'Coach 827'),(828,2,'Team 828','Country 4',1924,'Coach 828'),(829,5,'Team 829','Country 4',1966,'Coach 829'),(830,2,'Team 830','Country 4',1933,'Coach 830'),(831,4,'Team 831','Country 3',1900,'Coach 831'),(832,4,'Team 832','Country 5',1999,'Coach 832'),(833,2,'Team 833','Country 5',1969,'Coach 833'),(834,3,'Team 834','Country 4',1951,'Coach 834'),(835,4,'Team 835','Country 5',1943,'Coach 835'),(836,3,'Team 836','Country 1',1928,'Coach 836'),(837,5,'Team 837','Country 5',1901,'Coach 837'),(838,1,'Team 838','Country 3',1936,'Coach 838'),(839,1,'Team 839','Country 5',1973,'Coach 839'),(840,1,'Team 840','Country 2',1935,'Coach 840'),(841,4,'Team 841','Country 4',1918,'Coach 841'),(842,5,'Team 842','Country 5',1941,'Coach 842'),(843,4,'Team 843','Country 5',1980,'Coach 843'),(844,2,'Team 844','Country 4',1952,'Coach 844'),(845,4,'Team 845','Country 5',1982,'Coach 845'),(846,1,'Team 846','Country 2',1974,'Coach 846'),(847,1,'Team 847','Country 5',1905,'Coach 847'),(848,5,'Team 848','Country 1',1956,'Coach 848'),(849,4,'Team 849','Country 1',1939,'Coach 849'),(850,3,'Team 850','Country 4',1944,'Coach 850'),(851,2,'Team 851','Country 2',1959,'Coach 851'),(852,1,'Team 852','Country 2',1964,'Coach 852'),(853,1,'Team 853','Country 1',1956,'Coach 853'),(854,4,'Team 854','Country 1',1901,'Coach 854'),(855,5,'Team 855','Country 3',1995,'Coach 855'),(856,1,'Team 856','Country 5',1901,'Coach 856'),(857,2,'Team 857','Country 5',1903,'Coach 857'),(858,4,'Team 858','Country 2',1970,'Coach 858'),(859,3,'Team 859','Country 2',1965,'Coach 859'),(860,4,'Team 860','Country 2',1934,'Coach 860'),(861,5,'Team 861','Country 4',1970,'Coach 861'),(862,2,'Team 862','Country 5',1902,'Coach 862'),(863,4,'Team 863','Country 1',1920,'Coach 863'),(864,5,'Team 864','Country 2',1930,'Coach 864'),(865,4,'Team 865','Country 1',1978,'Coach 865'),(866,5,'Team 866','Country 4',1928,'Coach 866'),(867,1,'Team 867','Country 1',1962,'Coach 867'),(868,1,'Team 868','Country 2',1904,'Coach 868'),(869,3,'Team 869','Country 4',1993,'Coach 869'),(870,3,'Team 870','Country 4',1991,'Coach 870'),(871,3,'Team 871','Country 5',1950,'Coach 871'),(872,1,'Team 872','Country 1',1998,'Coach 872'),(873,4,'Team 873','Country 4',1907,'Coach 873'),(874,3,'Team 874','Country 5',1919,'Coach 874'),(875,2,'Team 875','Country 5',1958,'Coach 875'),(876,2,'Team 876','Country 3',1972,'Coach 876'),(877,1,'Team 877','Country 3',1910,'Coach 877'),(878,1,'Team 878','Country 5',1903,'Coach 878'),(879,4,'Team 879','Country 3',1910,'Coach 879'),(880,1,'Team 880','Country 3',1935,'Coach 880'),(881,1,'Team 881','Country 1',1933,'Coach 881'),(882,3,'Team 882','Country 1',1921,'Coach 882'),(883,4,'Team 883','Country 2',1919,'Coach 883'),(884,1,'Team 884','Country 4',1900,'Coach 884'),(885,1,'Team 885','Country 4',1981,'Coach 885'),(886,1,'Team 886','Country 2',1936,'Coach 886'),(887,4,'Team 887','Country 3',1934,'Coach 887'),(888,2,'Team 888','Country 1',1962,'Coach 888'),(889,5,'Team 889','Country 5',1991,'Coach 889'),(890,4,'Team 890','Country 4',1915,'Coach 890'),(891,5,'Team 891','Country 5',1972,'Coach 891'),(892,1,'Team 892','Country 1',1907,'Coach 892'),(893,2,'Team 893','Country 1',1930,'Coach 893'),(894,3,'Team 894','Country 4',1958,'Coach 894'),(895,1,'Team 895','Country 3',1913,'Coach 895'),(896,2,'Team 896','Country 2',1912,'Coach 896'),(897,5,'Team 897','Country 3',1948,'Coach 897'),(898,5,'Team 898','Country 3',1966,'Coach 898'),(899,4,'Team 899','Country 4',1939,'Coach 899'),(900,5,'Team 900','Country 5',1969,'Coach 900'),(901,1,'Team 901','Country 1',1924,'Coach 901'),(902,1,'Team 902','Country 2',1971,'Coach 902'),(903,3,'Team 903','Country 2',1938,'Coach 903'),(904,4,'Team 904','Country 4',1924,'Coach 904'),(905,1,'Team 905','Country 4',1943,'Coach 905'),(906,5,'Team 906','Country 2',1987,'Coach 906'),(907,2,'Team 907','Country 2',1926,'Coach 907'),(908,3,'Team 908','Country 4',1987,'Coach 908'),(909,2,'Team 909','Country 1',1957,'Coach 909'),(910,3,'Team 910','Country 5',1967,'Coach 910'),(911,5,'Team 911','Country 2',1964,'Coach 911'),(912,3,'Team 912','Country 3',1922,'Coach 912'),(913,3,'Team 913','Country 5',1958,'Coach 913'),(914,3,'Team 914','Country 4',1973,'Coach 914'),(915,4,'Team 915','Country 4',1926,'Coach 915'),(916,1,'Team 916','Country 5',1948,'Coach 916'),(917,3,'Team 917','Country 4',1917,'Coach 917'),(918,5,'Team 918','Country 3',1903,'Coach 918'),(919,4,'Team 919','Country 3',1908,'Coach 919'),(920,1,'Team 920','Country 2',1914,'Coach 920'),(921,5,'Team 921','Country 5',1955,'Coach 921'),(922,2,'Team 922','Country 5',1927,'Coach 922'),(923,5,'Team 923','Country 3',1906,'Coach 923'),(924,4,'Team 924','Country 2',1943,'Coach 924'),(925,2,'Team 925','Country 5',1991,'Coach 925'),(926,4,'Team 926','Country 1',1944,'Coach 926'),(927,4,'Team 927','Country 3',1923,'Coach 927'),(928,4,'Team 928','Country 3',1939,'Coach 928'),(929,4,'Team 929','Country 5',1932,'Coach 929'),(930,1,'Team 930','Country 4',1905,'Coach 930'),(931,2,'Team 931','Country 5',1900,'Coach 931'),(932,2,'Team 932','Country 1',1905,'Coach 932'),(933,5,'Team 933','Country 5',1994,'Coach 933'),(934,1,'Team 934','Country 4',1936,'Coach 934'),(935,3,'Team 935','Country 5',1961,'Coach 935'),(936,3,'Team 936','Country 2',1905,'Coach 936'),(937,3,'Team 937','Country 1',1958,'Coach 937'),(938,2,'Team 938','Country 5',1917,'Coach 938'),(939,3,'Team 939','Country 3',1967,'Coach 939'),(940,4,'Team 940','Country 1',1941,'Coach 940'),(941,5,'Team 941','Country 2',1960,'Coach 941'),(942,2,'Team 942','Country 2',1996,'Coach 942'),(943,5,'Team 943','Country 2',1930,'Coach 943'),(944,2,'Team 944','Country 1',1990,'Coach 944'),(945,3,'Team 945','Country 4',1937,'Coach 945'),(946,3,'Team 946','Country 4',1943,'Coach 946'),(947,2,'Team 947','Country 2',1986,'Coach 947'),(948,1,'Team 948','Country 2',1936,'Coach 948'),(949,4,'Team 949','Country 1',1955,'Coach 949'),(950,3,'Team 950','Country 4',1932,'Coach 950'),(951,2,'Team 951','Country 5',1920,'Coach 951'),(952,3,'Team 952','Country 4',1999,'Coach 952'),(953,5,'Team 953','Country 4',1959,'Coach 953'),(954,5,'Team 954','Country 5',1953,'Coach 954'),(955,1,'Team 955','Country 5',1976,'Coach 955'),(956,3,'Team 956','Country 5',1908,'Coach 956'),(957,4,'Team 957','Country 4',1911,'Coach 957'),(958,3,'Team 958','Country 1',1920,'Coach 958'),(959,4,'Team 959','Country 2',1918,'Coach 959'),(960,4,'Team 960','Country 1',1935,'Coach 960'),(961,3,'Team 961','Country 1',1932,'Coach 961'),(962,2,'Team 962','Country 2',1971,'Coach 962'),(963,4,'Team 963','Country 2',1920,'Coach 963'),(964,2,'Team 964','Country 4',1974,'Coach 964'),(965,4,'Team 965','Country 5',1918,'Coach 965'),(966,3,'Team 966','Country 1',1955,'Coach 966'),(967,4,'Team 967','Country 5',1931,'Coach 967'),(968,5,'Team 968','Country 4',1954,'Coach 968'),(969,4,'Team 969','Country 5',1969,'Coach 969'),(970,3,'Team 970','Country 4',1914,'Coach 970'),(971,3,'Team 971','Country 4',1994,'Coach 971'),(972,5,'Team 972','Country 1',1948,'Coach 972'),(973,5,'Team 973','Country 5',1995,'Coach 973'),(974,1,'Team 974','Country 2',1960,'Coach 974'),(975,5,'Team 975','Country 1',1950,'Coach 975'),(976,2,'Team 976','Country 4',1971,'Coach 976'),(977,3,'Team 977','Country 2',1931,'Coach 977'),(978,3,'Team 978','Country 3',1979,'Coach 978'),(979,4,'Team 979','Country 5',1938,'Coach 979'),(980,2,'Team 980','Country 3',1948,'Coach 980'),(981,5,'Team 981','Country 2',1941,'Coach 981'),(982,2,'Team 982','Country 3',1908,'Coach 982'),(983,1,'Team 983','Country 3',1942,'Coach 983'),(984,2,'Team 984','Country 3',1940,'Coach 984'),(985,3,'Team 985','Country 4',1944,'Coach 985'),(986,2,'Team 986','Country 2',1922,'Coach 986'),(987,3,'Team 987','Country 3',1928,'Coach 987'),(988,5,'Team 988','Country 3',1961,'Coach 988'),(989,4,'Team 989','Country 5',1924,'Coach 989'),(990,3,'Team 990','Country 5',1907,'Coach 990'),(991,3,'Team 991','Country 3',1912,'Coach 991'),(992,5,'Team 992','Country 3',1945,'Coach 992'),(993,5,'Team 993','Country 5',1924,'Coach 993'),(994,2,'Team 994','Country 5',1938,'Coach 994'),(995,2,'Team 995','Country 3',1937,'Coach 995'),(996,3,'Team 996','Country 2',1971,'Coach 996'),(997,5,'Team 997','Country 2',1925,'Coach 997'),(998,1,'Team 998','Country 3',1964,'Coach 998'),(999,3,'Team 999','Country 4',1956,'Coach 999'),(1000,5,'Team 1000','Country 2',1914,'Coach 1000');
/*!40000 ALTER TABLE `teams` ENABLE KEYS */;
UNLOCK TABLES;

--
-- Table structure for table `users`
--

DROP TABLE IF EXISTS `users`;
/*!40101 SET @saved_cs_client     = @@character_set_client */;
/*!50503 SET character_set_client = utf8mb4 */;
CREATE TABLE `users` (
  `user_id` int NOT NULL AUTO_INCREMENT,
  `username` varchar(50) NOT NULL,
  `email` varchar(100) NOT NULL,
  `password` varchar(100) NOT NULL,
  `balance` decimal(10,2) NOT NULL DEFAULT '0.00',
  `registration_date` timestamp NULL DEFAULT CURRENT_TIMESTAMP,
  PRIMARY KEY (`user_id`),
  UNIQUE KEY `username` (`username`),
  UNIQUE KEY `email` (`email`)
) ENGINE=InnoDB AUTO_INCREMENT=1001 DEFAULT CHARSET=utf8mb4 COLLATE=utf8mb4_0900_ai_ci;
/*!40101 SET character_set_client = @saved_cs_client */;

--
-- Dumping data for table `users`
--

LOCK TABLES `users` WRITE;
/*!40000 ALTER TABLE `users` DISABLE KEYS */;
INSERT INTO `users` VALUES (1,'user1','user1@example.com','7c6a180b36896a0a8c02787eeafb0e4c',77.89,'2024-03-21 21:21:26'),(2,'user2','user2@example.com','6cb75f652a9b52798eb6cf2201057c73',945.46,'2024-03-21 21:21:26'),(3,'user3','user3@example.com','819b0643d6b89dc9b579fdfc9094f28e',493.61,'2024-03-21 21:21:26'),(4,'user4','user4@example.com','34cc93ece0ba9e3f6f235d4af979b16c',631.70,'2024-03-21 21:21:26'),(5,'user5','user5@example.com','db0edd04aaac4506f7edab03ac855d56',677.64,'2024-03-21 21:21:26'),(6,'user6','user6@example.com','218dd27aebeccecae69ad8408d9a36bf',493.11,'2024-03-21 21:21:26'),(7,'user7','user7@example.com','00cdb7bb942cf6b290ceb97d6aca64a3',432.63,'2024-03-21 21:21:26'),(8,'user8','user8@example.com','b25ef06be3b6948c0bc431da46c2c738',683.81,'2024-03-21 21:21:26'),(9,'user9','user9@example.com','5d69dd95ac183c9643780ed7027d128a',121.17,'2024-03-21 21:21:26'),(10,'user10','user10@example.com','87e897e3b54a405da144968b2ca19b45',554.43,'2024-03-21 21:21:26'),(11,'user11','user11@example.com','1e5c2776cf544e213c3d279c40719643',408.63,'2024-03-21 21:21:26'),(12,'user12','user12@example.com','c24a542f884e144451f9063b79e7994e',379.84,'2024-03-21 21:21:26'),(13,'user13','user13@example.com','ee684912c7e588d03ccb40f17ed080c9',673.33,'2024-03-21 21:21:26'),(14,'user14','user14@example.com','8ee736784ce419bd16554ed5677ff35b',227.13,'2024-03-21 21:21:26'),(15,'user15','user15@example.com','9141fea0574f83e190ab7479d516630d',115.66,'2024-03-21 21:21:26'),(16,'user16','user16@example.com','2b40aaa979727c43411c305540bbed50',896.92,'2024-03-21 21:21:26'),(17,'user17','user17@example.com','a63f9709abc75bf8bd8f6e1ba9992573',137.62,'2024-03-21 21:21:26'),(18,'user18','user18@example.com','80b8bdceb474b5127b6aca386bb8ce14',997.33,'2024-03-21 21:21:26'),(19,'user19','user19@example.com','e532ae6f28f4c2be70b500d3d34724eb',573.79,'2024-03-21 21:21:26'),(20,'user20','user20@example.com','aee67d9bb569ad1562f7b67cfccbd2ef',876.96,'2024-03-21 21:21:26'),(21,'user21','user21@example.com','568c31f0f2406ab70255a1d83291220f',663.45,'2024-03-21 21:21:26'),(22,'user22','user22@example.com','069103d83d40b742a336dee5fb92f4e5',686.34,'2024-03-21 21:21:26'),(23,'user23','user23@example.com','1f82cdf9195b31244721c6026587fb78',441.37,'2024-03-21 21:21:26'),(24,'user24','user24@example.com','58bad6b697dff48f4927941962f23e90',147.84,'2024-03-21 21:21:26'),(25,'user25','user25@example.com','6982e82c0b21af5526754d83df2d1635',415.10,'2024-03-21 21:21:26'),(26,'user26','user26@example.com','dc2d937cba912f093445d008f0461c83',631.95,'2024-03-21 21:21:26'),(27,'user27','user27@example.com','ccf08fd9a560b266470bf8ab97fc7c26',914.45,'2024-03-21 21:21:26'),(28,'user28','user28@example.com','3b635d4df2c9ece93b97759531d6ed01',676.39,'2024-03-21 21:21:26'),(29,'user29','user29@example.com','926742e502de7d22686bb1d4a07fe635',638.60,'2024-03-21 21:21:26'),(30,'user30','user30@example.com','3dc94727dbba08bdd21d7b318b410600',163.86,'2024-03-21 21:21:26'),(31,'user31','user31@example.com','0c75f443030c092d82b67ef876fa4e4e',903.48,'2024-03-21 21:21:26'),(32,'user32','user32@example.com','f849618fac31084ff0bafe6f877562e3',25.83,'2024-03-21 21:21:26'),(33,'user33','user33@example.com','d61af90de34e181dcb619fdc9c9f817d',418.69,'2024-03-21 21:21:26'),(34,'user34','user34@example.com','7aa4106f8d30c77db0517e813ace4a3b',15.95,'2024-03-21 21:21:26'),(35,'user35','user35@example.com','48ad74b74844fadd28274afd5c617ccf',823.72,'2024-03-21 21:21:26'),(36,'user36','user36@example.com','8ba4260f47598cece4813a294952f7f3',70.71,'2024-03-21 21:21:26'),(37,'user37','user37@example.com','9ab4b766ba920fca672112a4d81464df',882.42,'2024-03-21 21:21:26'),(38,'user38','user38@example.com','b30628ea30edfe26e7650e7bd89cc8a1',199.94,'2024-03-21 21:21:26'),(39,'user39','user39@example.com','be961c906e3b375dced446d4cf0b6856',352.47,'2024-03-21 21:21:26'),(40,'user40','user40@example.com','831fc3acf61a6ac7f44f73287ece2942',162.53,'2024-03-21 21:21:26'),(41,'user41','user41@example.com','decb7cb773821f0e6486650c6f062be5',755.24,'2024-03-21 21:21:26'),(42,'user42','user42@example.com','b1a6a20d781fde908b1dd9af34deb8ea',288.61,'2024-03-21 21:21:26'),(43,'user43','user43@example.com','a5669b4e80cfb179cdd36be6eeada2cd',177.33,'2024-03-21 21:21:26'),(44,'user44','user44@example.com','9608e3da7f00ffa26507d1aa9a575197',20.80,'2024-03-21 21:21:26'),(45,'user45','user45@example.com','0009fa95022c5c2c1276227121652c60',572.01,'2024-03-21 21:21:26'),(46,'user46','user46@example.com','6ea84fafdeb8b3857abe9410c7144ccb',797.65,'2024-03-21 21:21:26'),(47,'user47','user47@example.com','ea716d443f74ecc54957c884c0d05612',272.24,'2024-03-21 21:21:26'),(48,'user48','user48@example.com','458c7a67e7b9126ae7a9df4b821ea745',968.26,'2024-03-21 21:21:26'),(49,'user49','user49@example.com','0659a802af127843be2e35e0e36c310a',24.57,'2024-03-21 21:21:26'),(50,'user50','user50@example.com','ed645bbf72d0c71176142d93c99942c2',218.08,'2024-03-21 21:21:26'),(51,'user51','user51@example.com','8586019a0e3d6c5db0f8800863d2603e',16.67,'2024-03-21 21:21:26'),(52,'user52','user52@example.com','49c3e7ecd5f259d24e370f40a889cb92',429.13,'2024-03-21 21:21:26'),(53,'user53','user53@example.com','81f18971327649c94d6bcf2f68ed8473',95.64,'2024-03-21 21:21:26'),(54,'user54','user54@example.com','6457fb0868939e24c284ab8ca0b56239',190.80,'2024-03-21 21:21:26'),(55,'user55','user55@example.com','abfe2d56a3ac2f1fd4fd0341ce779ccb',667.07,'2024-03-21 21:21:26'),(56,'user56','user56@example.com','6716686259c296138760bc8ab7913944',762.94,'2024-03-21 21:21:26'),(57,'user57','user57@example.com','1d7924e5e2898d767d0200698acdb888',813.52,'2024-03-21 21:21:26'),(58,'user58','user58@example.com','f93ed9b1d03611edac0ce37ab08621cb',778.76,'2024-03-21 21:21:26'),(59,'user59','user59@example.com','3f4792d772b7147062e148fa9f8c49db',453.27,'2024-03-21 21:21:26'),(60,'user60','user60@example.com','fddad413726c93599a5a08a1b5aeb74b',930.04,'2024-03-21 21:21:26'),(61,'user61','user61@example.com','bc18d252d963ea39a580d12386495f2f',290.38,'2024-03-21 21:21:26'),(62,'user62','user62@example.com','9caf76d2bd5b47a69a07137312d47923',661.79,'2024-03-21 21:21:26'),(63,'user63','user63@example.com','0f6665773debfa134a7d0bdb975c74fb',437.83,'2024-03-21 21:21:26'),(64,'user64','user64@example.com','a720597245f1a1a63f77068d04f4ff1f',203.78,'2024-03-21 21:21:26'),(65,'user65','user65@example.com','3cc973d22efb4e39c7aabc036cec11f8',705.39,'2024-03-21 21:21:26'),(66,'user66','user66@example.com','f8f2c7990ce3701e3fb7562ac4994fb1',915.64,'2024-03-21 21:21:26'),(67,'user67','user67@example.com','dd8112ab5f69dd32d909faf4dcf53323',462.00,'2024-03-21 21:21:26'),(68,'user68','user68@example.com','d8b2f07fb0d8efc5723a1e3211934a84',563.08,'2024-03-21 21:21:26'),(69,'user69','user69@example.com','a30ef8e29768d22d8a27f608420bd396',429.39,'2024-03-21 21:21:26'),(70,'user70','user70@example.com','e480137b6ac15de1bf8786090fb59581',457.72,'2024-03-21 21:21:26'),(71,'user71','user71@example.com','0de113c625a62c02bf56b3aa112160d0',0.42,'2024-03-21 21:21:26'),(72,'user72','user72@example.com','e7e09324e8a8276879dc5addf427f51e',628.96,'2024-03-21 21:21:26'),(73,'user73','user73@example.com','756c922e45e3df3096be0ae4d4f67a58',143.55,'2024-03-21 21:21:26'),(74,'user74','user74@example.com','f27936b3b7632b1c9c13b9951a47275e',830.87,'2024-03-21 21:21:26'),(75,'user75','user75@example.com','b95565458af65ce4173c311b42263e64',723.69,'2024-03-21 21:21:26'),(76,'user76','user76@example.com','edb3a8b557d325f63190505910eed61c',125.86,'2024-03-21 21:21:26'),(77,'user77','user77@example.com','bfcda0370256b0f05a64d5d01f580b86',458.22,'2024-03-21 21:21:26'),(78,'user78','user78@example.com','bc628f2f09462b73e9ef8293da2aa778',913.50,'2024-03-21 21:21:26'),(79,'user79','user79@example.com','9abadf78533203afc384930f33867899',192.86,'2024-03-21 21:21:26'),(80,'user80','user80@example.com','603c7a98001f028cc72749f1f44c3770',223.78,'2024-03-21 21:21:26'),(81,'user81','user81@example.com','67f4e1f304799aac88f49c8a365a66cd',540.31,'2024-03-21 21:21:26'),(82,'user82','user82@example.com','586588e0016017abe4aa599ccdf99595',30.23,'2024-03-21 21:21:26'),(83,'user83','user83@example.com','716fbe22eae6a8f1d647d74a8a9d7a57',530.20,'2024-03-21 21:21:26'),(84,'user84','user84@example.com','3e6f4c45b85be86d1334ed3b395a478a',560.32,'2024-03-21 21:21:26'),(85,'user85','user85@example.com','3ba6b79859b059d8aacd96eec508227a',211.01,'2024-03-21 21:21:26'),(86,'user86','user86@example.com','1f6c2b1428ab61c6e83c8c93f2c1d9d5',374.07,'2024-03-21 21:21:26'),(87,'user87','user87@example.com','836f0915a9c8eba7fd2ff45c03e76bba',237.33,'2024-03-21 21:21:26'),(88,'user88','user88@example.com','ec92d00d7c130df82512548cbc2b4701',64.43,'2024-03-21 21:21:26'),(89,'user89','user89@example.com','2bea2a2eac84e370ce3e3101cd7b668e',610.18,'2024-03-21 21:21:26'),(90,'user90','user90@example.com','d579ba0fe35141ae95b0e380673be804',857.59,'2024-03-21 21:21:26'),(91,'user91','user91@example.com','e594830c63949b307c3f075b2162521c',457.44,'2024-03-21 21:21:26'),(92,'user92','user92@example.com','c4deb5b86118ac981e8c24b0e551f1ec',714.41,'2024-03-21 21:21:26'),(93,'user93','user93@example.com','0e7edf18645ad2b1bcff4bc782cbe024',199.73,'2024-03-21 21:21:26'),(94,'user94','user94@example.com','5bc2de8c4680ecea6f1063698e8e4641',855.41,'2024-03-21 21:21:26'),(95,'user95','user95@example.com','9e6c19a40c8e6535c09abf6a4e886ff1',677.85,'2024-03-21 21:21:26'),(96,'user96','user96@example.com','b64093964d277ba6415719648594ef3a',823.03,'2024-03-21 21:21:26'),(97,'user97','user97@example.com','f3741005be37fafae823f5bf76dcd527',81.59,'2024-03-21 21:21:26'),(98,'user98','user98@example.com','d2f6928fbf6463480d42ebbf5028e573',938.89,'2024-03-21 21:21:26'),(99,'user99','user99@example.com','2484b2d1aec71de2ca87f88af401a6af',449.66,'2024-03-21 21:21:26'),(100,'user100','user100@example.com','0ed542b815a0d4b0c457ad9def1a21d2',431.62,'2024-03-21 21:21:26'),(101,'user101','user101@example.com','2804df10cfd85d566a0fbb8d71f760b0',809.13,'2024-03-21 21:21:26'),(102,'user102','user102@example.com','6b37d1ec969838d29cb611deaff50a6b',750.78,'2024-03-21 21:21:26'),(103,'user103','user103@example.com','c99f6758db3841cc311bb858bc46c273',326.54,'2024-03-21 21:21:26'),(104,'user104','user104@example.com','86e2e09ac77208621d1e5b0b870e9181',380.33,'2024-03-21 21:21:26'),(105,'user105','user105@example.com','8b811004869c0d33256eec2df927bb48',922.05,'2024-03-21 21:21:26'),(106,'user106','user106@example.com','83371a42b4e43cb6f11798c561c6096a',469.24,'2024-03-21 21:21:26'),(107,'user107','user107@example.com','4eff325ef64f530dbfbbdb0e161b0fb3',580.05,'2024-03-21 21:21:26'),(108,'user108','user108@example.com','698f7d405956b0c09b3ef547996d33b7',492.52,'2024-03-21 21:21:26'),(109,'user109','user109@example.com','d89d5b83134cc33d728f41003d1936dc',722.45,'2024-03-21 21:21:26'),(110,'user110','user110@example.com','15e749cf8eb308259d116dbabc4836ea',134.70,'2024-03-21 21:21:26'),(111,'user111','user111@example.com','db3fc40e6439d4d972870252ccc72f62',506.13,'2024-03-21 21:21:26'),(112,'user112','user112@example.com','eb7284ca79621ba3dda558d0f7bf0b1f',126.57,'2024-03-21 21:21:26'),(113,'user113','user113@example.com','d5aaf5d6775acaf901e880f5de2be31e',114.46,'2024-03-21 21:21:26'),(114,'user114','user114@example.com','9f60f1ef3d9e0449b56d961b3d486e45',192.59,'2024-03-21 21:21:26'),(115,'user115','user115@example.com','cfb20976542b1fc5b82e229974b48934',619.55,'2024-03-21 21:21:26'),(116,'user116','user116@example.com','54f1755c6d15e50d92b4ed7cbc4a3548',520.00,'2024-03-21 21:21:26'),(117,'user117','user117@example.com','8d95c691a0c689be28f4c25fe205f7af',741.36,'2024-03-21 21:21:26'),(118,'user118','user118@example.com','8f048dfd0604c5b87d1dc07e0410429c',146.77,'2024-03-21 21:21:26'),(119,'user119','user119@example.com','90ca8c40898049bbe01aed406e595c8b',509.78,'2024-03-21 21:21:26'),(120,'user120','user120@example.com','c833a3a1b9888148025b1238aaf26527',108.58,'2024-03-21 21:21:26'),(121,'user121','user121@example.com','fe4f21f2df1109ac45a1ec89e42fe710',13.56,'2024-03-21 21:21:26'),(122,'user122','user122@example.com','e3acc4acae42dc81a91561af6a971d11',742.06,'2024-03-21 21:21:26'),(123,'user123','user123@example.com','482c811da5d5b4bc6d497ffa98491e38',669.61,'2024-03-21 21:21:26'),(124,'user124','user124@example.com','e28a09fe9d8ded87ea3a909ffc35cc45',121.88,'2024-03-21 21:21:26'),(125,'user125','user125@example.com','517f1f6f05a73af655fe722e51875dd0',600.55,'2024-03-21 21:21:26'),(126,'user126','user126@example.com','3989cb0e1fbcc6c55ec173818068f792',637.14,'2024-03-21 21:21:26'),(127,'user127','user127@example.com','e14a0780847cc66e269920ae677b671d',384.06,'2024-03-21 21:21:26'),(128,'user128','user128@example.com','39d77dfcaa9e339e242ef167e9e6dfc9',8.86,'2024-03-21 21:21:26'),(129,'user129','user129@example.com','4c148b6b5797433dab2b0f4efb530a91',892.14,'2024-03-21 21:21:26'),(130,'user130','user130@example.com','b3af4edf19c68bb3769ca791cf7c6214',434.10,'2024-03-21 21:21:26'),(131,'user131','user131@example.com','19b955d6fdb85b4dc95a8f2d3ab6eff0',494.09,'2024-03-21 21:21:26'),(132,'user132','user132@example.com','fafda651eaee8e1453edd6ac90b3adec',168.14,'2024-03-21 21:21:26'),(133,'user133','user133@example.com','f794ebdb27d00b84fec6c31cc5855131',358.45,'2024-03-21 21:21:26'),(134,'user134','user134@example.com','b7bd041996d0b67003ba2995ad02b04b',287.82,'2024-03-21 21:21:26'),(135,'user135','user135@example.com','c96191581ab1552ca48649f76690a719',363.76,'2024-03-21 21:21:26'),(136,'user136','user136@example.com','8b955148a51a3b91de06586bae2c3feb',955.33,'2024-03-21 21:21:26'),(137,'user137','user137@example.com','454940e5d08e703f7242a2265082b221',685.39,'2024-03-21 21:21:26'),(138,'user138','user138@example.com','0bbb61d8bc32c1ef076714b002a609c3',560.96,'2024-03-21 21:21:26'),(139,'user139','user139@example.com','41970febb09251f8abcb950412f0cdb6',748.61,'2024-03-21 21:21:26'),(140,'user140','user140@example.com','88d518a15e9793516ee0ab9e4ed0bc09',60.17,'2024-03-21 21:21:26'),(141,'user141','user141@example.com','e2aea1bb118c28f22935d52033e762bd',55.04,'2024-03-21 21:21:26'),(142,'user142','user142@example.com','7535b2ba112346160c83f243ad0e0125',94.70,'2024-03-21 21:21:26'),(143,'user143','user143@example.com','d7b0642c8167f7a37d8aaa5820203b0d',308.37,'2024-03-21 21:21:26'),(144,'user144','user144@example.com','de7f8054cfac06bad4bacf1da8f43322',257.73,'2024-03-21 21:21:26'),(145,'user145','user145@example.com','3e318de8555bc44b635d0ace76e01420',363.54,'2024-03-21 21:21:26'),(146,'user146','user146@example.com','6390462745a49ec64b4613388639011b',44.52,'2024-03-21 21:21:26'),(147,'user147','user147@example.com','19e82dd6edde3bdcc3081b4babb3e3be',131.97,'2024-03-21 21:21:26'),(148,'user148','user148@example.com','86aa5035c42fdd153b63fccf5c2c7c6d',526.32,'2024-03-21 21:21:26'),(149,'user149','user149@example.com','4ee267e2079f3592c9ed7478ebc5eaa3',235.66,'2024-03-21 21:21:26'),(150,'user150','user150@example.com','021f0e0d935f43e079ec05d663a8f1df',599.33,'2024-03-21 21:21:26'),(151,'user151','user151@example.com','1bdae6b016e3dc9db0cde681a19bf3ff',289.68,'2024-03-21 21:21:26'),(152,'user152','user152@example.com','86b12d7441d71e03ec821e5a3f68141e',650.40,'2024-03-21 21:21:26'),(153,'user153','user153@example.com','3252ac7e65282d373e3aba432ee53870',382.96,'2024-03-21 21:21:26'),(154,'user154','user154@example.com','55800e72dad1f263288c53688b8c2a96',963.60,'2024-03-21 21:21:26'),(155,'user155','user155@example.com','479cd2eb68a499a841755f15a7f28e85',669.11,'2024-03-21 21:21:26'),(156,'user156','user156@example.com','2cddb318cde6a9b77dde9802d5d71617',454.78,'2024-03-21 21:21:26'),(157,'user157','user157@example.com','ca11bc0ef5c3a663cfd441988ed249a0',266.55,'2024-03-21 21:21:26'),(158,'user158','user158@example.com','80d253d29330f78448c6efbbb1035dfe',968.42,'2024-03-21 21:21:26'),(159,'user159','user159@example.com','775ec8620c3ddb0f18d8cb1a44ce7272',42.46,'2024-03-21 21:21:26'),(160,'user160','user160@example.com','175da3c16e014c7118c6db58d5d23d15',307.04,'2024-03-21 21:21:26'),(161,'user161','user161@example.com','546ccb08588a64a7bec9ae4cf1e3f58c',407.82,'2024-03-21 21:21:26'),(162,'user162','user162@example.com','dd8bdc72e672fe7df389cdca208c6a3c',117.97,'2024-03-21 21:21:26'),(163,'user163','user163@example.com','8df656787c4a0b08221dfb4c9e69f077',366.39,'2024-03-21 21:21:26'),(164,'user164','user164@example.com','da859adbcccd96d03c337112cc35f817',478.06,'2024-03-21 21:21:26'),(165,'user165','user165@example.com','929bf86de28914dbfb07062c32400c73',291.11,'2024-03-21 21:21:26'),(166,'user166','user166@example.com','91d8f7c813f0cf54c569697293579275',21.38,'2024-03-21 21:21:26'),(167,'user167','user167@example.com','0a31283ea4d2d396c6bbb53a04507576',233.57,'2024-03-21 21:21:26'),(168,'user168','user168@example.com','9b95f15d9fb30035375f2678001c5ac1',103.71,'2024-03-21 21:21:26'),(169,'user169','user169@example.com','fc4a805641f833ee1f0c4e46da277928',817.84,'2024-03-21 21:21:26'),(170,'user170','user170@example.com','e80e38d3b71f3098acbf6b132604eba8',778.09,'2024-03-21 21:21:26'),(171,'user171','user171@example.com','5d0cf735c942a8b9febc5064be9a9315',436.90,'2024-03-21 21:21:26'),(172,'user172','user172@example.com','871486fb6a38fdd991deeacb8dfa7c96',850.24,'2024-03-21 21:21:26'),(173,'user173','user173@example.com','0e8ca04c4ae85164f519110b9cc4c3d7',940.48,'2024-03-21 21:21:26'),(174,'user174','user174@example.com','9fece8aabcbef3c5c1a2e889e7d06953',151.70,'2024-03-21 21:21:26'),(175,'user175','user175@example.com','202ebeca7dbe5cb3b502be33ca17b2ba',937.05,'2024-03-21 21:21:26'),(176,'user176','user176@example.com','a83888603ed317e87c8209743a76729a',230.14,'2024-03-21 21:21:26'),(177,'user177','user177@example.com','d0a7c056c0e6b1ceb001b5d717709be2',339.57,'2024-03-21 21:21:26'),(178,'user178','user178@example.com','3ff1ae6dc30ff09de812b1bfd9247a15',7.44,'2024-03-21 21:21:26'),(179,'user179','user179@example.com','61711033081db9beffa76d5cceda091c',18.49,'2024-03-21 21:21:26'),(180,'user180','user180@example.com','b4637b44c826895156d4386be38ff263',70.10,'2024-03-21 21:21:26'),(181,'user181','user181@example.com','b4309e127f158fbbee9edbd52f8c78d6',295.06,'2024-03-21 21:21:26'),(182,'user182','user182@example.com','b567546c96853ba41d3da5e70fbd3c6f',264.97,'2024-03-21 21:21:26'),(183,'user183','user183@example.com','07eb0578d2841e2d9dad093981b71cf3',439.68,'2024-03-21 21:21:26'),(184,'user184','user184@example.com','185782281d586b8cc41854124abe139f',403.51,'2024-03-21 21:21:26'),(185,'user185','user185@example.com','20071f7ee7e8750dae5387fa6600e8a5',698.50,'2024-03-21 21:21:26'),(186,'user186','user186@example.com','284e128d72c25b0a3c95f2d6e8969e44',281.95,'2024-03-21 21:21:26'),(187,'user187','user187@example.com','f8b79d364a1575694c07606e34654874',314.27,'2024-03-21 21:21:26'),(188,'user188','user188@example.com','58285f09abeb9792e494a77ad6bf473a',725.50,'2024-03-21 21:21:26'),(189,'user189','user189@example.com','41fec62651852b2b45e56329a71e7de5',684.68,'2024-03-21 21:21:26'),(190,'user190','user190@example.com','32cbd0272b276a44a406817cce568347',246.92,'2024-03-21 21:21:26'),(191,'user191','user191@example.com','0e00425eddb49db01a43673bb28a962e',180.56,'2024-03-21 21:21:26'),(192,'user192','user192@example.com','8ba2e9749a4f2096bdfabb8f683cc26d',162.04,'2024-03-21 21:21:26'),(193,'user193','user193@example.com','36f3e15fcf5541e9608da59e7a22ceaf',268.54,'2024-03-21 21:21:26'),(194,'user194','user194@example.com','5f0b6b8c95674f03163a896bcc460c93',856.54,'2024-03-21 21:21:26'),(195,'user195','user195@example.com','0f40bcef0a703cb88a2fa815db1e30a5',477.10,'2024-03-21 21:21:26'),(196,'user196','user196@example.com','13554723f52e6d36f9a42e289c53dd40',815.89,'2024-03-21 21:21:26'),(197,'user197','user197@example.com','36bdd2526830228c44dddf049abc525b',648.12,'2024-03-21 21:21:26'),(198,'user198','user198@example.com','f2bf1303189f87093104531593a34419',792.95,'2024-03-21 21:21:26'),(199,'user199','user199@example.com','e2c0db92fc2ad2f5346eef5d0c42348a',20.38,'2024-03-21 21:21:26'),(200,'user200','user200@example.com','ab7ade7cb97b3e2e94d3a6ac9f846dfa',723.04,'2024-03-21 21:21:26'),(201,'user201','user201@example.com','260b036201f861892c7c5b888a73241a',554.08,'2024-03-21 21:21:26'),(202,'user202','user202@example.com','31a9b6655d6e6a9a7777286141035904',601.29,'2024-03-21 21:21:26'),(203,'user203','user203@example.com','8992e9e42d417ca56b561daa5d2f3aea',344.18,'2024-03-21 21:21:26'),(204,'user204','user204@example.com','10c9c88e349c2bb63f6d03c42b358f2b',917.05,'2024-03-21 21:21:26'),(205,'user205','user205@example.com','46851f949f38145161a6dc0cfec1bf54',552.70,'2024-03-21 21:21:26'),(206,'user206','user206@example.com','a8f8f805d55030b4cca0482df0849f7b',12.35,'2024-03-21 21:21:26'),(207,'user207','user207@example.com','db48f15254eab8fd539b7b3655cf73df',403.64,'2024-03-21 21:21:26'),(208,'user208','user208@example.com','3cf0cf13a64f891bebb25687e691fbd2',981.18,'2024-03-21 21:21:26'),(209,'user209','user209@example.com','74971013e268f0deb909d4472e04a0c1',694.95,'2024-03-21 21:21:26'),(210,'user210','user210@example.com','060bbadb21edb830ea3f0a7963de2065',531.21,'2024-03-21 21:21:26'),(211,'user211','user211@example.com','8e459c3141072a50489b66a7a667c443',571.22,'2024-03-21 21:21:26'),(212,'user212','user212@example.com','881e39bc84c1641e77e696d1681e3eaa',262.46,'2024-03-21 21:21:26'),(213,'user213','user213@example.com','e169958fb9540fa594e06874e51671e4',598.63,'2024-03-21 21:21:26'),(214,'user214','user214@example.com','a5abfed1eaef180b0990cc6c250ac56b',205.77,'2024-03-21 21:21:26'),(215,'user215','user215@example.com','716854a4a1487a9c68836c19ce3a5b31',232.98,'2024-03-21 21:21:26'),(216,'user216','user216@example.com','055002ea7ebea8e4bfca172606232407',547.60,'2024-03-21 21:21:26'),(217,'user217','user217@example.com','b5a36898754b404d668b810504dc656f',39.03,'2024-03-21 21:21:26'),(218,'user218','user218@example.com','4fbf6865fb732f30e51b91e3890fb225',552.35,'2024-03-21 21:21:26'),(219,'user219','user219@example.com','10984ff4aadf263ab0ab05f0b3708214',644.65,'2024-03-21 21:21:26'),(220,'user220','user220@example.com','d2ae6267650ae285855c5292d8017d85',566.22,'2024-03-21 21:21:26'),(221,'user221','user221@example.com','9b9a061e43cd7ca49fe99a9746d56c23',897.13,'2024-03-21 21:21:26'),(222,'user222','user222@example.com','241190129fd7bab5b857c600dac6e2c5',787.00,'2024-03-21 21:21:26'),(223,'user223','user223@example.com','1217682a812f25ed79f08056b0d26050',243.63,'2024-03-21 21:21:26'),(224,'user224','user224@example.com','bccb656db81abe54b0227a29b74b9c47',857.14,'2024-03-21 21:21:26'),(225,'user225','user225@example.com','d9a60ccaadd3f1c24d0cbacf23f15b98',554.81,'2024-03-21 21:21:26'),(226,'user226','user226@example.com','61e90f91bac927c5b5a73f5ad0aadf7e',202.64,'2024-03-21 21:21:26'),(227,'user227','user227@example.com','44e012c0ba3761e889593666eaacb3da',348.77,'2024-03-21 21:21:26'),(228,'user228','user228@example.com','edb37a2f92dcb5ebeae98c77e19c840c',135.91,'2024-03-21 21:21:26'),(229,'user229','user229@example.com','2485409311c2e15619ea484bcd6f408f',633.26,'2024-03-21 21:21:26'),(230,'user230','user230@example.com','e9e7ed552da26dc929d01cbd69a3b853',758.55,'2024-03-21 21:21:26'),(231,'user231','user231@example.com','77423595e487b61093895b4a538819e3',892.96,'2024-03-21 21:21:26'),(232,'user232','user232@example.com','15c506792b37c47b880ab1506452cc00',189.18,'2024-03-21 21:21:26'),(233,'user233','user233@example.com','dd9757e28508b805baa4e077fc78cec4',267.01,'2024-03-21 21:21:26'),(234,'user234','user234@example.com','a21992c8f0aca8b8961b06c8e30eff6c',767.50,'2024-03-21 21:21:26'),(235,'user235','user235@example.com','3560a1cf168c880af61c132cdcc84946',36.48,'2024-03-21 21:21:26'),(236,'user236','user236@example.com','59dc2daab8171d9b7336087b20136109',879.91,'2024-03-21 21:21:26'),(237,'user237','user237@example.com','ebba9846900d6b014a9c47d3d869e3e5',290.12,'2024-03-21 21:21:26'),(238,'user238','user238@example.com','3060e6c09dfa5fda37c758b3416850c9',810.85,'2024-03-21 21:21:26'),(239,'user239','user239@example.com','72032e74a4730666b14ebfc3b8d6a84e',183.90,'2024-03-21 21:21:26'),(240,'user240','user240@example.com','a403841bd5d066a04d8ec02796304c25',486.94,'2024-03-21 21:21:26'),(241,'user241','user241@example.com','c3cf464075ee0cb18a985d00fbb8b79e',883.01,'2024-03-21 21:21:26'),(242,'user242','user242@example.com','c558f396cb6a78dbb6cf8901212af7ce',954.21,'2024-03-21 21:21:26'),(243,'user243','user243@example.com','de2f3dbcc4a4735d803d676840595a50',122.02,'2024-03-21 21:21:26'),(244,'user244','user244@example.com','578c2e6691b3b5fa05c4c600ff42c81f',747.50,'2024-03-21 21:21:26'),(245,'user245','user245@example.com','e2be63b5c203447f9cfeaa0c66926ee4',371.41,'2024-03-21 21:21:26'),(246,'user246','user246@example.com','848b800653fd60ece1e9f65c33f14b6b',614.55,'2024-03-21 21:21:26'),(247,'user247','user247@example.com','50d3c109e8bc2c1f56100ad5394938d9',958.53,'2024-03-21 21:21:26'),(248,'user248','user248@example.com','6d22f88e7b35ad701c2146a637214be1',949.02,'2024-03-21 21:21:26'),(249,'user249','user249@example.com','6b0fdcd9d4bcb53460fab44981e61e35',869.49,'2024-03-21 21:21:26'),(250,'user250','user250@example.com','01d2fdcf172957a62a11745207ce7c8a',500.40,'2024-03-21 21:21:26'),(251,'user251','user251@example.com','7fb026cf2b602b6ad5d4275c7cdeaa19',893.52,'2024-03-21 21:21:26'),(252,'user252','user252@example.com','29770c46b4fa54579dc4bcb6868bbdd8',966.38,'2024-03-21 21:21:26'),(253,'user253','user253@example.com','620bd437e7ad6cde7ec9c123aec3cc30',151.38,'2024-03-21 21:21:26'),(254,'user254','user254@example.com','bd9266a49f80a0a9601b8199d4a5fe0c',857.72,'2024-03-21 21:21:26'),(255,'user255','user255@example.com','bc8708274dc6f205176b3698f381c3ca',834.49,'2024-03-21 21:21:26'),(256,'user256','user256@example.com','e2d65eba9996cdc17637fb494a061336',599.29,'2024-03-21 21:21:26'),(257,'user257','user257@example.com','fb2658784c7b92a1bf28ffda23a1cd4f',492.99,'2024-03-21 21:21:26'),(258,'user258','user258@example.com','e3006ece3efd21ca79c543ff7ad269e2',667.07,'2024-03-21 21:21:26'),(259,'user259','user259@example.com','77331e3916dedb5048c0c10ad7aa3d52',856.36,'2024-03-21 21:21:26'),(260,'user260','user260@example.com','d8cf259ad61cccd71f6cc4c6c95a843a',280.61,'2024-03-21 21:21:26'),(261,'user261','user261@example.com','88bdc6f8bc4edd49c0b5dd22a8f26565',833.95,'2024-03-21 21:21:26'),(262,'user262','user262@example.com','949738c929e9a774b911398d397f9f61',327.95,'2024-03-21 21:21:26'),(263,'user263','user263@example.com','05d90e239f305347350b4351eb49710c',137.87,'2024-03-21 21:21:26'),(264,'user264','user264@example.com','dc1751e86c8ba53bd259e5de047bff03',705.50,'2024-03-21 21:21:26'),(265,'user265','user265@example.com','a9aa49d4656258d7b987fffa4b74992b',113.89,'2024-03-21 21:21:26'),(266,'user266','user266@example.com','fc93c61822fca792ba121ebd4ae8a343',452.96,'2024-03-21 21:21:26'),(267,'user267','user267@example.com','999b5502111c5c16af9d50d7a4dd2bd9',923.12,'2024-03-21 21:21:26'),(268,'user268','user268@example.com','c907ddfc1ea390093fb39179fa8f0791',256.74,'2024-03-21 21:21:26'),(269,'user269','user269@example.com','d6f7ac6548a93701a5205fe5ea5c9596',514.32,'2024-03-21 21:21:26'),(270,'user270','user270@example.com','701b5782fb39d441d287746e89b1fd4b',801.39,'2024-03-21 21:21:26'),(271,'user271','user271@example.com','927bd2736452163b8dfc45c70b0ce73e',463.97,'2024-03-21 21:21:26'),(272,'user272','user272@example.com','806c1cf27902062b394897ef40215bbf',915.71,'2024-03-21 21:21:26'),(273,'user273','user273@example.com','58600ff63a0eafe3a101054bb87300b0',186.64,'2024-03-21 21:21:26'),(274,'user274','user274@example.com','b6bfa1205bcb078859740f1aba6923b3',186.06,'2024-03-21 21:21:26'),(275,'user275','user275@example.com','a1365856887925611ec1a0d1a1f418e5',370.38,'2024-03-21 21:21:26'),(276,'user276','user276@example.com','efa8384f8a0e90c496d5b2b5f24c8366',293.70,'2024-03-21 21:21:26'),(277,'user277','user277@example.com','d9a7ccd2c8768689d46037ec800ecd3f',357.39,'2024-03-21 21:21:26'),(278,'user278','user278@example.com','c943c699893e0f71f45eacf0e76096f1',905.84,'2024-03-21 21:21:26'),(279,'user279','user279@example.com','2cdaa527dc8185677ece862613360002',457.03,'2024-03-21 21:21:26'),(280,'user280','user280@example.com','a9c72d9397a46391f976f415294c3776',567.65,'2024-03-21 21:21:26'),(281,'user281','user281@example.com','34d8f8648eee8a8726ddd4a4bcecd304',467.13,'2024-03-21 21:21:26'),(282,'user282','user282@example.com','ba23dbbc8385bf99a35529931f82c78f',632.73,'2024-03-21 21:21:26'),(283,'user283','user283@example.com','82aaffe107be4a87c9bd8274eac19b07',762.24,'2024-03-21 21:21:26'),(284,'user284','user284@example.com','7f75ce2cef9edd6b493fe23bb3cc7e03',913.04,'2024-03-21 21:21:26'),(285,'user285','user285@example.com','910d3519d33c8b52ef0fcbaeb55858c0',278.45,'2024-03-21 21:21:26'),(286,'user286','user286@example.com','dc84da0c215a53a0b655f8e827378619',653.12,'2024-03-21 21:21:26'),(287,'user287','user287@example.com','bec5a74f3aa857469e5c2f13d4438102',430.26,'2024-03-21 21:21:26'),(288,'user288','user288@example.com','672e209126867491f1e013302281ec5b',191.92,'2024-03-21 21:21:26'),(289,'user289','user289@example.com','0fb8945312050263a02b268acb3db5d3',668.84,'2024-03-21 21:21:26'),(290,'user290','user290@example.com','58b3693e7b044ecb8fb4fe114ca1700c',768.45,'2024-03-21 21:21:26'),(291,'user291','user291@example.com','0eef50caf6878eca9bbbf8b6946c46ef',835.73,'2024-03-21 21:21:26'),(292,'user292','user292@example.com','f15d5d0bf52fd36d56c6c6dbff926f24',873.31,'2024-03-21 21:21:26'),(293,'user293','user293@example.com','5849d359c59048290c535783af5b98f9',859.35,'2024-03-21 21:21:26'),(294,'user294','user294@example.com','f37c68b3eb2ef78a4c0877483c414117',676.84,'2024-03-21 21:21:26'),(295,'user295','user295@example.com','de49bbbd9d1d8efcca3e240eb6e3febd',806.12,'2024-03-21 21:21:26'),(296,'user296','user296@example.com','412ea47d384a3f888dc60cf2fb09ac8c',0.10,'2024-03-21 21:21:26'),(297,'user297','user297@example.com','6f63757476312381a0842b1b3b365a3f',582.14,'2024-03-21 21:21:26'),(298,'user298','user298@example.com','2dfc1e951e9d999ac40abff8817eb1d2',910.40,'2024-03-21 21:21:26'),(299,'user299','user299@example.com','0758f0f19c054f71cd261962eed5e8ff',805.56,'2024-03-21 21:21:26'),(300,'user300','user300@example.com','b5e3f54d115ad17cc58a3135ba84f76e',296.62,'2024-03-21 21:21:26'),(301,'user301','user301@example.com','937e15f914dc57fc45e3b55a7676d957',66.42,'2024-03-21 21:21:26'),(302,'user302','user302@example.com','1b210c98028df4fbf8e6e09861ad63b8',442.25,'2024-03-21 21:21:26'),(303,'user303','user303@example.com','724addb829da5b341ac094ef91d1ba5f',11.97,'2024-03-21 21:21:26'),(304,'user304','user304@example.com','87b82b2623a1a020884a82a71c24a745',733.13,'2024-03-21 21:21:26'),(305,'user305','user305@example.com','7cdf9a8a78dc77f5dafbf7f13d69cef8',629.71,'2024-03-21 21:21:26'),(306,'user306','user306@example.com','3154bf8475542d6ce77d56ee01912d29',949.17,'2024-03-21 21:21:26'),(307,'user307','user307@example.com','d95265bcd2a6dc699e1d7b02d2033fa7',856.71,'2024-03-21 21:21:26'),(308,'user308','user308@example.com','8ba2a18c4cecdd152df68adc7633a298',436.03,'2024-03-21 21:21:26'),(309,'user309','user309@example.com','71d8dbd265cdeb38b42af74852776461',610.02,'2024-03-21 21:21:26'),(310,'user310','user310@example.com','f6106a981128cecfc4b3aa8cb4a581ee',742.01,'2024-03-21 21:21:26'),(311,'user311','user311@example.com','b4a61d6ad2445f90222d493f18622aba',880.00,'2024-03-21 21:21:26'),(312,'user312','user312@example.com','17b07aac76b52528a0583d7bd7d320ca',173.98,'2024-03-21 21:21:26'),(313,'user313','user313@example.com','d3dd860b18b4550137c6bf170716167c',229.87,'2024-03-21 21:21:26'),(314,'user314','user314@example.com','280ca13bb3d248de378b9f4790ca85a7',627.44,'2024-03-21 21:21:26'),(315,'user315','user315@example.com','c334d48c3b9150d40276d53632c0bb6f',447.58,'2024-03-21 21:21:26'),(316,'user316','user316@example.com','0a631680291a2fd21e4bffcf803fdbd5',355.59,'2024-03-21 21:21:26'),(317,'user317','user317@example.com','3ec7e5356a5942787e7899a65038e51c',435.19,'2024-03-21 21:21:26'),(318,'user318','user318@example.com','4e94637999692207faae488bbe787b95',109.19,'2024-03-21 21:21:26'),(319,'user319','user319@example.com','30efdb8a5bae1bc571970a1cb01b1370',240.38,'2024-03-21 21:21:26'),(320,'user320','user320@example.com','467618ed8cd438e87a4a9d20fd5d3fb9',874.35,'2024-03-21 21:21:26'),(321,'user321','user321@example.com','db6ae64dfa9e78039db6df5b8edbc38c',650.59,'2024-03-21 21:21:26'),(322,'user322','user322@example.com','b91ceaccd8910ce2734ed6c8a8ead08a',629.91,'2024-03-21 21:21:26'),(323,'user323','user323@example.com','41e03a8a95d406d7c46a31b03722d361',197.78,'2024-03-21 21:21:26'),(324,'user324','user324@example.com','877b56c8fceab4ffe0b96ec8bebcfe30',99.18,'2024-03-21 21:21:26'),(325,'user325','user325@example.com','9748df1d267d3e2c5d9eedef1f137c31',902.55,'2024-03-21 21:21:26'),(326,'user326','user326@example.com','6c1754d3945913dcadca59108bbecf86',215.20,'2024-03-21 21:21:26'),(327,'user327','user327@example.com','c95c607d0a71f0618e157285fca406a2',368.35,'2024-03-21 21:21:26'),(328,'user328','user328@example.com','154887af17076142e62754d1accba2d9',196.15,'2024-03-21 21:21:26'),(329,'user329','user329@example.com','282e824b1ad6ae1bdbdc4e50cc67844d',875.69,'2024-03-21 21:21:26'),(330,'user330','user330@example.com','99775fd0c7a456fed1169479f20f304d',790.00,'2024-03-21 21:21:26'),(331,'user331','user331@example.com','d02b6fca8fcd1a0bf47e83934b9a0cf8',322.92,'2024-03-21 21:21:26'),(332,'user332','user332@example.com','e867e4b5a25bc0997358dc82bcca08d3',244.59,'2024-03-21 21:21:26'),(333,'user333','user333@example.com','7c8a7c5f8338b02d82840d64e23e47e6',254.21,'2024-03-21 21:21:26'),(334,'user334','user334@example.com','1f8759f5cc749b5263d7f69cf1c9ae60',537.28,'2024-03-21 21:21:26'),(335,'user335','user335@example.com','59bbab3ac3e90567b356f36f3fb59ce8',923.75,'2024-03-21 21:21:26'),(336,'user336','user336@example.com','b0f62134cb1625fcbd7d7c1b60daa9cb',6.94,'2024-03-21 21:21:26'),(337,'user337','user337@example.com','fc7b384b40b40fe7aeb7f91d2af3aa99',263.44,'2024-03-21 21:21:26'),(338,'user338','user338@example.com','8d66c9278973b6ea33f3d8dc119d8ddf',296.36,'2024-03-21 21:21:26'),(339,'user339','user339@example.com','dd7475e04c77c95137af695ac05b6e9a',691.48,'2024-03-21 21:21:26'),(340,'user340','user340@example.com','388514316c2ec9a04cbcdea7b1c87cf5',568.35,'2024-03-21 21:21:26'),(341,'user341','user341@example.com','677c09b672b59e56a19de3098e9e4848',767.29,'2024-03-21 21:21:26'),(342,'user342','user342@example.com','3cc5d867151138c896e5b95dbe9ef252',131.42,'2024-03-21 21:21:26'),(343,'user343','user343@example.com','ba68ef3d418e61378914b338a78287c7',355.24,'2024-03-21 21:21:26'),(344,'user344','user344@example.com','c0ab483c6ac9888b113aa4a4c0a37f83',381.92,'2024-03-21 21:21:26'),(345,'user345','user345@example.com','b29d2953c56077a5ef8b2ad193ec240f',843.90,'2024-03-21 21:21:26'),(346,'user346','user346@example.com','c5e5c3aa84fb03ed05603cffb61bcc72',73.73,'2024-03-21 21:21:26'),(347,'user347','user347@example.com','5bf824821ca943c5d49ed47c8a3205bf',836.94,'2024-03-21 21:21:26'),(348,'user348','user348@example.com','b0a2882ae4f6e1f0e1bc87948af7026c',963.52,'2024-03-21 21:21:26'),(349,'user349','user349@example.com','6043f67f6e00cdc148f41fb302b5fc29',306.76,'2024-03-21 21:21:26'),(350,'user350','user350@example.com','28d88765f4f8f7bd7e68c170e9c13514',643.26,'2024-03-21 21:21:26'),(351,'user351','user351@example.com','8c1ee9f975ff77c7a07103d78fe8a55b',296.00,'2024-03-21 21:21:26'),(352,'user352','user352@example.com','eb24d32a872f13dbac0c7f898dd2f8db',550.25,'2024-03-21 21:21:26'),(353,'user353','user353@example.com','fb8fb5fddc7dc97f5cbee80f2052ec56',863.24,'2024-03-21 21:21:26'),(354,'user354','user354@example.com','6dae46591192a45eedecbb203b612700',665.46,'2024-03-21 21:21:26'),(355,'user355','user355@example.com','08b916d21be552ed4a7fdfe59a4855f1',737.56,'2024-03-21 21:21:26'),(356,'user356','user356@example.com','005c7c37cfd937153bacb7c696a862ed',691.45,'2024-03-21 21:21:26'),(357,'user357','user357@example.com','d2f80ec31556abb0ec0532cfc023c74d',244.54,'2024-03-21 21:21:26'),(358,'user358','user358@example.com','f7e03b542f13205a916408b3e83bc5bb',148.35,'2024-03-21 21:21:26'),(359,'user359','user359@example.com','06293101118d9d896d4e1b9cc3382953',8.15,'2024-03-21 21:21:26'),(360,'user360','user360@example.com','79fa108180bc464f26874f8194eb222b',595.71,'2024-03-21 21:21:26'),(361,'user361','user361@example.com','8cbf8d2492da43b9c2afc958b1df1e0b',954.10,'2024-03-21 21:21:26'),(362,'user362','user362@example.com','0bd85f96bb1617613c518cd19618191c',983.35,'2024-03-21 21:21:26'),(363,'user363','user363@example.com','f91ec2e79fcac42e89da7ce60ffdef6d',54.44,'2024-03-21 21:21:26'),(364,'user364','user364@example.com','9dbb6b4e141220a5f601c4795834396f',322.16,'2024-03-21 21:21:26'),(365,'user365','user365@example.com','2c733d7d3ab1493c1773d242afe708e1',447.47,'2024-03-21 21:21:26'),(366,'user366','user366@example.com','72459eaa8d41b95bd79e2355431b2a7d',270.86,'2024-03-21 21:21:26'),(367,'user367','user367@example.com','db5d6c0d3f259699b662e2f2ffc6c106',11.91,'2024-03-21 21:21:26'),(368,'user368','user368@example.com','22ca0596c30b8074118428f02ecf4103',246.98,'2024-03-21 21:21:26'),(369,'user369','user369@example.com','5441090c9e47d31520a4f2878bcbe2f0',199.15,'2024-03-21 21:21:26'),(370,'user370','user370@example.com','2848125bfb7ea518c64904e23392b20a',254.82,'2024-03-21 21:21:26'),(371,'user371','user371@example.com','c18e5c32e4f31327766a1422499b2b99',676.63,'2024-03-21 21:21:26'),(372,'user372','user372@example.com','5e0cbabb7b102e577292913d5a6c4383',618.69,'2024-03-21 21:21:26'),(373,'user373','user373@example.com','ccfa31c97db44bcf62aeb00d758aa078',63.56,'2024-03-21 21:21:26'),(374,'user374','user374@example.com','1b1f4e666f54b55ccd2c701ec3435dba',461.76,'2024-03-21 21:21:26'),(375,'user375','user375@example.com','9dde2d943281d2959079a8e112b6e66a',118.08,'2024-03-21 21:21:26'),(376,'user376','user376@example.com','b7b01e8780ce808c4fc74ee6a74a3ca3',205.14,'2024-03-21 21:21:26'),(377,'user377','user377@example.com','e95144b1d6bfe3f6e2c1051ec86e3485',671.48,'2024-03-21 21:21:26'),(378,'user378','user378@example.com','805b2f6500e4d709ca4968dabcfbb63c',741.95,'2024-03-21 21:21:26'),(379,'user379','user379@example.com','cddbd53f6928a2bc90eda6811da16b6c',695.32,'2024-03-21 21:21:26'),(380,'user380','user380@example.com','a1d4bcdca7ae5ec4ae6a2133585094d3',250.75,'2024-03-21 21:21:26'),(381,'user381','user381@example.com','4f4a2cd66aad9ad1f1b762a5ef2d6bdc',167.78,'2024-03-21 21:21:26'),(382,'user382','user382@example.com','499c5f499c2a657608f3e5af9c23d7ce',86.64,'2024-03-21 21:21:26'),(383,'user383','user383@example.com','51c56ac3dca3a8ee75b98e7ac12931c2',929.88,'2024-03-21 21:21:26'),(384,'user384','user384@example.com','13d5f8532bf94dcb9dc95be7f67be25d',389.48,'2024-03-21 21:21:26'),(385,'user385','user385@example.com','98770995a98c6d1f91ee68126974a524',157.74,'2024-03-21 21:21:26'),(386,'user386','user386@example.com','0a738b26a0249022cb2b05951de94b11',620.25,'2024-03-21 21:21:26'),(387,'user387','user387@example.com','8769e26b42c9e5c69d1161bf460bff89',628.06,'2024-03-21 21:21:26'),(388,'user388','user388@example.com','9afce4bc6a3f16d2e25248cbd3cddfee',279.56,'2024-03-21 21:21:26'),(389,'user389','user389@example.com','2cd0ba0452117391b3dc680caa8115a2',513.60,'2024-03-21 21:21:26'),(390,'user390','user390@example.com','c06a5788d426a5436bf84f31db91e3dd',729.31,'2024-03-21 21:21:26'),(391,'user391','user391@example.com','1df83c4ea948547e7aa9cfd6f4b48a07',105.77,'2024-03-21 21:21:26'),(392,'user392','user392@example.com','c30ab6bcde8ebbf3c9c7c9d00b185b1d',340.93,'2024-03-21 21:21:26'),(393,'user393','user393@example.com','402e4d5e00f71d77edf99a688ae760fb',387.32,'2024-03-21 21:21:26'),(394,'user394','user394@example.com','1f4fcf5de0adef47d96fbc0d5170e682',913.83,'2024-03-21 21:21:26'),(395,'user395','user395@example.com','ab726a3bdfd7edee5271cc38716c0a6f',407.18,'2024-03-21 21:21:26'),(396,'user396','user396@example.com','095a9bc610b7b6e202ebe0e09f1328e3',294.43,'2024-03-21 21:21:26'),(397,'user397','user397@example.com','d7dfb1fd16ba581f92d992588c12985e',250.60,'2024-03-21 21:21:26'),(398,'user398','user398@example.com','04817ac307af1792de820d917433f124',369.69,'2024-03-21 21:21:26'),(399,'user399','user399@example.com','b201e10a0c6a42d6fd7f5a0bd025036b',96.65,'2024-03-21 21:21:26'),(400,'user400','user400@example.com','72e48ad0a013c98ae68d1c614021a083',374.18,'2024-03-21 21:21:26'),(401,'user401','user401@example.com','ea148a6b3312292f113b1f7ea268f561',580.95,'2024-03-21 21:21:26'),(402,'user402','user402@example.com','db265c051efc06f74a6a332576e4512a',782.21,'2024-03-21 21:21:26'),(403,'user403','user403@example.com','a662c128716b4a213a797af50ef56e36',168.20,'2024-03-21 21:21:26'),(404,'user404','user404@example.com','91017957eef8fd56b1d4b9f7c48020a9',494.39,'2024-03-21 21:21:26'),(405,'user405','user405@example.com','41cdeed0a20e3defc77dc5b724bbf006',967.33,'2024-03-21 21:21:26'),(406,'user406','user406@example.com','c213716f6f943ae4f7de67cbba68566a',353.47,'2024-03-21 21:21:26'),(407,'user407','user407@example.com','b46feb7acec59e948ac379041b3eb61c',865.36,'2024-03-21 21:21:26'),(408,'user408','user408@example.com','02330c52d15eca190797d475b8a286bb',266.38,'2024-03-21 21:21:26'),(409,'user409','user409@example.com','847a51977276850d86bb1e5e6dc4fd31',735.82,'2024-03-21 21:21:26'),(410,'user410','user410@example.com','d3b7ac6d3e09bf81df80f9a7178128d1',879.98,'2024-03-21 21:21:26'),(411,'user411','user411@example.com','39023a6cdf3c42dff5638856ba5e0280',192.42,'2024-03-21 21:21:26'),(412,'user412','user412@example.com','949f2bd463e4e3d59ba46a828b6a276d',322.15,'2024-03-21 21:21:26'),(413,'user413','user413@example.com','2bca8c7d18b5d082b60a6a6581459f18',33.52,'2024-03-21 21:21:26'),(414,'user414','user414@example.com','e95bf5f40756c4ec5f992150ec1ac7a9',201.15,'2024-03-21 21:21:26'),(415,'user415','user415@example.com','2c3a234a742aca7b5add473149d87521',905.19,'2024-03-21 21:21:26'),(416,'user416','user416@example.com','9dfa265e59ef61b799687cabf6aa61fe',922.50,'2024-03-21 21:21:26'),(417,'user417','user417@example.com','14a276ccdd003c4ae77919254d5c0558',896.93,'2024-03-21 21:21:26'),(418,'user418','user418@example.com','612946099d0c107d0bc2fccbed10c263',717.14,'2024-03-21 21:21:26'),(419,'user419','user419@example.com','b746a0011599466c0cb732ed3f0dbd81',894.92,'2024-03-21 21:21:26'),(420,'user420','user420@example.com','07ba160c9100c772bea2062251440c5d',323.19,'2024-03-21 21:21:26'),(421,'user421','user421@example.com','c276f6c5eea385a24c5a421f3c6046ce',931.17,'2024-03-21 21:21:26'),(422,'user422','user422@example.com','54ede07d49e12ccdf478e1799bed9dd3',686.28,'2024-03-21 21:21:26'),(423,'user423','user423@example.com','697dd13b2cdb5546f8bea2f43c6839b3',637.88,'2024-03-21 21:21:26'),(424,'user424','user424@example.com','bd5dcad4f336d119e49863c9de9701ac',130.57,'2024-03-21 21:21:26'),(425,'user425','user425@example.com','a5e7a082092e231aaa5cf46a72cdef63',739.22,'2024-03-21 21:21:26'),(426,'user426','user426@example.com','9eb65b6f6ca3d32d76ea249b2ca287c4',304.40,'2024-03-21 21:21:26'),(427,'user427','user427@example.com','72a8a139bcf7b709dfdbeebe4eec102c',304.32,'2024-03-21 21:21:26'),(428,'user428','user428@example.com','fc2c9539c53b571ba32c79967471b300',608.39,'2024-03-21 21:21:26'),(429,'user429','user429@example.com','2d567513407adbed6919d0a2ef7ec2e6',129.00,'2024-03-21 21:21:26'),(430,'user430','user430@example.com','5a21a176b55a49d9f87ea879fd7683e8',819.83,'2024-03-21 21:21:26'),(431,'user431','user431@example.com','f0864faf9f25fad69762d7760d7a9ba2',712.16,'2024-03-21 21:21:26'),(432,'user432','user432@example.com','fbeba4d148ad01662c6e505762ecb1ee',101.30,'2024-03-21 21:21:26'),(433,'user433','user433@example.com','4313ac4682929a8373e459760c35aeeb',370.01,'2024-03-21 21:21:26'),(434,'user434','user434@example.com','d5ecf117277a8a3a392b78a86f57dc70',546.15,'2024-03-21 21:21:26'),(435,'user435','user435@example.com','bdafaec87e1ae7859dce625dfedaffb7',620.71,'2024-03-21 21:21:26'),(436,'user436','user436@example.com','f45c1d76991d45e774b6e6b8f5f10775',465.12,'2024-03-21 21:21:26'),(437,'user437','user437@example.com','7dbcb0eef71f95e40b97517874fd842a',463.46,'2024-03-21 21:21:26'),(438,'user438','user438@example.com','7f2b13a39b0d4beb74c665e564e96404',921.96,'2024-03-21 21:21:26'),(439,'user439','user439@example.com','3289cc7ae8e127f80f1181234ecbf6d4',219.39,'2024-03-21 21:21:26'),(440,'user440','user440@example.com','04ab496e1de2b53f5b5b6618c4097939',331.07,'2024-03-21 21:21:26'),(441,'user441','user441@example.com','e939eab6f67385c9a70e3f030894cbf6',997.18,'2024-03-21 21:21:26'),(442,'user442','user442@example.com','2c1dee7979906f219afabedb159bd16f',992.69,'2024-03-21 21:21:26'),(443,'user443','user443@example.com','531f1174952e9a9ef72e907352ab2eb0',971.91,'2024-03-21 21:21:26'),(444,'user444','user444@example.com','cbb15a996594699cf8c63fe93e72b81a',881.50,'2024-03-21 21:21:26'),(445,'user445','user445@example.com','2b0c92b45c4c0c53116d8e27ef47ce87',491.74,'2024-03-21 21:21:26'),(446,'user446','user446@example.com','333dc69dfffafb73323050c3fa4e1d2e',814.20,'2024-03-21 21:21:26'),(447,'user447','user447@example.com','567f803c1c90fb2ea070203f8151908e',595.79,'2024-03-21 21:21:26'),(448,'user448','user448@example.com','d856be44e407ae7cb1bd6bec8f26bfc5',536.33,'2024-03-21 21:21:26'),(449,'user449','user449@example.com','6c8d8997546feebb19bc5c4bc5e46b8f',894.29,'2024-03-21 21:21:26'),(450,'user450','user450@example.com','92ccbcc117b08f28f6884d1f97fbd246',862.47,'2024-03-21 21:21:26'),(451,'user451','user451@example.com','33be7a3ebaaa13f3b4dd82b776acb24f',629.47,'2024-03-21 21:21:26'),(452,'user452','user452@example.com','dc5dc9a2749db37fd5a01ad2f1c82893',559.96,'2024-03-21 21:21:26'),(453,'user453','user453@example.com','046351ac57c16faec0aab648eea45109',911.36,'2024-03-21 21:21:26'),(454,'user454','user454@example.com','00748345402379634857ce2b9e31bca2',876.93,'2024-03-21 21:21:26'),(455,'user455','user455@example.com','e5ed7a1396558c25f40fb684d8378b40',650.57,'2024-03-21 21:21:26'),(456,'user456','user456@example.com','96b33694c4bb7dbd07391e0be54745fb',622.05,'2024-03-21 21:21:26'),(457,'user457','user457@example.com','645296bd2aca27d3bcfa2e3abbc06082',158.53,'2024-03-21 21:21:26'),(458,'user458','user458@example.com','b9fa8a2582c10377d75b449b3c3bbd1a',926.50,'2024-03-21 21:21:26'),(459,'user459','user459@example.com','6a1f58c11d7b03759cdae89f3895cb32',156.91,'2024-03-21 21:21:26'),(460,'user460','user460@example.com','9f64040b428d272c3a4f8f65b838a34a',5.07,'2024-03-21 21:21:26'),(461,'user461','user461@example.com','985e39c2fea209fdb842f39c0ddfccd7',554.60,'2024-03-21 21:21:26'),(462,'user462','user462@example.com','f4d1aa6ca7e1ea3012ba5084834a4883',757.81,'2024-03-21 21:21:26'),(463,'user463','user463@example.com','31a825cf82ddd2e16657e4264247bf16',125.23,'2024-03-21 21:21:26'),(464,'user464','user464@example.com','38102c54b528584c4f9731ee0b52ae30',352.71,'2024-03-21 21:21:26'),(465,'user465','user465@example.com','30d1eca4335236acae6ed5c685230d75',387.89,'2024-03-21 21:21:26'),(466,'user466','user466@example.com','cc574c3e93095bf91ef14a08b3a11719',881.31,'2024-03-21 21:21:26'),(467,'user467','user467@example.com','ea4271471c25db72f4b3cff6b39a6826',242.87,'2024-03-21 21:21:26'),(468,'user468','user468@example.com','51182f47446a8343386d2c6f1941c59d',570.44,'2024-03-21 21:21:26'),(469,'user469','user469@example.com','a5c3b6f3658f1088fa925eb5a44341a4',123.58,'2024-03-21 21:21:26'),(470,'user470','user470@example.com','e8db8c4debc5ab1e675fa360cf0b5e6b',906.58,'2024-03-21 21:21:26'),(471,'user471','user471@example.com','7cbe63ea35a1b8c354a7f26d0fcd2dd3',162.15,'2024-03-21 21:21:26'),(472,'user472','user472@example.com','7af75107e020a876d810209a2a5cbdfc',91.00,'2024-03-21 21:21:26'),(473,'user473','user473@example.com','d94d6947d4d5ea50f1af960bf2e45c05',968.58,'2024-03-21 21:21:26'),(474,'user474','user474@example.com','981cbd1ae529f879f1721ac33474a31f',569.87,'2024-03-21 21:21:26'),(475,'user475','user475@example.com','d7cfe7fffbcc6d18cff8f4beb2b45e0a',943.63,'2024-03-21 21:21:26'),(476,'user476','user476@example.com','8dd0937afdd7149d3ec0fbbc8c296470',8.52,'2024-03-21 21:21:26'),(477,'user477','user477@example.com','a8e8dd0f1b889324b4b2dd4ae30644fd',211.73,'2024-03-21 21:21:26'),(478,'user478','user478@example.com','5bc0d7ed6d53f714ad25f8d741f97f59',33.09,'2024-03-21 21:21:26'),(479,'user479','user479@example.com','a723597bca17a5bef4cf61856830bd4e',530.28,'2024-03-21 21:21:26'),(480,'user480','user480@example.com','0cc159256b36e58068c07f50cd9aaa9c',552.09,'2024-03-21 21:21:26'),(481,'user481','user481@example.com','329e44c8c2d94dd7aa60dc3064cc0c66',169.64,'2024-03-21 21:21:26'),(482,'user482','user482@example.com','630623a9900dec6ef92ebe62dd64d994',191.91,'2024-03-21 21:21:26'),(483,'user483','user483@example.com','6f2013513d29b825c5b015d3377730eb',450.64,'2024-03-21 21:21:26'),(484,'user484','user484@example.com','580c911ac8d56b58811bea90586f2dba',677.49,'2024-03-21 21:21:26'),(485,'user485','user485@example.com','3146febc3a5ef40462a389d6764a32e8',35.49,'2024-03-21 21:21:26'),(486,'user486','user486@example.com','001e068f2597b0ef49e522bc436f894f',145.01,'2024-03-21 21:21:26'),(487,'user487','user487@example.com','9798dd0e25930182f07e139d7f34158f',618.58,'2024-03-21 21:21:26'),(488,'user488','user488@example.com','615646a50093e6ad6aedbd60e77a3109',657.85,'2024-03-21 21:21:26'),(489,'user489','user489@example.com','04f27a0eeacac2e26752a2ecf4dfdbf5',433.53,'2024-03-21 21:21:26'),(490,'user490','user490@example.com','054640aad9d864822dd6fed2282b6755',194.09,'2024-03-21 21:21:26'),(491,'user491','user491@example.com','d34a62f86934d7d33a294a25a5c2afee',669.87,'2024-03-21 21:21:26'),(492,'user492','user492@example.com','71f5a9669e1636f30e7532070164f544',767.08,'2024-03-21 21:21:26'),(493,'user493','user493@example.com','a937d2581c97f728801e48461ae9cabc',825.80,'2024-03-21 21:21:26'),(494,'user494','user494@example.com','17bd7b23b9d1f125732bbba2ee49f93b',827.73,'2024-03-21 21:21:26'),(495,'user495','user495@example.com','958bbbc3eceb8afb7f9fa3a324e004cb',661.27,'2024-03-21 21:21:26'),(496,'user496','user496@example.com','630709d212c64500effb806f48b26468',823.15,'2024-03-21 21:21:26'),(497,'user497','user497@example.com','806a44debdb6c6ca02bcc7870cc619bb',131.95,'2024-03-21 21:21:26'),(498,'user498','user498@example.com','c3f0f1808448442854e5503a99af2bbc',190.31,'2024-03-21 21:21:26'),(499,'user499','user499@example.com','ba3d8db902fb9e1f3a2e2b6f2a6e43ab',555.71,'2024-03-21 21:21:26'),(500,'user500','user500@example.com','d755035b255cb1380429a7cb8e14618c',207.59,'2024-03-21 21:21:26'),(501,'user501','user501@example.com','46e902e183b901dfdf2773ef23a1e582',370.83,'2024-03-21 21:21:26'),(502,'user502','user502@example.com','98e962a7cd9a05e42898ab7d8235df84',231.37,'2024-03-21 21:21:26'),(503,'user503','user503@example.com','9c31a01dfa097c16cf537479576ea7ec',44.37,'2024-03-21 21:21:26'),(504,'user504','user504@example.com','b01f66ad05d4da6f3664ff4eceec01c7',527.75,'2024-03-21 21:21:26'),(505,'user505','user505@example.com','ca17f5139c8285d6510597dc8c14cf30',505.64,'2024-03-21 21:21:26'),(506,'user506','user506@example.com','690203c669bdd49cb6ceb74527ddb1d6',944.96,'2024-03-21 21:21:26'),(507,'user507','user507@example.com','025783631a1687fa86e813d9841a06ad',207.87,'2024-03-21 21:21:26'),(508,'user508','user508@example.com','a712137a2f588fe64812b6acae529eb6',204.46,'2024-03-21 21:21:26'),(509,'user509','user509@example.com','252640c2c14e6a0d965a748f1702b595',398.69,'2024-03-21 21:21:26'),(510,'user510','user510@example.com','713bbd22c37206778fa947bb82ac7bb0',380.06,'2024-03-21 21:21:26'),(511,'user511','user511@example.com','c4d2b2369b9e45a3d002e93ddda60f18',704.26,'2024-03-21 21:21:26'),(512,'user512','user512@example.com','10406e6069d58efd29f059dd798192e0',381.11,'2024-03-21 21:21:26'),(513,'user513','user513@example.com','5f812c9837e532703ae393e0a1c06f10',792.78,'2024-03-21 21:21:26'),(514,'user514','user514@example.com','6705cf508955164c6310650746e2d564',820.56,'2024-03-21 21:21:26'),(515,'user515','user515@example.com','31346706bd54b1b081a85934e070b844',724.46,'2024-03-21 21:21:26'),(516,'user516','user516@example.com','cbb10ea354564718f7d8c0abde950080',160.60,'2024-03-21 21:21:26'),(517,'user517','user517@example.com','8dac60d405aba125e638f00a3433984f',629.63,'2024-03-21 21:21:26'),(518,'user518','user518@example.com','76d48bf81f90e13e44840f6dc12b1805',666.36,'2024-03-21 21:21:26'),(519,'user519','user519@example.com','3335086170fc114f78f62e78c396718b',442.92,'2024-03-21 21:21:26'),(520,'user520','user520@example.com','2d12a2f866cc7669e549ce0e302566f9',215.53,'2024-03-21 21:21:26'),(521,'user521','user521@example.com','3c1142fa0ea115caa2e0260d6c9cc48c',748.85,'2024-03-21 21:21:26'),(522,'user522','user522@example.com','aba9f824aa883e714c1d2d7477562c4b',97.70,'2024-03-21 21:21:26'),(523,'user523','user523@example.com','7ffb04c0a0b971b35892de1c700d97fa',241.93,'2024-03-21 21:21:26'),(524,'user524','user524@example.com','84e7579a731065084289baff27e1bd5f',916.56,'2024-03-21 21:21:26'),(525,'user525','user525@example.com','f8b55d5931e9192ead7250b59e9b9486',857.00,'2024-03-21 21:21:26'),(526,'user526','user526@example.com','4a16b41be2a4e03f3461a9f795bca5e7',535.31,'2024-03-21 21:21:26'),(527,'user527','user527@example.com','bcfafc82547c96e14c269f443a8a9f2d',105.56,'2024-03-21 21:21:26'),(528,'user528','user528@example.com','f0e738a9b1cc3dd5ce6142076b188b1f',921.86,'2024-03-21 21:21:26'),(529,'user529','user529@example.com','3f7ba49bbaacbc7fd8e450a1ee526b3d',292.63,'2024-03-21 21:21:26'),(530,'user530','user530@example.com','16216b6f2b6553dce6dffc377725b456',697.55,'2024-03-21 21:21:26'),(531,'user531','user531@example.com','b1c564147481b32f63fb6aba82621fed',609.89,'2024-03-21 21:21:26'),(532,'user532','user532@example.com','5481b3c2eb76334cac87f7067b471c9c',956.77,'2024-03-21 21:21:26'),(533,'user533','user533@example.com','579c2a996d917b5fddea4d6439a6b4e1',954.20,'2024-03-21 21:21:26'),(534,'user534','user534@example.com','daeb3c42f3e39839ac9ae5e6ccc7f7ff',900.69,'2024-03-21 21:21:26'),(535,'user535','user535@example.com','57d8769365de961c6f54d575486b3272',640.85,'2024-03-21 21:21:26'),(536,'user536','user536@example.com','f533abf3ea446530f95b564917a8bbcd',502.16,'2024-03-21 21:21:26'),(537,'user537','user537@example.com','ad1d40019f3cf59bedfb3b8a736e85a7',588.25,'2024-03-21 21:21:26'),(538,'user538','user538@example.com','f841f1318e907a57003e2b7e930b8b06',434.80,'2024-03-21 21:21:26'),(539,'user539','user539@example.com','23963104b53fc5d1882fe8a794af9710',409.22,'2024-03-21 21:21:26'),(540,'user540','user540@example.com','808826ad7ab2c1acc02d80d5ad82e776',741.71,'2024-03-21 21:21:26'),(541,'user541','user541@example.com','cfeaca695473a7e458582e67c7e84a09',480.90,'2024-03-21 21:21:26'),(542,'user542','user542@example.com','b33d5a0c290f35e9082f660b3ec709b3',179.34,'2024-03-21 21:21:26'),(543,'user543','user543@example.com','c5212bbaf2a35e135f75c1fab99be42e',454.03,'2024-03-21 21:21:26'),(544,'user544','user544@example.com','e225e0c39a264387561ce762b22036b5',732.12,'2024-03-21 21:21:26'),(545,'user545','user545@example.com','a377b6e2abc79bb7080ff8af95e0e25d',298.49,'2024-03-21 21:21:26'),(546,'user546','user546@example.com','1f0092f919bc36e8eacd27af03df22c4',296.11,'2024-03-21 21:21:26'),(547,'user547','user547@example.com','0d7d89d664ae3cb8921516baf64c9167',585.10,'2024-03-21 21:21:26'),(548,'user548','user548@example.com','4091cac5773f45401abdc941cf9a3da0',37.13,'2024-03-21 21:21:26'),(549,'user549','user549@example.com','595beb6a2c99998b949910b315524136',430.39,'2024-03-21 21:21:26'),(550,'user550','user550@example.com','eb14003e182c40ebb0cdf09e0505b9af',40.53,'2024-03-21 21:21:26'),(551,'user551','user551@example.com','00e993d6d6ffa47244dc972694c228b8',911.48,'2024-03-21 21:21:26'),(552,'user552','user552@example.com','580a483478cabcef00733bd3d71a6f27',435.81,'2024-03-21 21:21:26'),(553,'user553','user553@example.com','23c8a06752101cc988b15d06131b3184',444.62,'2024-03-21 21:21:26'),(554,'user554','user554@example.com','79e4fff3f2935115815ddf21c785f58e',915.65,'2024-03-21 21:21:26'),(555,'user555','user555@example.com','4d28813a87c581207f4c8a1cf2197718',244.40,'2024-03-21 21:21:26'),(556,'user556','user556@example.com','dd152744f0cb90fb8764c2430073bf31',475.03,'2024-03-21 21:21:26'),(557,'user557','user557@example.com','f88fea908a3fde314dff8af7fe16d055',641.98,'2024-03-21 21:21:26'),(558,'user558','user558@example.com','b789f96bcb386a8869907c9a65cf8c27',784.82,'2024-03-21 21:21:26'),(559,'user559','user559@example.com','341694700ee729c0ac1d44107b381209',998.13,'2024-03-21 21:21:26'),(560,'user560','user560@example.com','2249be1e08d4942400fb9bf283bb28c6',636.20,'2024-03-21 21:21:26'),(561,'user561','user561@example.com','d081f3fab8a297e54298adc9df6fe477',186.61,'2024-03-21 21:21:26'),(562,'user562','user562@example.com','c6385b2dbf208b2631d4179651fdff00',24.46,'2024-03-21 21:21:26'),(563,'user563','user563@example.com','c4c0653df49b6c46459e3ebdba7134b9',562.48,'2024-03-21 21:21:26'),(564,'user564','user564@example.com','90cd5ee68fa3fbcdd3820e32e796bdf8',738.99,'2024-03-21 21:21:26'),(565,'user565','user565@example.com','d6e511ad71ea80a5269d1af2590ff5eb',7.52,'2024-03-21 21:21:26'),(566,'user566','user566@example.com','a0665fe6f9dd4beed3ef1addf33f1c98',820.63,'2024-03-21 21:21:26'),(567,'user567','user567@example.com','8ccdd982db9aabb935033f4100336ebc',80.60,'2024-03-21 21:21:26'),(568,'user568','user568@example.com','7b4872dd244813fbe8be37f6a0351bb5',941.09,'2024-03-21 21:21:26'),(569,'user569','user569@example.com','70e1e79c205781a51b4b66ab4cdaa5cf',463.64,'2024-03-21 21:21:26'),(570,'user570','user570@example.com','6b39aba198a6abc85e244b47ba914c45',494.96,'2024-03-21 21:21:26'),(571,'user571','user571@example.com','64fd254069ab12388ca6e63ae7eaca21',83.89,'2024-03-21 21:21:26'),(572,'user572','user572@example.com','c24861b16a70490d51447f8f31ac2764',934.55,'2024-03-21 21:21:26'),(573,'user573','user573@example.com','1f13bdb8dd61aabcfb4211192387f9bc',421.10,'2024-03-21 21:21:26'),(574,'user574','user574@example.com','ee9b3fe6aa3aeb661e2935f7411d7eb8',301.83,'2024-03-21 21:21:26'),(575,'user575','user575@example.com','1bbeef28bf2d07ba73e93bb6c91a5caa',245.86,'2024-03-21 21:21:26'),(576,'user576','user576@example.com','7f566ea1ab7e5e5b26e5a22f48f05561',323.79,'2024-03-21 21:21:26'),(577,'user577','user577@example.com','054bebe8d4ca367294b4e16f110293eb',881.38,'2024-03-21 21:21:26'),(578,'user578','user578@example.com','6fe4b05855c6be62eba40117a5116d92',435.52,'2024-03-21 21:21:26'),(579,'user579','user579@example.com','3bdf13c405018a6487e32a43141d439a',533.47,'2024-03-21 21:21:26'),(580,'user580','user580@example.com','100095ceea32f37520f60ce2192ff3cc',360.77,'2024-03-21 21:21:26'),(581,'user581','user581@example.com','183688ee3feed5382a733773b4e13be8',203.45,'2024-03-21 21:21:26'),(582,'user582','user582@example.com','e51315321822a24b5df542c6f016fdb1',934.94,'2024-03-21 21:21:26'),(583,'user583','user583@example.com','16709755cb8c5f80eda881f15644fbd7',64.34,'2024-03-21 21:21:26'),(584,'user584','user584@example.com','5e85e5bce024bcd6ce85ad3fc4dadfd3',516.90,'2024-03-21 21:21:26'),(585,'user585','user585@example.com','4e19545b5ed80f381d19f609156ca2c2',391.47,'2024-03-21 21:21:26'),(586,'user586','user586@example.com','84465606f4c630725fe1166fc814f7f9',406.65,'2024-03-21 21:21:26'),(587,'user587','user587@example.com','a9af4dd498657eb582fb99a339b4013b',858.84,'2024-03-21 21:21:26'),(588,'user588','user588@example.com','f4c3475ca3e5433fe183872fdcd701af',74.26,'2024-03-21 21:21:26'),(589,'user589','user589@example.com','d7edff950a8a2d671d2ba3570831b2e1',794.79,'2024-03-21 21:21:26'),(590,'user590','user590@example.com','20002ba1e6fc85f07f78f8065bb3c8ee',751.16,'2024-03-21 21:21:26'),(591,'user591','user591@example.com','3dbc2959c7ca5d6b7617e2aa4a9893d5',371.45,'2024-03-21 21:21:26'),(592,'user592','user592@example.com','56db804e002fcbcfc2d64632d2611397',603.74,'2024-03-21 21:21:26'),(593,'user593','user593@example.com','2c6fe23798645049ac32dfae1e59b09d',904.35,'2024-03-21 21:21:26'),(594,'user594','user594@example.com','edc485ba1ffc706e826ff62b9bf4c2db',710.54,'2024-03-21 21:21:26'),(595,'user595','user595@example.com','0c0cfdd1ee0a2ddd4b38bee6ec89ebbb',839.65,'2024-03-21 21:21:26'),(596,'user596','user596@example.com','f28e01a165027ed3d81e36c4279bc611',66.61,'2024-03-21 21:21:26'),(597,'user597','user597@example.com','a44b12e77e7ebd31566db37ddc0ff717',814.11,'2024-03-21 21:21:26'),(598,'user598','user598@example.com','3e85c42364153329b49cc6ca388f2289',870.74,'2024-03-21 21:21:26'),(599,'user599','user599@example.com','efb84aee4ced3f9677122106f968053b',911.35,'2024-03-21 21:21:26'),(600,'user600','user600@example.com','23fac5d9c02dc72cb199fb515f97c40b',944.54,'2024-03-21 21:21:26'),(601,'user601','user601@example.com','5b4d623f91fa6239336ef41c3e0ea088',988.63,'2024-03-21 21:21:26'),(602,'user602','user602@example.com','e122c2ba12dd37dc93497f9192895b38',109.56,'2024-03-21 21:21:26'),(603,'user603','user603@example.com','dcecc479cbf1ba162efc5bcb735c1616',581.89,'2024-03-21 21:21:26'),(604,'user604','user604@example.com','f4d5dd3bc8bb7676c135ecd7189aa988',580.79,'2024-03-21 21:21:26'),(605,'user605','user605@example.com','06dd7f26cbdb2ef6d32daa3ed25b24f8',158.29,'2024-03-21 21:21:26'),(606,'user606','user606@example.com','fbfc979e15c5fd8d5d35b9e3f25f7640',49.07,'2024-03-21 21:21:26'),(607,'user607','user607@example.com','b4e8ed6737534ec476be5138c4473daa',770.46,'2024-03-21 21:21:26'),(608,'user608','user608@example.com','f7b40846cb647373e76e0528f483ae1c',705.10,'2024-03-21 21:21:26'),(609,'user609','user609@example.com','20312ffd805feebf14caee582c0d2875',214.12,'2024-03-21 21:21:26'),(610,'user610','user610@example.com','f1c442099c081535db911f7bf23803e0',955.29,'2024-03-21 21:21:26'),(611,'user611','user611@example.com','730c7bcbb4c7c3149b2b600298da207c',134.08,'2024-03-21 21:21:26'),(612,'user612','user612@example.com','875e45bb6724ce82ffa42d9b7d17a049',804.55,'2024-03-21 21:21:26'),(613,'user613','user613@example.com','098c343effbc056a0df62cc8756bf92d',620.52,'2024-03-21 21:21:26'),(614,'user614','user614@example.com','f070009347ab201159a50485298ab189',688.94,'2024-03-21 21:21:26'),(615,'user615','user615@example.com','7f73cb99d71755f783c14998182391bb',583.16,'2024-03-21 21:21:26'),(616,'user616','user616@example.com','b79412f80e3a9e1fc61bd7d2f8bab7e2',848.96,'2024-03-21 21:21:26'),(617,'user617','user617@example.com','8a7c2c307c2cdb70cf73306213ac44ab',495.34,'2024-03-21 21:21:26'),(618,'user618','user618@example.com','f75f0dbd8e1767759812e3e05fc59f0d',929.79,'2024-03-21 21:21:26'),(619,'user619','user619@example.com','02ab5160757985808d3ebdef7c81b6db',162.94,'2024-03-21 21:21:26'),(620,'user620','user620@example.com','a2d7c68b114a5ac43925133993279389',25.34,'2024-03-21 21:21:26'),(621,'user621','user621@example.com','abefc0fe993f84e2a7d0410c34b92957',637.87,'2024-03-21 21:21:26'),(622,'user622','user622@example.com','65f87f32d893c515b4f2888c119c71d2',113.33,'2024-03-21 21:21:26'),(623,'user623','user623@example.com','afc76468535ef78b6a84a0743add8d1f',653.03,'2024-03-21 21:21:26'),(624,'user624','user624@example.com','522d4a054d3b275f23975481b00797f2',925.18,'2024-03-21 21:21:26'),(625,'user625','user625@example.com','13359897287284cd80c6f1e97ee70ef3',666.79,'2024-03-21 21:21:26'),(626,'user626','user626@example.com','fa61c0af696d0cc805ddeb2e331f0a0e',558.40,'2024-03-21 21:21:26'),(627,'user627','user627@example.com','435ca8d1260b69bf1b2233e6d0af602a',791.65,'2024-03-21 21:21:26'),(628,'user628','user628@example.com','43f2633d520aff080a9ac7b5fd72459e',283.06,'2024-03-21 21:21:26'),(629,'user629','user629@example.com','75291d4cfaae425fd27c5f8c45b86858',40.35,'2024-03-21 21:21:26'),(630,'user630','user630@example.com','1d170a3572ccea6ad6ba1ece3e0e1a3d',352.58,'2024-03-21 21:21:26'),(631,'user631','user631@example.com','03eb8715fc1f143a0f411c703d497b63',641.83,'2024-03-21 21:21:26'),(632,'user632','user632@example.com','ec519601b31828034304f75da88f6346',151.43,'2024-03-21 21:21:26'),(633,'user633','user633@example.com','d9bc12f55e37b8f137dec2ce98515802',831.67,'2024-03-21 21:21:26'),(634,'user634','user634@example.com','14738aab38f0c2d17ffc4a5df4ef6ebb',704.03,'2024-03-21 21:21:26'),(635,'user635','user635@example.com','02ae90a2ccd40ab4344210e636556e98',25.15,'2024-03-21 21:21:26'),(636,'user636','user636@example.com','3aa4d37f98c2f70eda516072a77bb1bb',13.64,'2024-03-21 21:21:26'),(637,'user637','user637@example.com','72d0f84ce3a5344bab85d0ef91d3fcd3',992.78,'2024-03-21 21:21:26'),(638,'user638','user638@example.com','1176c3ff3140df33834f2000153d5192',922.96,'2024-03-21 21:21:26'),(639,'user639','user639@example.com','a55739b3197f32b60efd11cb132ec95d',636.47,'2024-03-21 21:21:26'),(640,'user640','user640@example.com','65cf502b4b2a78496f7d3fa4e625b76c',413.45,'2024-03-21 21:21:26'),(641,'user641','user641@example.com','18d7ccfc5249b2601b38a7376e684f0d',157.87,'2024-03-21 21:21:26'),(642,'user642','user642@example.com','4d15253d25c12308b10534a3de5b6004',549.00,'2024-03-21 21:21:26'),(643,'user643','user643@example.com','c113251ce6de0e6621c627c741922b7e',271.37,'2024-03-21 21:21:26'),(644,'user644','user644@example.com','e218db2b011cb3b87991b30a7eb765d9',709.85,'2024-03-21 21:21:26'),(645,'user645','user645@example.com','f60dc19baf99cb22241c46719ccef9ce',735.15,'2024-03-21 21:21:26'),(646,'user646','user646@example.com','44fb79b868dd3c9110f18bf39ac872f0',546.21,'2024-03-21 21:21:26'),(647,'user647','user647@example.com','46dc4f02f8f16129fb3ece8e024dc1cd',525.59,'2024-03-21 21:21:26'),(648,'user648','user648@example.com','17e5accb8d0007f2b4e2f8315f988dcd',989.31,'2024-03-21 21:21:26'),(649,'user649','user649@example.com','003081d0aeab03cbd5a1ae30176369b1',369.80,'2024-03-21 21:21:26'),(650,'user650','user650@example.com','d1088f0e00f2a9822c1f73e59087f267',881.06,'2024-03-21 21:21:26'),(651,'user651','user651@example.com','3c10236ac36b5f7c6524a5d87ba0ad59',295.91,'2024-03-21 21:21:26'),(652,'user652','user652@example.com','e184690570fbb3e6323cb501e42296ba',836.36,'2024-03-21 21:21:26'),(653,'user653','user653@example.com','c8351b5be5f19866603832da57cb9653',294.08,'2024-03-21 21:21:26'),(654,'user654','user654@example.com','b3009649b95347794283e38005637a7d',961.33,'2024-03-21 21:21:26'),(655,'user655','user655@example.com','514826c4e05a21da41526bff84b39ad0',924.39,'2024-03-21 21:21:26'),(656,'user656','user656@example.com','a5a2fb91b18d9226da2a51bb806d6602',737.96,'2024-03-21 21:21:26'),(657,'user657','user657@example.com','593e596cde6ae46d1ba0b4bad60fc893',916.65,'2024-03-21 21:21:26'),(658,'user658','user658@example.com','ec5681f99271a73375e2f452477ea574',369.34,'2024-03-21 21:21:26'),(659,'user659','user659@example.com','159f155e054f7125bb58acb291339f02',96.78,'2024-03-21 21:21:26'),(660,'user660','user660@example.com','3adcbddb7d735acca2dc9e136f1b966c',375.88,'2024-03-21 21:21:26'),(661,'user661','user661@example.com','db4b9c778ddb63434774cb2b49fb44b5',589.05,'2024-03-21 21:21:26'),(662,'user662','user662@example.com','bf7ea48e511957eccb06a832ba6ae6c9',817.59,'2024-03-21 21:21:26'),(663,'user663','user663@example.com','1480d5482f893ba0d70675e7ad0c02c0',320.83,'2024-03-21 21:21:26'),(664,'user664','user664@example.com','f561eafe239d67a049e471305aa59d5f',151.37,'2024-03-21 21:21:26'),(665,'user665','user665@example.com','6249dc5c5e6c7091e352ead98c9b128b',794.36,'2024-03-21 21:21:26'),(666,'user666','user666@example.com','284ee0e6f057f3f3cdb2a385ba84f342',517.71,'2024-03-21 21:21:26'),(667,'user667','user667@example.com','ffcf5efaecac099573995cb1fdb940d4',205.46,'2024-03-21 21:21:26'),(668,'user668','user668@example.com','27ff339b9ee84ca557f9717b2b6ed001',474.16,'2024-03-21 21:21:26'),(669,'user669','user669@example.com','cdf9ec1ab655eb3f645d5b47cd8dd281',754.42,'2024-03-21 21:21:26'),(670,'user670','user670@example.com','59d59393174dd3d1ba16c42844dc603c',349.62,'2024-03-21 21:21:26'),(671,'user671','user671@example.com','32db721610b84a3d58414e47d3e031eb',484.85,'2024-03-21 21:21:26'),(672,'user672','user672@example.com','e8370c819d7fca2cab0709a2a28a3adb',375.40,'2024-03-21 21:21:26'),(673,'user673','user673@example.com','0e782324618afe997c2555a83c11b1b0',422.46,'2024-03-21 21:21:26'),(674,'user674','user674@example.com','8103139345de054f41a102cf8bf605a2',986.08,'2024-03-21 21:21:26'),(675,'user675','user675@example.com','dcdd2b9ab3e797a5db038cf3863e4e4c',663.03,'2024-03-21 21:21:26'),(676,'user676','user676@example.com','fcef74eeb2c6f2519651554829eaaee9',356.89,'2024-03-21 21:21:26'),(677,'user677','user677@example.com','fcc99b6acc8ad7e58705ff1c7b47f595',795.36,'2024-03-21 21:21:26'),(678,'user678','user678@example.com','c9f4b9f9b86009864ab88de7a2285613',906.12,'2024-03-21 21:21:26'),(679,'user679','user679@example.com','980b2fd8e5bda1b7a685127e631d56a1',144.52,'2024-03-21 21:21:26'),(680,'user680','user680@example.com','9b62500928dbdf65dd99c7259780a858',4.27,'2024-03-21 21:21:26'),(681,'user681','user681@example.com','a0853852ede9cb8ae8dd9da34603c741',587.76,'2024-03-21 21:21:26'),(682,'user682','user682@example.com','cb537c0578accc0110222fe9d5f7e297',925.98,'2024-03-21 21:21:26'),(683,'user683','user683@example.com','3826e95d5259759685d776cd932beccb',866.63,'2024-03-21 21:21:26'),(684,'user684','user684@example.com','393a662a94d69e16648f8f0e716f96c7',555.23,'2024-03-21 21:21:26'),(685,'user685','user685@example.com','99a5d354c3ecc68df02af4935428a8ea',176.24,'2024-03-21 21:21:26'),(686,'user686','user686@example.com','ed8e6517de07392189a33f2590e1bfd0',215.51,'2024-03-21 21:21:26'),(687,'user687','user687@example.com','51c44b02e65ace45763a43a158addaed',548.84,'2024-03-21 21:21:26'),(688,'user688','user688@example.com','f9f5d3a14b8ca7657a0891e79be411ba',97.66,'2024-03-21 21:21:26'),(689,'user689','user689@example.com','cec6540fa8d7bdd90c1d418301a09b5f',841.78,'2024-03-21 21:21:26'),(690,'user690','user690@example.com','3e633fa3a830ae6531d3be990a3ffeb1',915.93,'2024-03-21 21:21:26'),(691,'user691','user691@example.com','154e9284e19a3c1612e7964c91a21015',54.32,'2024-03-21 21:21:26'),(692,'user692','user692@example.com','6c60ae2be21b0871a64ffbac425e26ca',523.82,'2024-03-21 21:21:26'),(693,'user693','user693@example.com','9299b8fb35782a21fe6ef913893a554b',456.11,'2024-03-21 21:21:26'),(694,'user694','user694@example.com','57b869745edbe4b1be488d3a0b70ee22',709.11,'2024-03-21 21:21:26'),(695,'user695','user695@example.com','db85cb8099ad0dea68ecd7be8725fae4',177.20,'2024-03-21 21:21:26'),(696,'user696','user696@example.com','5f200d2bd7ad9a7652cfde4aeb8a8fbc',758.67,'2024-03-21 21:21:26'),(697,'user697','user697@example.com','14f189b6cb465cae0d07e5db6e39d7a7',261.75,'2024-03-21 21:21:26'),(698,'user698','user698@example.com','ce00b5a943b0be2fffa431ad504a9b03',32.74,'2024-03-21 21:21:26'),(699,'user699','user699@example.com','1138793b3cfcf00a2baf638d3d7126d5',378.44,'2024-03-21 21:21:26'),(700,'user700','user700@example.com','a129809cdbede6395c34fb5587b74748',793.97,'2024-03-21 21:21:26'),(701,'user701','user701@example.com','f855e3708ef0309c0919d3aac487a733',834.53,'2024-03-21 21:21:26'),(702,'user702','user702@example.com','382142a39dadea7af393c3b7ff7f9b2e',790.77,'2024-03-21 21:21:26'),(703,'user703','user703@example.com','0566614c5564a729902ebadf485693e6',450.24,'2024-03-21 21:21:26'),(704,'user704','user704@example.com','9fa855d559f8c46b45bf4a79bd0bc599',878.89,'2024-03-21 21:21:26'),(705,'user705','user705@example.com','3a3abc0c86dd488f9a05d3c6d55803ef',43.71,'2024-03-21 21:21:26'),(706,'user706','user706@example.com','362589e487d0d594384ff74b3033bc90',581.91,'2024-03-21 21:21:26'),(707,'user707','user707@example.com','edec827bb637830b9e18f0eb9c325ece',778.43,'2024-03-21 21:21:26'),(708,'user708','user708@example.com','550fd1d750c8600f058264a95990222a',146.40,'2024-03-21 21:21:26'),(709,'user709','user709@example.com','603cbde19722e13836532d27760e57e3',396.72,'2024-03-21 21:21:26'),(710,'user710','user710@example.com','7d67565a006fda10d5c1b17c5d9dc3f3',544.41,'2024-03-21 21:21:26'),(711,'user711','user711@example.com','7206185bbabba92ba9bfab6df896791c',531.86,'2024-03-21 21:21:26'),(712,'user712','user712@example.com','d9ec6aa9cec985abd6e232dcb3f72b0f',26.10,'2024-03-21 21:21:26'),(713,'user713','user713@example.com','804bde3b2fdf8d8a9a2e089e8ad9d7e7',534.93,'2024-03-21 21:21:26'),(714,'user714','user714@example.com','1493df58c41d3dcfbd09a646d65513ee',596.33,'2024-03-21 21:21:26'),(715,'user715','user715@example.com','6c130251ca007fbfc15f44fddde448ae',376.85,'2024-03-21 21:21:26'),(716,'user716','user716@example.com','99e4892ac2e7783f9fecc3f027383832',95.29,'2024-03-21 21:21:26'),(717,'user717','user717@example.com','597529ab6c3767b3971ceb4faf4bd52c',345.87,'2024-03-21 21:21:26'),(718,'user718','user718@example.com','110eca2e4fbaf018fea13a023c8ea0cb',443.49,'2024-03-21 21:21:26'),(719,'user719','user719@example.com','069dd457b83bb150bc81bd0b977e96a6',179.84,'2024-03-21 21:21:26'),(720,'user720','user720@example.com','5f8f725ac583d8b9ad92ff6bbcf8d970',568.71,'2024-03-21 21:21:26'),(721,'user721','user721@example.com','7815d230c55b1a3b4c181ef384290921',304.04,'2024-03-21 21:21:26'),(722,'user722','user722@example.com','d86765efb3731d1967a0ef9bd844127a',814.08,'2024-03-21 21:21:26'),(723,'user723','user723@example.com','8fec4e5b205c168fe9196bcb0e48fc71',158.28,'2024-03-21 21:21:26'),(724,'user724','user724@example.com','586e838eaa26a39ef841baea0d41594e',349.16,'2024-03-21 21:21:26'),(725,'user725','user725@example.com','66bb6bd474be43feca63750005149aea',270.98,'2024-03-21 21:21:26'),(726,'user726','user726@example.com','30f99803c79309140fa71f12c50fbe3b',307.40,'2024-03-21 21:21:26'),(727,'user727','user727@example.com','61f1dfc819924aa6082213708397d2b2',724.05,'2024-03-21 21:21:26'),(728,'user728','user728@example.com','9662acdaf1f688608936e1f8cf8d0ded',698.06,'2024-03-21 21:21:26'),(729,'user729','user729@example.com','31a1e9a2c887415f637f77a13e320593',318.15,'2024-03-21 21:21:26'),(730,'user730','user730@example.com','a386e65d1b5584be5e7e9dc181de44a4',496.58,'2024-03-21 21:21:26'),(731,'user731','user731@example.com','b3221cea2e6db594bb158b09e668f098',528.43,'2024-03-21 21:21:26'),(732,'user732','user732@example.com','e0ae0a00b73d9f7d3307bc4f8a5a6502',152.43,'2024-03-21 21:21:26'),(733,'user733','user733@example.com','728c416b90d9e622d98a8617c56960fa',176.85,'2024-03-21 21:21:26'),(734,'user734','user734@example.com','b2d9f71570c2f83587bfdd78d97e56a9',426.95,'2024-03-21 21:21:26'),(735,'user735','user735@example.com','75badd17e7425813d1cd02a4f01e3839',604.19,'2024-03-21 21:21:26'),(736,'user736','user736@example.com','9275b8425f3c60add183d09337a37bb4',740.12,'2024-03-21 21:21:26'),(737,'user737','user737@example.com','e88d0c2b4869bc602f951fda799e523c',888.01,'2024-03-21 21:21:26'),(738,'user738','user738@example.com','99fba17b2177dbaeb48b81488f616981',219.68,'2024-03-21 21:21:26'),(739,'user739','user739@example.com','672e21ce1aae2db0fe5ed7b2286dee9a',434.40,'2024-03-21 21:21:26'),(740,'user740','user740@example.com','4fed019d307b7f8aee556b00c6dfb386',512.93,'2024-03-21 21:21:26'),(741,'user741','user741@example.com','ed570317d0841c5868024379ac3c58b1',261.48,'2024-03-21 21:21:26'),(742,'user742','user742@example.com','bf70c1e6a2bcbffc6898a634befb3b95',768.62,'2024-03-21 21:21:26'),(743,'user743','user743@example.com','35082b2fd1eb28082f0cd5c69f501b00',58.63,'2024-03-21 21:21:26'),(744,'user744','user744@example.com','a4ca2d9cef070f61a5e44e7c2f882fd7',987.30,'2024-03-21 21:21:26'),(745,'user745','user745@example.com','c9c54b911a1f4a21948e14f026d20251',760.63,'2024-03-21 21:21:26'),(746,'user746','user746@example.com','6c6ea3c84e033b1ccb751bb57be0ff9b',841.24,'2024-03-21 21:21:26'),(747,'user747','user747@example.com','67248c8c8caaa0b9f39a9c1ebd64fb5a',924.31,'2024-03-21 21:21:26'),(748,'user748','user748@example.com','70646bc2f3ac7bd7c0d87db0dcc72f3d',97.81,'2024-03-21 21:21:26'),(749,'user749','user749@example.com','12d76963a56315767e5a9280bb683f58',716.13,'2024-03-21 21:21:26'),(750,'user750','user750@example.com','40c06548726dbfa5b2eac91a64d982c1',287.20,'2024-03-21 21:21:26'),(751,'user751','user751@example.com','bd1705b1ca998d4802070757adacf08f',287.64,'2024-03-21 21:21:26'),(752,'user752','user752@example.com','730794cb4b0784428edcde40b6d8c524',576.60,'2024-03-21 21:21:26'),(753,'user753','user753@example.com','ddea23110c9008ee59e634bbcd09d777',20.06,'2024-03-21 21:21:26'),(754,'user754','user754@example.com','bcc043ddc3cb96217e13fa8f042bf165',370.53,'2024-03-21 21:21:26'),(755,'user755','user755@example.com','cefbb5f82e98656e8a12eb996c0a2313',792.45,'2024-03-21 21:21:26'),(756,'user756','user756@example.com','080eb3c7e388bd401134d8390ee49386',850.66,'2024-03-21 21:21:26'),(757,'user757','user757@example.com','6d9925f8054bde906d87911a47bcd257',875.93,'2024-03-21 21:21:26'),(758,'user758','user758@example.com','edac2b6699ec56b05c68c32120232b19',827.70,'2024-03-21 21:21:26'),(759,'user759','user759@example.com','0f3c6cbfe6416c7c48ec7101263b5e61',510.69,'2024-03-21 21:21:26'),(760,'user760','user760@example.com','3be4fa5b0e878af125a36893bf1c36fa',70.35,'2024-03-21 21:21:26'),(761,'user761','user761@example.com','ff90b00c143874289037bfe7cf155c4d',819.68,'2024-03-21 21:21:26'),(762,'user762','user762@example.com','4299b5e55e0a6f323ec000a274347dcd',887.35,'2024-03-21 21:21:26'),(763,'user763','user763@example.com','9e1fc635a4c7a92cfd1f4f6a168306fc',977.71,'2024-03-21 21:21:26'),(764,'user764','user764@example.com','6e2d596bc5a91c2d7487295c7c50718c',226.52,'2024-03-21 21:21:26'),(765,'user765','user765@example.com','f59954c38af38d1b689d0690a3ca1592',199.44,'2024-03-21 21:21:26'),(766,'user766','user766@example.com','ba2be8f1e5a1dfb8b2a97d41aaf0c48e',317.65,'2024-03-21 21:21:26'),(767,'user767','user767@example.com','a85c2a5a8afb38be89ad8a2171174492',989.92,'2024-03-21 21:21:26'),(768,'user768','user768@example.com','c2dad56516d173f957ea463c3e41dca3',996.67,'2024-03-21 21:21:26'),(769,'user769','user769@example.com','d67b50c41da92c1b7bd285c1b7833ca3',13.59,'2024-03-21 21:21:26'),(770,'user770','user770@example.com','650a6af57bceef1a554fcc75fc9b90fe',77.95,'2024-03-21 21:21:26'),(771,'user771','user771@example.com','9e0e2f7b19fad8434a0624d4a8d1ad88',348.98,'2024-03-21 21:21:26'),(772,'user772','user772@example.com','a38f8c607e70f3ba7f947083c39fcb8c',511.03,'2024-03-21 21:21:26'),(773,'user773','user773@example.com','2ceb86e6e6de585b40391420f87f2664',508.23,'2024-03-21 21:21:26'),(774,'user774','user774@example.com','42e1c378567c64983a6fbeee39a5f075',8.03,'2024-03-21 21:21:26'),(775,'user775','user775@example.com','617f7af34ac6fbfb05f41869185b86f3',515.49,'2024-03-21 21:21:26'),(776,'user776','user776@example.com','631244e20cccf05280f18d61b4def3da',553.37,'2024-03-21 21:21:26'),(777,'user777','user777@example.com','0f64c39cfd5e0c403ffa62721bb17a41',220.37,'2024-03-21 21:21:26'),(778,'user778','user778@example.com','7aedd8ddf67c499bf2a38e8f30bf765b',441.72,'2024-03-21 21:21:26'),(779,'user779','user779@example.com','53a2d1e20d0950fe2571dca7a327c76c',547.49,'2024-03-21 21:21:26'),(780,'user780','user780@example.com','b7e9b6ce667487531fe6fbd123f20d60',412.30,'2024-03-21 21:21:26'),(781,'user781','user781@example.com','ed22dfe493fc0f8edf3f28bb9e45d756',419.02,'2024-03-21 21:21:26'),(782,'user782','user782@example.com','6dc60ceee71b15088af8785169ef6647',858.22,'2024-03-21 21:21:26'),(783,'user783','user783@example.com','50a7fecefa9da0da662db083c6bbc611',34.05,'2024-03-21 21:21:26'),(784,'user784','user784@example.com','13d91e751bb6cecc65f07db5ad9a977f',595.56,'2024-03-21 21:21:26'),(785,'user785','user785@example.com','401abb0efd67a5c04a6686fc15ffbeea',875.65,'2024-03-21 21:21:26'),(786,'user786','user786@example.com','c7489b1c8154a958aeec0961b98dadb8',591.57,'2024-03-21 21:21:26'),(787,'user787','user787@example.com','495fd8c0057a0966ca1f54b6a343d19c',330.90,'2024-03-21 21:21:26'),(788,'user788','user788@example.com','ebd0432e22204c8a8dfb629438bd6778',879.80,'2024-03-21 21:21:26'),(789,'user789','user789@example.com','7d347cf0ee68174a3588f6cba31b8a67',406.28,'2024-03-21 21:21:26'),(790,'user790','user790@example.com','8a6951619d91edf1fe8809607fc80353',392.00,'2024-03-21 21:21:26'),(791,'user791','user791@example.com','693cba0352d556d9648ed61acbf0dbdf',741.15,'2024-03-21 21:21:26'),(792,'user792','user792@example.com','572dd4fec3523142ed114d92f5487955',529.76,'2024-03-21 21:21:26'),(793,'user793','user793@example.com','57cf4d862e951222ffc00c283aeb5dcd',425.36,'2024-03-21 21:21:26'),(794,'user794','user794@example.com','c46e14d2acaa744facf4a4e4699cc185',537.52,'2024-03-21 21:21:26'),(795,'user795','user795@example.com','1d485939823c300bb81b99f6793b19bc',411.51,'2024-03-21 21:21:26'),(796,'user796','user796@example.com','85d68deb5a6434797daf55b9e8dcb951',444.98,'2024-03-21 21:21:26'),(797,'user797','user797@example.com','3351dfee25c5f3e293ba1ff252523913',990.39,'2024-03-21 21:21:26'),(798,'user798','user798@example.com','c0fc0ae5ef42d0bcf4bdf706c50d9482',617.02,'2024-03-21 21:21:26'),(799,'user799','user799@example.com','840ccfdcc96f3dcbd0b62be4de19781e',113.90,'2024-03-21 21:21:26'),(800,'user800','user800@example.com','8edf3b1b55d4de7ced832f8b0c231bd9',718.47,'2024-03-21 21:21:26'),(801,'user801','user801@example.com','72f829a39adf2ed86e3ab7be04440779',250.62,'2024-03-21 21:21:26'),(802,'user802','user802@example.com','ea4524c1a4bf3ab939e17ca049e99439',97.69,'2024-03-21 21:21:26'),(803,'user803','user803@example.com','1cd0bb3c9e14685fe45960a87869d5d1',736.61,'2024-03-21 21:21:26'),(804,'user804','user804@example.com','ba13176e88354f158da974548877b85b',389.98,'2024-03-21 21:21:26'),(805,'user805','user805@example.com','37c68c122f9424fd19c4e1fe262d7e9a',740.08,'2024-03-21 21:21:26'),(806,'user806','user806@example.com','91133010dc8281edef105572c4e7a731',530.45,'2024-03-21 21:21:26'),(807,'user807','user807@example.com','d7176edda5163a0fc0240a838b3f1ec7',432.02,'2024-03-21 21:21:26'),(808,'user808','user808@example.com','900d075366f043b3c16111376c4e0871',568.74,'2024-03-21 21:21:26'),(809,'user809','user809@example.com','90c3da0f9170375275685a8500ea1329',547.65,'2024-03-21 21:21:26'),(810,'user810','user810@example.com','d75161949e5ffeeda3434ed39aa96abe',32.02,'2024-03-21 21:21:26'),(811,'user811','user811@example.com','6a70f3528fcfebda35d405472c8749b0',517.17,'2024-03-21 21:21:26'),(812,'user812','user812@example.com','111b1ff0826b30d85a7dbd2c3954e06d',489.76,'2024-03-21 21:21:26'),(813,'user813','user813@example.com','bd0b476031884c144f3a1a9a9be34158',897.32,'2024-03-21 21:21:26'),(814,'user814','user814@example.com','9a161108be52f18079da86c2c6b110d8',17.29,'2024-03-21 21:21:26'),(815,'user815','user815@example.com','566df82bdb63a1fd76749929d267e5de',394.50,'2024-03-21 21:21:26'),(816,'user816','user816@example.com','f6d5e32e065344cd68db7a677a27ffc6',920.63,'2024-03-21 21:21:26'),(817,'user817','user817@example.com','9ef069817023f46047bcf495accd535b',419.67,'2024-03-21 21:21:26'),(818,'user818','user818@example.com','bfbf0fc83951d3c388bd68e228662624',336.45,'2024-03-21 21:21:26'),(819,'user819','user819@example.com','b2e330cd06fbdc8dbe01037f6fb83135',423.23,'2024-03-21 21:21:26'),(820,'user820','user820@example.com','8cdd9e92f2330739f845999af9753997',106.79,'2024-03-21 21:21:26'),(821,'user821','user821@example.com','4f4cb23ab05b8465ce8321eff13b5c49',264.29,'2024-03-21 21:21:26'),(822,'user822','user822@example.com','14a53bd9673f973514e1ef0532ee5b41',1.07,'2024-03-21 21:21:26'),(823,'user823','user823@example.com','fe830e4d329f1bffbbe5f7b0980303e9',212.47,'2024-03-21 21:21:26'),(824,'user824','user824@example.com','59700c2af06b9f444370cc5f72590757',59.13,'2024-03-21 21:21:26'),(825,'user825','user825@example.com','0911f896105d99f9042e483c15adbcb5',658.27,'2024-03-21 21:21:26'),(826,'user826','user826@example.com','49367f6e37b497378008d8cc5c482d36',113.94,'2024-03-21 21:21:26'),(827,'user827','user827@example.com','39745485fbab410805deac3881e5fbdb',594.89,'2024-03-21 21:21:26'),(828,'user828','user828@example.com','de707abd633051fa5410d22e88864c80',632.62,'2024-03-21 21:21:26'),(829,'user829','user829@example.com','5a786270b159b996ed610d5418ef1fda',378.42,'2024-03-21 21:21:26'),(830,'user830','user830@example.com','5ddbd67ebe7689493a42633e96828342',994.27,'2024-03-21 21:21:26'),(831,'user831','user831@example.com','ad8f7b05ba6f77235d1ede5757179bde',836.07,'2024-03-21 21:21:26'),(832,'user832','user832@example.com','6c9d29359f66eb3d32776a8a22c8909b',197.54,'2024-03-21 21:21:26'),(833,'user833','user833@example.com','ab991df1b54a4ebb0153686262e0dd9a',479.51,'2024-03-21 21:21:26'),(834,'user834','user834@example.com','9bbaf1e2ae1830f3e79951f2b196983e',804.92,'2024-03-21 21:21:26'),(835,'user835','user835@example.com','7fed70eff2a4ec1d4b0cb973f11b8016',586.08,'2024-03-21 21:21:26'),(836,'user836','user836@example.com','b6a0c649e645986b0221b23dce1eff43',515.64,'2024-03-21 21:21:26'),(837,'user837','user837@example.com','cc4ab86a616e79c673fc47f51a5dab7e',819.96,'2024-03-21 21:21:26'),(838,'user838','user838@example.com','e6e3856f2884f967a215b18f2c0163a6',552.89,'2024-03-21 21:21:26'),(839,'user839','user839@example.com','96730dba06e998d32ae3854da645f373',304.57,'2024-03-21 21:21:26'),(840,'user840','user840@example.com','21e1ee1ed6736e9d500409acfb853fb8',864.18,'2024-03-21 21:21:26'),(841,'user841','user841@example.com','5e696cffd81e892f28c37bfa5c66d149',407.17,'2024-03-21 21:21:26'),(842,'user842','user842@example.com','1586f94c176c6cdeb79ba5ebf76d49ab',443.33,'2024-03-21 21:21:26'),(843,'user843','user843@example.com','9f2d75f5dfa46e60366a9a0ef3fed2f0',995.13,'2024-03-21 21:21:26'),(844,'user844','user844@example.com','5d8132fc50319123d68ff8ddd37f1902',645.66,'2024-03-21 21:21:26'),(845,'user845','user845@example.com','4759c6cafc371b4d8d7cdc954c2a3ed3',242.89,'2024-03-21 21:21:26'),(846,'user846','user846@example.com','5b4eb5d62eb7dd6129d030708d959fd8',277.50,'2024-03-21 21:21:26'),(847,'user847','user847@example.com','3efe05854c7feaf1992c072dc5f8a70b',658.80,'2024-03-21 21:21:26'),(848,'user848','user848@example.com','4ca5fbea57194f9b4ecda19fb73e1feb',461.52,'2024-03-21 21:21:26'),(849,'user849','user849@example.com','9925076f8304deca02f6aec75c7ee82b',331.21,'2024-03-21 21:21:26'),(850,'user850','user850@example.com','1a83ff2f04747a5a3f4c452e220cb922',271.46,'2024-03-21 21:21:26'),(851,'user851','user851@example.com','82aeb6ebb7982434a6d875e80b9e4fac',363.70,'2024-03-21 21:21:26'),(852,'user852','user852@example.com','2d9f5d179482a9a8af4e395196b0208a',4.12,'2024-03-21 21:21:26'),(853,'user853','user853@example.com','ec0a0558c5ab7d775b986a5383073679',929.47,'2024-03-21 21:21:26'),(854,'user854','user854@example.com','58d2460559067378d16e59c1256b56fe',635.02,'2024-03-21 21:21:26'),(855,'user855','user855@example.com','6b6251afbf03ae9bd66aee05c1846e1b',386.67,'2024-03-21 21:21:26'),(856,'user856','user856@example.com','3ccec77b9dc8cd7322f811a4ae2e863a',28.30,'2024-03-21 21:21:26'),(857,'user857','user857@example.com','94b8d5f4527e4c12f8f4283e7c2060e7',981.47,'2024-03-21 21:21:26'),(858,'user858','user858@example.com','714c632b2a8670252962e83a8f849073',822.46,'2024-03-21 21:21:26'),(859,'user859','user859@example.com','31ad5d10a1a9af430d833dc5f050b031',167.91,'2024-03-21 21:21:26'),(860,'user860','user860@example.com','33e4cd2f488a878d3589f08bdee934f1',372.17,'2024-03-21 21:21:26'),(861,'user861','user861@example.com','65f8f53d87a8c8c49387763f81b1a615',357.11,'2024-03-21 21:21:26'),(862,'user862','user862@example.com','1756f31a76c07ca76118af9b6cebcb11',669.05,'2024-03-21 21:21:26'),(863,'user863','user863@example.com','517226d243917977465e5c57d1ad05ce',273.93,'2024-03-21 21:21:26'),(864,'user864','user864@example.com','9abdaf84f528ef712cad054a9d43d6c2',362.48,'2024-03-21 21:21:26'),(865,'user865','user865@example.com','c2eb62791f73e753f6041c8dc5f9b631',990.64,'2024-03-21 21:21:26'),(866,'user866','user866@example.com','b58af34580c3b6bc40a68e1e7eb544a3',865.72,'2024-03-21 21:21:26'),(867,'user867','user867@example.com','16c40f1ba7d107817b4e67c64f893cbc',356.71,'2024-03-21 21:21:26'),(868,'user868','user868@example.com','96af920691194f2b700e2f37276cfc92',186.37,'2024-03-21 21:21:26'),(869,'user869','user869@example.com','464739ab58603d8e183b9d0e2bc7f657',861.73,'2024-03-21 21:21:26'),(870,'user870','user870@example.com','a1b0941aa5af45a612cc8807ac49c6fa',749.53,'2024-03-21 21:21:26'),(871,'user871','user871@example.com','f70ef2da7dbd09306aa6dbb0adaaed73',162.48,'2024-03-21 21:21:26'),(872,'user872','user872@example.com','5cdb7d591668d6f90e74aa897a407b59',563.82,'2024-03-21 21:21:26'),(873,'user873','user873@example.com','3d3672d2c7c368a704f4f462df9f47e5',331.65,'2024-03-21 21:21:26'),(874,'user874','user874@example.com','401b7ef87a64fdd735f32e206145ee88',966.80,'2024-03-21 21:21:26'),(875,'user875','user875@example.com','62cd32a4793bdc67163fbcb0e6cd62c3',839.03,'2024-03-21 21:21:26'),(876,'user876','user876@example.com','54b00adde7454a8ec1217f39f565751c',294.74,'2024-03-21 21:21:26'),(877,'user877','user877@example.com','e15520e8be26aa756545568130ead27e',956.62,'2024-03-21 21:21:26'),(878,'user878','user878@example.com','0a8ecf66e0698441fe982161164cd65a',898.86,'2024-03-21 21:21:26'),(879,'user879','user879@example.com','897595cb766c1e9d59c02f431b5fa96e',624.46,'2024-03-21 21:21:26'),(880,'user880','user880@example.com','c57a29c8bd2438361c8db3ee32a7e060',425.71,'2024-03-21 21:21:26'),(881,'user881','user881@example.com','711b5eb81e176060ea52873f03525bcf',255.16,'2024-03-21 21:21:26'),(882,'user882','user882@example.com','a89e2887caf20fa502d6d8d2021cc5aa',998.70,'2024-03-21 21:21:26'),(883,'user883','user883@example.com','ec47decbf06521b17bdc3f051b69f56a',228.01,'2024-03-21 21:21:26'),(884,'user884','user884@example.com','aba1c7083939ccf825a6a0db0a75c112',143.93,'2024-03-21 21:21:26'),(885,'user885','user885@example.com','2f9bc7795aaa7b65df65679161a49b0f',35.65,'2024-03-21 21:21:26'),(886,'user886','user886@example.com','6d9a33b86e39b5f29faa75195d0ecc7c',746.45,'2024-03-21 21:21:26'),(887,'user887','user887@example.com','13dbb9471298712a525eb77fb7e70823',625.28,'2024-03-21 21:21:26'),(888,'user888','user888@example.com','4c8870fdc2e3bd246efeec8da61741db',887.07,'2024-03-21 21:21:26'),(889,'user889','user889@example.com','18ad3d2854b2128c017460571d2e8143',559.50,'2024-03-21 21:21:26'),(890,'user890','user890@example.com','f536a1f408e71227780f6d5ac41dd9d2',136.31,'2024-03-21 21:21:26'),(891,'user891','user891@example.com','621207a6ebf81b648a14ac3442d39baa',3.03,'2024-03-21 21:21:26'),(892,'user892','user892@example.com','c7c798f495bc38dc84bfbce6b23def05',606.21,'2024-03-21 21:21:26'),(893,'user893','user893@example.com','1f4d87bdc6d70f132e709b9bc8aaa8a0',21.99,'2024-03-21 21:21:26'),(894,'user894','user894@example.com','59c56312f8f1d875aad8960568e8d578',291.32,'2024-03-21 21:21:26'),(895,'user895','user895@example.com','6dc9ed37b92a54f39fef7c869f883bab',390.61,'2024-03-21 21:21:26'),(896,'user896','user896@example.com','7c75a2d542add4992a6880f4a52fc648',79.10,'2024-03-21 21:21:26'),(897,'user897','user897@example.com','834696d930bb07c1dd0be8e073e0bc2f',223.66,'2024-03-21 21:21:26'),(898,'user898','user898@example.com','0a73a8e3306a81c2bc76042291fd9587',881.01,'2024-03-21 21:21:26'),(899,'user899','user899@example.com','7c96e89df1bb47fb376645fa60561c5b',734.06,'2024-03-21 21:21:26'),(900,'user900','user900@example.com','6925483f9ecedaf8c7560ba15dfa041b',27.28,'2024-03-21 21:21:26'),(901,'user901','user901@example.com','707feb80cb13a4aee7fe4b237809c75f',934.21,'2024-03-21 21:21:26'),(902,'user902','user902@example.com','aacb2c00c72d434ffe13004faa6dc99b',589.20,'2024-03-21 21:21:26'),(903,'user903','user903@example.com','671967bbed526ada00f7ece699332cd1',143.38,'2024-03-21 21:21:26'),(904,'user904','user904@example.com','2fa69315e154bb6ac938e1098c82bba3',949.31,'2024-03-21 21:21:26'),(905,'user905','user905@example.com','548a0a764edb0ddb097ec87406cd1994',316.39,'2024-03-21 21:21:26'),(906,'user906','user906@example.com','b79f3fc8cd6d6af10af2c2e8dea99039',734.04,'2024-03-21 21:21:26'),(907,'user907','user907@example.com','ac5a99d3d60a9f6a6e6e48e93ae3110c',721.00,'2024-03-21 21:21:26'),(908,'user908','user908@example.com','2f161ebae1db469aa5ca5ae737f712e1',402.92,'2024-03-21 21:21:26'),(909,'user909','user909@example.com','e5ac3a63907a3ad4aa198bb9ea66beeb',851.57,'2024-03-21 21:21:26'),(910,'user910','user910@example.com','91073171bb62196575570610f068f16d',49.10,'2024-03-21 21:21:26'),(911,'user911','user911@example.com','7349a0a5260982c12ac892d90c705c7d',690.78,'2024-03-21 21:21:26'),(912,'user912','user912@example.com','e6c04eb03e10a4e3121475a717b817f0',306.60,'2024-03-21 21:21:26'),(913,'user913','user913@example.com','c262bc1ad36b22da7794ccc494507f7a',460.68,'2024-03-21 21:21:26'),(914,'user914','user914@example.com','beb8d9a658f86813640b02ce4fb95dcf',383.59,'2024-03-21 21:21:26'),(915,'user915','user915@example.com','832c50850e203be448438e9a5a49112a',535.90,'2024-03-21 21:21:26'),(916,'user916','user916@example.com','ac4b7085768982ea3284c63a336c5859',528.74,'2024-03-21 21:21:26'),(917,'user917','user917@example.com','20ca56fb8e91257b0acb67eb77a1606d',36.01,'2024-03-21 21:21:26'),(918,'user918','user918@example.com','930889e46e1ebd8213407154b8049716',593.84,'2024-03-21 21:21:26'),(919,'user919','user919@example.com','15aa2ab028cd775e23582d2aa8126b19',861.16,'2024-03-21 21:21:26'),(920,'user920','user920@example.com','6d715f9ed0aa0c28c6ea3cfffc946c2d',524.29,'2024-03-21 21:21:26'),(921,'user921','user921@example.com','d31660dc6aa3b7f310fa4ebcbb18702d',37.96,'2024-03-21 21:21:26'),(922,'user922','user922@example.com','fd13f420f6ed8f85b0947087bd8eec54',616.93,'2024-03-21 21:21:26'),(923,'user923','user923@example.com','ae7cb8419d6eb220b92ed9b38cf7db93',970.76,'2024-03-21 21:21:26'),(924,'user924','user924@example.com','15de127b42b54998d962e57783cc23bd',3.02,'2024-03-21 21:21:26'),(925,'user925','user925@example.com','bc64cc1cc3565d9dfe6998e7f658763b',102.81,'2024-03-21 21:21:26'),(926,'user926','user926@example.com','bd05fa5c3ff44a2cc995e7c73334feb6',504.99,'2024-03-21 21:21:26'),(927,'user927','user927@example.com','03c33ab76236abd07216844b645a2cf0',216.54,'2024-03-21 21:21:26'),(928,'user928','user928@example.com','aa9558bcde45d769a3a0ad2469edd48d',567.74,'2024-03-21 21:21:26'),(929,'user929','user929@example.com','e848488d9a2e48775988ec68fd698572',189.05,'2024-03-21 21:21:26'),(930,'user930','user930@example.com','12835ee6f58f5eced8d753713bdda680',242.03,'2024-03-21 21:21:26'),(931,'user931','user931@example.com','6375b47a494cc6a456df6b0b90e3ec78',643.00,'2024-03-21 21:21:26'),(932,'user932','user932@example.com','2b83d2ed6aa73d723ea4a9526fc90a48',488.90,'2024-03-21 21:21:26'),(933,'user933','user933@example.com','f9097bca357853fef7bd20a0ab43f43c',515.50,'2024-03-21 21:21:26'),(934,'user934','user934@example.com','e518b2728c03b925f50a9ceef09d7cf1',110.82,'2024-03-21 21:21:26'),(935,'user935','user935@example.com','d0f69bf52dd2f128830e450728bffac9',7.59,'2024-03-21 21:21:26'),(936,'user936','user936@example.com','97e97b5921ff70230a912d98aa30aedd',705.49,'2024-03-21 21:21:26'),(937,'user937','user937@example.com','ecd5b29ef2b66c7fc4ed89ed70dc3456',504.67,'2024-03-21 21:21:26'),(938,'user938','user938@example.com','56351f7a4cca6bf1605ff38a198b813d',406.87,'2024-03-21 21:21:26'),(939,'user939','user939@example.com','59f79bafc3dacce439c5e35064cf4bd3',520.34,'2024-03-21 21:21:26'),(940,'user940','user940@example.com','2fff5ef2a1c6fde9f1a53c22bcdeae64',381.11,'2024-03-21 21:21:26'),(941,'user941','user941@example.com','424a7a20014658f8db65d98130b9d7b6',344.51,'2024-03-21 21:21:26'),(942,'user942','user942@example.com','bbe05198224a587ee44d0f56a0e13330',579.21,'2024-03-21 21:21:26'),(943,'user943','user943@example.com','f97a51ecdcad10c240002534fed1c009',862.55,'2024-03-21 21:21:26'),(944,'user944','user944@example.com','a2f31a055b9a9be732054346b773e2db',575.13,'2024-03-21 21:21:26'),(945,'user945','user945@example.com','d119e1994f1752fea19798c673d29884',287.97,'2024-03-21 21:21:26'),(946,'user946','user946@example.com','d54ec1a69728ab4ba72077fe3eaded9f',714.46,'2024-03-21 21:21:26'),(947,'user947','user947@example.com','89399ff6e50921995b6ea0cbeccbf66a',708.38,'2024-03-21 21:21:26'),(948,'user948','user948@example.com','2626d561c1ac88b95f046bc02c023c44',398.51,'2024-03-21 21:21:26'),(949,'user949','user949@example.com','1cf0dc670710e7112d544edc61b30be9',867.44,'2024-03-21 21:21:26'),(950,'user950','user950@example.com','e0a72efe655ca69bcf6d5b539da664e5',141.68,'2024-03-21 21:21:26'),(951,'user951','user951@example.com','e195c54bac461154f33b8c225b0a8d42',106.06,'2024-03-21 21:21:26'),(952,'user952','user952@example.com','76d6eb7d1b1fa1b563e0017f346eb540',105.27,'2024-03-21 21:21:26'),(953,'user953','user953@example.com','6186dc01f1e74210bfe734df43f5abcd',208.18,'2024-03-21 21:21:26'),(954,'user954','user954@example.com','1e9dace352d462c571eb4bf6cebd1fa8',725.09,'2024-03-21 21:21:26'),(955,'user955','user955@example.com','8c84d3036c5e371abb6c0f187fc49ed9',0.91,'2024-03-21 21:21:26'),(956,'user956','user956@example.com','0607af544a1a9e46578add13c38f802c',829.29,'2024-03-21 21:21:26'),(957,'user957','user957@example.com','93f9696d8c89286d8fb55bdf1d698fae',143.69,'2024-03-21 21:21:26'),(958,'user958','user958@example.com','4e3518f9020fd649155787393f5655e8',230.59,'2024-03-21 21:21:26'),(959,'user959','user959@example.com','e13090cd5477375ee44b5a316acd8390',721.88,'2024-03-21 21:21:26'),(960,'user960','user960@example.com','dd0bcc5793a80603cd1c1379c165ff59',917.61,'2024-03-21 21:21:26'),(961,'user961','user961@example.com','746717e57566d92cdb90e286529b93f4',422.44,'2024-03-21 21:21:26'),(962,'user962','user962@example.com','3c6c4959e6b117d37702599b98abbba2',359.38,'2024-03-21 21:21:26'),(963,'user963','user963@example.com','06089a088d64610286c748849789ba9f',529.55,'2024-03-21 21:21:26'),(964,'user964','user964@example.com','4923e59312618238f10136c73be95854',569.61,'2024-03-21 21:21:26'),(965,'user965','user965@example.com','ea275efe657b9a88f48d2f97511248d3',259.42,'2024-03-21 21:21:26'),(966,'user966','user966@example.com','9a3d0a28258af1cc25b7a23f7b59cc31',588.27,'2024-03-21 21:21:26'),(967,'user967','user967@example.com','995edf354cd4d4101223dc146a615009',163.07,'2024-03-21 21:21:26'),(968,'user968','user968@example.com','7601cf72f2b7969cee7d42c8beb27304',50.53,'2024-03-21 21:21:26'),(969,'user969','user969@example.com','5e89d9ea9d4405dc57fcf2eae4a382fd',763.46,'2024-03-21 21:21:26'),(970,'user970','user970@example.com','297d612e8d3a7dbf110f0fd3951bc7f7',665.69,'2024-03-21 21:21:26'),(971,'user971','user971@example.com','4451b3a5f00cf9de78654ddfbb8c68ef',38.08,'2024-03-21 21:21:26'),(972,'user972','user972@example.com','a0ecd43155aa7c386144277e6e2bf271',193.35,'2024-03-21 21:21:26'),(973,'user973','user973@example.com','8b63dc2b125089724b5d654485f70680',852.50,'2024-03-21 21:21:26'),(974,'user974','user974@example.com','1cb875a0ff2826eadd4424e507550768',682.44,'2024-03-21 21:21:26'),(975,'user975','user975@example.com','7c9ba025f5dc1bcaec68d855728dd31c',854.72,'2024-03-21 21:21:26'),(976,'user976','user976@example.com','1b1fd2935644237813538cabc05a5e16',226.29,'2024-03-21 21:21:26'),(977,'user977','user977@example.com','7886105fddcf3e9045f728c7c4ea344b',567.26,'2024-03-21 21:21:26'),(978,'user978','user978@example.com','0fd08f42ca1377532d06d318bce016c1',157.45,'2024-03-21 21:21:26'),(979,'user979','user979@example.com','3a6ecf67741cf1f5ecd45af4206c2a11',85.46,'2024-03-21 21:21:26'),(980,'user980','user980@example.com','b66c5d36c6af6cee411101908dfea148',954.97,'2024-03-21 21:21:26'),(981,'user981','user981@example.com','21319d60aa931ec737d5e3323b6f2cd5',518.47,'2024-03-21 21:21:26'),(982,'user982','user982@example.com','7d6692f4e9966903a984bc746510d1f5',727.44,'2024-03-21 21:21:26'),(983,'user983','user983@example.com','9e39c78e97829a846be4d67d8b98d920',81.78,'2024-03-21 21:21:26'),(984,'user984','user984@example.com','299b2d1c33251f347d9f9148af10b7c6',226.57,'2024-03-21 21:21:26'),(985,'user985','user985@example.com','4c4e922f752ab8b81da65f2a848b5d50',887.54,'2024-03-21 21:21:26'),(986,'user986','user986@example.com','f7caae7993cc9540db93530a982274fe',757.95,'2024-03-21 21:21:26'),(987,'user987','user987@example.com','a6dddd6eb6098b00e167d1ee89b1385a',127.17,'2024-03-21 21:21:26'),(988,'user988','user988@example.com','3c9a3ec3302bdabe2ee05ade90739c7b',361.97,'2024-03-21 21:21:26'),(989,'user989','user989@example.com','26987a3080becb7577e367c3e651030f',428.34,'2024-03-21 21:21:26'),(990,'user990','user990@example.com','19c61108c7a0fc8cfaf17b8815e4cd2f',55.82,'2024-03-21 21:21:26'),(991,'user991','user991@example.com','d60803c7725c86a7cb7440a259c7e1d0',994.05,'2024-03-21 21:21:26'),(992,'user992','user992@example.com','ef6c60a164bfe6176d142f9a2680979e',802.82,'2024-03-21 21:21:26'),(993,'user993','user993@example.com','d54ceba49416a3c25098c3acd9e9929b',31.94,'2024-03-21 21:21:26'),(994,'user994','user994@example.com','8e85baec3c3b19f885b5732a9951808a',751.23,'2024-03-21 21:21:26'),(995,'user995','user995@example.com','11865d771e40a708d7f42e41dc195b77',660.35,'2024-03-21 21:21:26'),(996,'user996','user996@example.com','7fe9edd9ef84977c2d3e3bedbbea493d',48.06,'2024-03-21 21:21:26'),(997,'user997','user997@example.com','6749ef9443e816aece973f7fdc3a8863',259.26,'2024-03-21 21:21:26'),(998,'user998','user998@example.com','fd3c17369674e9bd7b0694de64016e3a',152.11,'2024-03-21 21:21:26'),(999,'user999','user999@example.com','d0bed39fb5b7ff2f2ff87a3c0c6675f8',982.75,'2024-03-21 21:21:26'),(1000,'user1000','user1000@example.com','e2559927016276b8f01e7b13de6d5c41',457.44,'2024-03-21 21:21:26');
/*!40000 ALTER TABLE `users` ENABLE KEYS */;
UNLOCK TABLES;
/*!40103 SET TIME_ZONE=@OLD_TIME_ZONE */;

/*!40101 SET SQL_MODE=@OLD_SQL_MODE */;
/*!40014 SET FOREIGN_KEY_CHECKS=@OLD_FOREIGN_KEY_CHECKS */;
/*!40014 SET UNIQUE_CHECKS=@OLD_UNIQUE_CHECKS */;
/*!40101 SET CHARACTER_SET_CLIENT=@OLD_CHARACTER_SET_CLIENT */;
/*!40101 SET CHARACTER_SET_RESULTS=@OLD_CHARACTER_SET_RESULTS */;
/*!40101 SET COLLATION_CONNECTION=@OLD_COLLATION_CONNECTION */;
/*!40111 SET SQL_NOTES=@OLD_SQL_NOTES */;

-- Dump completed on 2024-04-26 23:19:45
